Date,Hospital_ID,Hospital_Name,City,State,Disease_Type,Season,Patient_Count,ICU_Required,Beds_Required,Available_Beds,Oxygen_Cylinders_Required,Doctors_Required,Nurses_Required,Ventilators_Required,Medicine_1,Medicine_2,Medicine_3,Medicine_Units_Required,Occupancy_Rate,Emergency_Level
2024-01-01,1079,Deleon LLC Hospital,South Maureenmouth,Hawaii,0,0,483,111,316,502,143,41,74,43,Remdesivir,Paracetamol,Oxygen Support,2415,62.95,1
2024-01-02,1050,Bush-Waters Hospital,Lake Alyssa,Delaware,1,1,451,63,391,371,98,28,75,33,ORS,Platelets,Paracetamol,1353,105.39,0
2024-01-03,1061,Matthews Inc Hospital,New Kevinview,Hawaii,2,2,249,26,205,576,89,14,71,18,Paracetamol,Azithromycin,Vitamin C,1245,35.59,1
2024-01-04,1006,Harris-Martinez Hospital,Longburgh,Georgia,5,1,458,85,408,443,210,32,77,51,Ciprofloxacin,Azithromycin,ORS,2290,92.1,0
2024-01-05,1046,Henson LLC Hospital,Lauraville,New Jersey,2,2,227,55,139,374,99,20,65,22,Paracetamol,Azithromycin,Vitamin C,1135,37.17,1
2024-01-06,1091,"Wright, Larson and James Hospital",Port Crystalhaven,New York,5,0,460,41,365,354,179,49,74,27,Ciprofloxacin,Azithromycin,ORS,1380,103.11,0
2024-01-07,1040,Morales-Flores Hospital,Lisabury,Alabama,1,2,414,34,336,219,140,42,101,17,ORS,Platelets,Paracetamol,1242,153.42,0
2024-01-08,1029,Roberts Ltd Hospital,Allenberg,Alaska,0,2,382,39,289,298,106,20,82,17,Remdesivir,Paracetamol,Oxygen Support,1910,96.98,0
2024-01-09,1082,Gray and Sons Hospital,Jerryport,Arkansas,4,0,271,60,194,234,57,18,59,18,Amoxicillin,Azithromycin,Cough Syrup,542,82.91,2
2024-01-10,1029,"Payne, Johnson and Ortega Hospital",Port Albert,Louisiana,5,2,119,12,108,414,40,11,29,6,Ciprofloxacin,Azithromycin,ORS,238,26.09,1
2024-01-11,1066,Wells-Robinson Hospital,Lake Arthurburgh,Arkansas,1,0,305,76,248,316,73,30,75,41,ORS,Platelets,Paracetamol,915,78.48,2
2024-01-12,1021,Huber-Anderson Hospital,North Kristina,North Carolina,0,1,343,54,276,385,131,26,74,31,Remdesivir,Paracetamol,Oxygen Support,1029,71.69,2
2024-01-13,1003,Rocha Ltd Hospital,Juliaview,Washington,2,0,481,116,311,360,141,33,76,70,Paracetamol,Azithromycin,Vitamin C,2405,86.39,0
2024-01-14,1079,Hamilton Inc Hospital,Robertmouth,North Carolina,4,0,484,90,431,528,126,24,141,31,Amoxicillin,Azithromycin,Cough Syrup,1936,81.63,2
2024-01-15,1073,Brown Group Hospital,South Mariahville,Oregon,4,2,265,29,251,108,122,16,40,14,Amoxicillin,Azithromycin,Cough Syrup,795,232.41,0
2024-01-16,1045,"Bernard, Abbott and Hart Hospital",Donaldchester,Kansas,3,2,262,62,232,168,127,23,46,48,Chloroquine,Artemisinin,Primaquine,1048,138.1,0
2024-01-17,1094,Sanchez-Morse Hospital,Sparksside,Louisiana,1,2,295,41,274,384,66,34,82,25,ORS,Platelets,Paracetamol,590,71.35,2
2024-01-18,1016,Peterson-Estes Hospital,Walterton,Massachusetts,0,2,278,67,244,173,74,29,66,40,Remdesivir,Paracetamol,Oxygen Support,556,141.04,0
2024-01-19,1026,"Brown, Steele and Wilson Hospital",Wardberg,Florida,1,2,486,119,334,198,239,38,112,52,ORS,Platelets,Paracetamol,972,168.69,0
2024-01-20,1020,Molina and Sons Hospital,Bowmantown,Oregon,1,0,170,38,147,400,47,16,42,27,ORS,Platelets,Paracetamol,340,36.75,1
2024-01-21,1019,Cabrera-Shaw Hospital,Elizabethfort,New Jersey,2,2,447,78,366,245,164,46,131,46,Paracetamol,Azithromycin,Vitamin C,1341,149.39,0
2024-01-22,1079,Mills Group Hospital,Port Michaelland,Nebraska,3,1,423,95,346,451,99,43,117,54,Chloroquine,Artemisinin,Primaquine,1269,76.72,2
2024-01-23,1079,Davidson Inc Hospital,Lake Michael,Minnesota,2,0,95,21,79,349,41,6,23,15,Paracetamol,Azithromycin,Vitamin C,190,22.64,1
2024-01-24,1021,"Wright, Garza and Jackson Hospital",Charleneport,Indiana,1,0,451,84,344,379,211,35,74,65,ORS,Platelets,Paracetamol,902,90.77,0
2024-01-25,1061,"Christian, Arroyo and Porter Hospital",Lake Jose,South Carolina,5,1,54,7,32,176,23,3,10,5,Ciprofloxacin,Azithromycin,ORS,108,18.18,1
2024-01-26,1069,Carr PLC Hospital,Wigginsside,Mississippi,5,1,312,59,248,531,121,27,74,29,Ciprofloxacin,Azithromycin,ORS,1248,46.7,1
2024-01-27,1021,Davis Group Hospital,East Kevinborough,Indiana,4,2,424,104,321,518,170,25,109,36,Amoxicillin,Azithromycin,Cough Syrup,1696,61.97,1
2024-01-28,1093,Christensen-Baker Hospital,Woodsborough,West Virginia,5,1,158,31,111,317,59,15,33,19,Ciprofloxacin,Azithromycin,ORS,316,35.02,1
2024-01-29,1010,"Smith, Howell and Harris Hospital",Georgeside,Idaho,0,0,243,20,191,393,92,26,40,7,Remdesivir,Paracetamol,Oxygen Support,972,48.6,1
2024-01-30,1069,"Horn, Robertson and Brown Hospital",Port Patrick,New York,4,1,143,35,106,400,50,12,37,22,Amoxicillin,Azithromycin,Cough Syrup,572,26.5,1
2024-01-31,1014,Jackson-Goodman Hospital,Lake Jefferyburgh,West Virginia,3,2,165,29,118,494,75,17,32,21,Chloroquine,Artemisinin,Primaquine,825,23.89,1
2024-02-01,1059,Ramos-Thomas Hospital,Harrisonchester,Georgia,4,2,341,37,228,304,69,20,95,20,Amoxicillin,Azithromycin,Cough Syrup,1705,75.0,2
2024-02-02,1031,Campbell-Nielsen Hospital,Port Angela,Georgia,0,2,336,49,319,208,74,32,68,24,Remdesivir,Paracetamol,Oxygen Support,1680,153.37,0
2024-02-03,1069,"Schmidt, Khan and Bell Hospital",Gregorymouth,Tennessee,3,0,264,40,174,369,87,23,59,20,Chloroquine,Artemisinin,Primaquine,792,47.15,1
2024-02-04,1001,Barnett Group Hospital,East Michael,Virginia,0,1,449,39,397,120,146,34,92,23,Remdesivir,Paracetamol,Oxygen Support,1796,330.83,0
2024-02-05,1045,Rodriguez-Torres Hospital,Fowlertown,North Dakota,3,1,242,48,218,532,66,13,60,25,Chloroquine,Artemisinin,Primaquine,968,40.98,1
2024-02-06,1032,Kim and Sons Hospital,Erichaven,Arkansas,3,0,242,28,205,205,105,17,53,13,Chloroquine,Artemisinin,Primaquine,1210,100.0,0
2024-02-07,1073,"Delacruz, Rhodes and Williams Hospital",Bryanberg,Michigan,1,0,193,18,141,246,71,15,50,6,ORS,Platelets,Paracetamol,386,57.32,1
2024-02-08,1078,Garcia PLC Hospital,Kennedychester,Alaska,1,0,266,62,213,230,66,29,69,28,ORS,Platelets,Paracetamol,1330,92.61,0
2024-02-09,1040,Ramos-Jackson Hospital,Kerryton,Nevada,1,2,98,23,64,408,32,7,28,14,ORS,Platelets,Paracetamol,490,15.69,1
2024-02-10,1017,Jimenez-Davis Hospital,Port Melissamouth,Minnesota,3,0,462,71,359,445,178,53,119,34,Chloroquine,Artemisinin,Primaquine,924,80.67,2
2024-02-11,1081,Stewart-Harris Hospital,West Kenneth,Rhode Island,4,0,238,31,202,484,95,19,58,9,Amoxicillin,Azithromycin,Cough Syrup,1190,41.74,1
2024-02-12,1027,"Kelley, Phillips and Santos Hospital",South Michael,Kansas,3,1,144,26,88,134,44,9,27,10,Chloroquine,Artemisinin,Primaquine,432,65.67,2
2024-02-13,1089,"Gomez, Bowers and Chapman Hospital",Klineport,California,2,2,86,14,53,128,22,5,16,7,Paracetamol,Azithromycin,Vitamin C,258,41.41,1
2024-02-14,1061,Rice and Sons Hospital,Ellisshire,Montana,1,1,477,38,398,515,210,48,94,15,ORS,Platelets,Paracetamol,1908,77.28,2
2024-02-15,1001,Williams-Stout Hospital,West Jaime,Kansas,1,2,411,69,388,264,194,42,77,27,ORS,Platelets,Paracetamol,1644,146.97,0
2024-02-16,1011,Ewing-Douglas Hospital,Andersonton,South Dakota,5,2,60,13,45,511,26,5,13,9,Ciprofloxacin,Azithromycin,ORS,300,8.81,1
2024-02-17,1096,Chaney-Simon Hospital,West Kellyshire,Kansas,2,0,287,64,235,387,59,16,69,28,Paracetamol,Azithromycin,Vitamin C,574,60.72,1
2024-02-18,1089,"Smith, Tate and Howard Hospital",Brighthaven,North Carolina,1,1,178,36,141,242,62,18,46,16,ORS,Platelets,Paracetamol,356,58.26,1
2024-02-19,1094,Shah-King Hospital,Jamieville,Tennessee,2,0,192,44,150,521,92,18,57,26,Paracetamol,Azithromycin,Vitamin C,384,28.79,1
2024-02-20,1009,Jones Inc Hospital,Savagechester,Nevada,3,1,418,57,367,109,146,29,122,27,Chloroquine,Artemisinin,Primaquine,2090,336.7,0
2024-02-21,1045,Hernandez-Rivera Hospital,Larsonstad,Vermont,5,2,97,20,60,150,34,5,21,11,Ciprofloxacin,Azithromycin,ORS,485,40.0,1
2024-02-22,1016,Stone-Thompson Hospital,Vargasport,Indiana,0,0,300,51,185,271,84,19,67,36,Remdesivir,Paracetamol,Oxygen Support,1500,68.27,2
2024-02-23,1016,"Abbott, Fleming and Lewis Hospital",Brownhaven,Oklahoma,2,2,128,11,84,117,57,6,27,3,Paracetamol,Azithromycin,Vitamin C,384,71.79,2
2024-02-24,1023,James PLC Hospital,Jillmouth,Maryland,2,1,225,35,145,302,51,11,55,25,Paracetamol,Azithromycin,Vitamin C,675,48.01,1
2024-02-25,1020,"Morgan, Moore and Hudson Hospital",Port Danny,Indiana,3,1,435,99,287,327,102,23,69,39,Chloroquine,Artemisinin,Primaquine,1740,87.77,0
2024-02-26,1091,Rivas-Fisher Hospital,Port Ashley,Colorado,0,1,458,93,281,471,110,54,100,62,Remdesivir,Paracetamol,Oxygen Support,2290,59.66,1
2024-02-27,1075,"Bailey, Lin and Harris Hospital",South Jameschester,Tennessee,3,0,277,45,205,140,82,20,76,14,Chloroquine,Artemisinin,Primaquine,1108,146.43,0
2024-02-28,1010,Mills and Sons Hospital,Palmerborough,Utah,3,2,205,49,126,495,80,18,44,35,Chloroquine,Artemisinin,Primaquine,820,25.45,1
2024-02-29,1021,Sullivan Inc Hospital,Danielleton,New York,2,0,170,21,129,557,74,11,29,10,Paracetamol,Azithromycin,Vitamin C,340,23.16,1
2024-03-01,1034,"Martinez, Chavez and Ramirez Hospital",Michaelmouth,Virginia,3,1,127,11,97,143,41,7,37,7,Chloroquine,Artemisinin,Primaquine,635,67.83,2
2024-03-02,1040,Smith and Sons Hospital,Taylorburgh,Alabama,0,0,336,33,295,515,76,33,55,19,Remdesivir,Paracetamol,Oxygen Support,1008,57.28,1
2024-03-03,1092,Kim-Martinez Hospital,West Carlyberg,New York,2,0,473,61,378,233,229,28,138,39,Paracetamol,Azithromycin,Vitamin C,1419,162.23,0
2024-03-04,1084,"Lewis, Jackson and Bailey Hospital",Johnsonmouth,Rhode Island,5,1,365,55,336,412,85,35,96,17,Ciprofloxacin,Azithromycin,ORS,1460,81.55,2
2024-03-05,1099,Odom-Phillips Hospital,Sharonhaven,Texas,2,2,174,32,119,194,70,12,39,17,Paracetamol,Azithromycin,Vitamin C,522,61.34,1
2024-03-06,1019,Bray-Russell Hospital,Port Christina,Tennessee,0,1,409,89,303,504,103,27,120,49,Remdesivir,Paracetamol,Oxygen Support,2045,60.12,1
2024-03-07,1095,"Serrano, Russell and Morgan Hospital",Debramouth,Washington,3,1,439,86,293,192,199,37,104,62,Chloroquine,Artemisinin,Primaquine,2195,152.6,0
2024-03-08,1065,"Moore, Ford and Wheeler Hospital",Gallegosport,Georgia,2,1,447,75,330,308,173,30,86,52,Paracetamol,Azithromycin,Vitamin C,1341,107.14,0
2024-03-09,1069,Moyer Ltd Hospital,West Robertton,Massachusetts,4,2,225,26,198,427,69,18,58,17,Amoxicillin,Azithromycin,Cough Syrup,1125,46.37,1
2024-03-10,1054,Zuniga PLC Hospital,West Nancy,Wisconsin,0,1,162,38,121,544,49,10,35,22,Remdesivir,Paracetamol,Oxygen Support,486,22.24,1
2024-03-11,1005,Lowe Inc Hospital,Evelynborough,New Hampshire,3,1,424,89,295,285,192,26,74,26,Chloroquine,Artemisinin,Primaquine,1696,103.51,0
2024-03-12,1061,King-Gates Hospital,Brownmouth,Oregon,4,0,248,43,188,566,103,22,40,27,Amoxicillin,Azithromycin,Cough Syrup,744,33.22,1
2024-03-13,1065,"Kim, Brown and Alvarado Hospital",South Bryanville,New Hampshire,4,0,352,78,238,215,138,20,57,33,Amoxicillin,Azithromycin,Cough Syrup,1760,110.7,0
2024-03-14,1026,"Lyons, Gross and Brown Hospital",Lake Michaelberg,Utah,4,0,322,70,242,384,140,22,64,42,Amoxicillin,Azithromycin,Cough Syrup,966,63.02,1
2024-03-15,1018,"Huff, Sherman and Orr Hospital",Moodytown,Montana,4,2,202,38,146,580,84,14,49,22,Amoxicillin,Azithromycin,Cough Syrup,606,25.17,1
2024-03-16,1097,"Reed, Davis and Green Hospital",West Yolanda,Utah,4,1,404,49,313,570,139,20,62,32,Amoxicillin,Azithromycin,Cough Syrup,808,54.91,1
2024-03-17,1055,Simmons-Goodwin Hospital,West Seanview,Colorado,0,1,92,15,87,139,20,5,19,11,Remdesivir,Paracetamol,Oxygen Support,368,62.59,1
2024-03-18,1060,Burgess-Bryant Hospital,Floresport,North Carolina,2,0,480,106,399,261,232,43,96,68,Paracetamol,Azithromycin,Vitamin C,1920,152.87,0
2024-03-19,1023,Johnson Ltd Hospital,New Patriciaberg,Arkansas,0,2,472,58,313,536,196,55,94,31,Remdesivir,Paracetamol,Oxygen Support,944,58.4,1
2024-03-20,1035,Brown-Wallace Hospital,Carrollport,South Dakota,1,1,74,10,61,473,32,6,12,5,ORS,Platelets,Paracetamol,370,12.9,1
2024-03-21,1083,Richardson LLC Hospital,Swansonmouth,Oregon,1,1,97,18,63,331,46,8,27,12,ORS,Platelets,Paracetamol,485,19.03,1
2024-03-22,1058,"Smith, Hartman and Reid Hospital",Port Joshuachester,Alaska,0,2,181,44,148,278,79,14,45,29,Remdesivir,Paracetamol,Oxygen Support,543,53.24,1
2024-03-23,1091,Kim-Johnson Hospital,Port Devinborough,Idaho,1,1,397,83,329,156,82,23,86,63,ORS,Platelets,Paracetamol,1191,210.9,0
2024-03-24,1042,"Wright, Patrick and Rodriguez Hospital",Angelland,Colorado,2,2,90,7,72,100,26,9,23,3,Paracetamol,Azithromycin,Vitamin C,180,72.0,2
2024-03-25,1004,Hernandez-Snyder Hospital,New Patriciaberg,Georgia,4,1,399,96,252,144,121,37,73,45,Amoxicillin,Azithromycin,Cough Syrup,1596,175.0,0
2024-03-26,1007,Lewis-Whitaker Hospital,Rossland,Tennessee,1,1,407,33,288,412,83,33,89,23,ORS,Platelets,Paracetamol,2035,69.9,2
2024-03-27,1034,"Robinson, Carr and Russell Hospital",Lake Ronald,Oklahoma,1,1,482,80,442,457,181,39,85,59,ORS,Platelets,Paracetamol,2410,96.72,0
2024-03-28,1003,"Kelly, Logan and Mcdowell Hospital",Port Brianna,Arizona,4,1,112,21,90,106,44,9,31,15,Amoxicillin,Azithromycin,Cough Syrup,448,84.91,2
2024-03-29,1095,Rivera-Weiss Hospital,Churchland,Washington,3,2,389,54,274,455,185,24,106,38,Chloroquine,Artemisinin,Primaquine,1556,60.22,1
2024-03-30,1021,Nelson and Sons Hospital,Russoside,Florida,2,1,126,16,75,268,62,8,21,5,Paracetamol,Azithromycin,Vitamin C,378,27.99,1
2024-03-31,1061,Coleman and Sons Hospital,Michaelshire,Oklahoma,5,2,325,47,255,402,105,16,59,20,Ciprofloxacin,Azithromycin,ORS,1300,63.43,1
2024-04-01,1059,"Stanley, Jones and Bowen Hospital",New Joseph,Rhode Island,3,1,347,78,299,243,83,29,92,37,Chloroquine,Artemisinin,Primaquine,694,123.05,0
2024-04-02,1098,Maldonado-Fry Hospital,North Frank,Alabama,0,2,67,12,52,246,21,6,19,4,Remdesivir,Paracetamol,Oxygen Support,335,21.14,1
2024-04-03,1038,"Morris, Ware and Williams Hospital",North Kimberly,Michigan,1,0,257,27,195,125,79,30,51,20,ORS,Platelets,Paracetamol,771,156.0,0
2024-04-04,1075,Gonzalez-Bright Hospital,Richardsshire,Minnesota,1,0,207,27,165,344,54,24,49,19,ORS,Platelets,Paracetamol,828,47.97,1
2024-04-05,1012,Rodriguez Inc Hospital,North Kathrynside,New Hampshire,1,2,495,80,342,198,201,46,76,63,ORS,Platelets,Paracetamol,1980,172.73,0
2024-04-06,1069,Garrison-Salazar Hospital,Johnborough,Washington,5,2,384,85,256,147,104,28,60,34,Ciprofloxacin,Azithromycin,ORS,1152,174.15,0
2024-04-07,1099,Johnson-Mayer Hospital,Lake Robert,Missouri,4,1,435,100,380,367,183,42,124,34,Amoxicillin,Azithromycin,Cough Syrup,1740,103.54,0
2024-04-08,1007,"Ramos, Knight and Long Hospital",South Paula,Mississippi,5,2,421,95,333,525,122,27,67,42,Ciprofloxacin,Azithromycin,ORS,1263,63.43,1
2024-04-09,1090,Miller Inc Hospital,Port Brendaburgh,Utah,2,0,311,42,192,321,145,32,73,24,Paracetamol,Azithromycin,Vitamin C,933,59.81,1
2024-04-10,1007,"Wilson, Page and Warner Hospital",New Brian,Rhode Island,0,1,407,85,304,271,149,36,116,44,Remdesivir,Paracetamol,Oxygen Support,1628,112.18,0
2024-04-11,1069,Melendez Group Hospital,West Peter,Hawaii,1,0,402,63,335,596,182,42,74,32,ORS,Platelets,Paracetamol,804,56.21,1
2024-04-12,1098,"Campbell, Kelly and Morris Hospital",South Kaylatown,Virginia,3,1,388,95,342,130,108,24,109,73,Chloroquine,Artemisinin,Primaquine,1940,263.08,0
2024-04-13,1079,"Rivera, Brown and Munoz Hospital",North Kelsey,Michigan,5,1,355,84,296,293,136,42,90,27,Ciprofloxacin,Azithromycin,ORS,1065,101.02,0
2024-04-14,1053,"Rivers, Hogan and Pennington Hospital",Port Courtney,Hawaii,5,1,273,43,247,167,107,22,44,26,Ciprofloxacin,Azithromycin,ORS,1092,147.9,0
2024-04-15,1048,Huffman-Allen Hospital,Andrewport,West Virginia,2,2,170,27,138,587,37,15,37,13,Paracetamol,Azithromycin,Vitamin C,340,23.51,1
2024-04-16,1046,Martin Group Hospital,Port Christina,Kansas,4,1,348,63,291,338,89,40,102,19,Amoxicillin,Azithromycin,Cough Syrup,696,86.09,0
2024-04-17,1060,"Coleman, Hammond and Ramirez Hospital",Rodneyhaven,Colorado,0,2,187,44,164,456,61,10,50,31,Remdesivir,Paracetamol,Oxygen Support,935,35.96,1
2024-04-18,1056,Price-Williamson Hospital,South Tiffanychester,Illinois,4,0,158,25,106,382,36,10,26,7,Amoxicillin,Azithromycin,Cough Syrup,632,27.75,1
2024-04-19,1061,Underwood Inc Hospital,Leahport,Pennsylvania,2,2,327,52,302,478,162,34,92,18,Paracetamol,Azithromycin,Vitamin C,981,63.18,1
2024-04-20,1050,"Reed, Allen and Perkins Hospital",East Alyssafurt,Pennsylvania,0,1,165,25,124,305,57,10,47,9,Remdesivir,Paracetamol,Oxygen Support,330,40.66,1
2024-04-21,1084,Stewart Inc Hospital,North Crystal,Hawaii,2,2,221,28,165,425,66,25,43,8,Paracetamol,Azithromycin,Vitamin C,663,38.82,1
2024-04-22,1074,Thompson Group Hospital,Millerton,Rhode Island,3,2,50,4,33,509,23,5,14,3,Chloroquine,Artemisinin,Primaquine,100,6.48,1
2024-04-23,1064,"Best, Yoder and Bell Hospital",Jenniferbury,Alaska,5,1,286,27,200,348,66,19,73,12,Ciprofloxacin,Azithromycin,ORS,858,57.47,1
2024-04-24,1014,"Daniels, Gibson and Becker Hospital",Port Paul,Alabama,1,2,51,11,37,125,24,4,12,5,ORS,Platelets,Paracetamol,153,29.6,1
2024-04-25,1003,Williams Group Hospital,Port Patrick,Oklahoma,0,1,228,21,175,119,104,14,37,13,Remdesivir,Paracetamol,Oxygen Support,1140,147.06,0
2024-04-26,1053,Vargas PLC Hospital,Danfort,Connecticut,0,0,343,50,231,292,76,34,59,26,Remdesivir,Paracetamol,Oxygen Support,686,79.11,2
2024-04-27,1017,Vasquez-Griffin Hospital,Williambury,Idaho,4,0,388,60,315,156,92,27,92,33,Amoxicillin,Azithromycin,Cough Syrup,776,201.92,0
2024-04-28,1082,Kennedy-Ramirez Hospital,Davidfurt,Virginia,4,2,129,22,89,198,49,6,34,12,Amoxicillin,Azithromycin,Cough Syrup,645,44.95,1
2024-04-29,1032,Butler-King Hospital,Clarkville,Michigan,0,0,500,80,373,271,164,59,75,27,Remdesivir,Paracetamol,Oxygen Support,1500,137.64,0
2024-04-30,1041,"Lewis, Nguyen and Stevens Hospital",East Zachary,Delaware,5,2,440,56,398,207,187,42,71,42,Ciprofloxacin,Azithromycin,ORS,880,192.27,0
2024-05-01,1040,Ware-Wheeler Hospital,Georgeburgh,Rhode Island,0,0,144,19,126,549,69,9,26,6,Remdesivir,Paracetamol,Oxygen Support,432,22.95,1
2024-05-02,1058,Wilson LLC Hospital,Scottstad,Wyoming,0,0,383,65,243,333,112,40,87,28,Remdesivir,Paracetamol,Oxygen Support,766,72.97,2
2024-05-03,1016,Faulkner-Tapia Hospital,Tammyton,Mississippi,0,1,210,47,151,546,92,24,51,23,Remdesivir,Paracetamol,Oxygen Support,1050,27.66,1
2024-05-04,1054,Blake PLC Hospital,Scottshire,North Dakota,0,0,94,7,64,599,32,5,28,3,Remdesivir,Paracetamol,Oxygen Support,188,10.68,1
2024-05-05,1047,"Edwards, Davis and Guzman Hospital",Jameshaven,Indiana,0,2,242,35,189,297,53,24,42,17,Remdesivir,Paracetamol,Oxygen Support,1210,63.64,1
2024-05-06,1050,Peters Ltd Hospital,Walkerview,Texas,4,1,222,28,133,495,78,22,42,17,Amoxicillin,Azithromycin,Cough Syrup,444,26.87,1
2024-05-07,1074,"Middleton, Terrell and Reid Hospital",Richardchester,Delaware,1,1,240,23,182,373,88,25,41,10,ORS,Platelets,Paracetamol,1200,48.79,1
2024-05-08,1043,Smith-Hammond Hospital,Cervantesburgh,Massachusetts,1,1,210,51,176,192,70,13,56,20,ORS,Platelets,Paracetamol,420,91.67,0
2024-05-09,1085,Ingram Ltd Hospital,Wileyborough,Rhode Island,1,2,380,80,244,179,180,30,105,60,ORS,Platelets,Paracetamol,1900,136.31,0
2024-05-10,1001,Gonzalez-Taylor Hospital,North Andrewshire,Alaska,4,1,364,48,259,351,73,37,97,24,Amoxicillin,Azithromycin,Cough Syrup,1820,73.79,2
2024-05-11,1057,Gray LLC Hospital,Markburgh,Maryland,4,0,384,59,348,224,91,25,104,22,Amoxicillin,Azithromycin,Cough Syrup,1152,155.36,0
2024-05-12,1088,"Davis, Brown and Smith Hospital",Romeroborough,Wyoming,0,2,341,28,281,200,148,40,55,15,Remdesivir,Paracetamol,Oxygen Support,1023,140.5,0
2024-05-13,1071,Mitchell PLC Hospital,West Justin,Michigan,3,1,208,39,164,387,69,16,59,20,Chloroquine,Artemisinin,Primaquine,832,42.38,1
2024-05-14,1001,Cannon and Sons Hospital,Hallburgh,Indiana,2,2,257,46,221,327,92,25,70,36,Paracetamol,Azithromycin,Vitamin C,1285,67.58,2
2024-05-15,1033,Bell Group Hospital,Lake Danielhaven,Alabama,3,1,117,27,93,537,47,6,34,14,Chloroquine,Artemisinin,Primaquine,234,17.32,1
2024-05-16,1025,Brown-Aguilar Hospital,Rachelbury,Alaska,0,0,132,30,122,419,38,13,28,19,Remdesivir,Paracetamol,Oxygen Support,660,29.12,1
2024-05-17,1044,Case-Barr Hospital,Jacksonview,Wisconsin,3,2,452,63,414,169,168,25,130,25,Chloroquine,Artemisinin,Primaquine,904,244.97,0
2024-05-18,1045,"Armstrong, Young and Huff Hospital",East Jason,Nebraska,1,1,167,21,115,328,45,16,26,14,ORS,Platelets,Paracetamol,668,35.06,1
2024-05-19,1042,Smith Inc Hospital,Anthonyhaven,Delaware,4,0,339,54,212,285,103,25,58,40,Amoxicillin,Azithromycin,Cough Syrup,1695,74.39,2
2024-05-20,1064,"Petty, Walker and Jacobs Hospital",Smithstad,North Carolina,1,1,185,22,139,360,56,16,48,13,ORS,Platelets,Paracetamol,370,38.61,1
2024-05-21,1051,Webb and Sons Hospital,East Kevin,Pennsylvania,1,1,201,30,163,454,95,15,31,9,ORS,Platelets,Paracetamol,1005,35.9,1
2024-05-22,1086,Nichols-Small Hospital,Jessicaton,Pennsylvania,1,1,492,40,464,211,187,38,122,24,ORS,Platelets,Paracetamol,984,219.91,0
2024-05-23,1063,Thornton and Sons Hospital,New Diamond,California,0,2,267,30,171,266,84,25,46,23,Remdesivir,Paracetamol,Oxygen Support,1068,64.29,1
2024-05-24,1022,Parrish-Howard Hospital,Lake Derrick,New Mexico,2,1,176,19,135,560,37,14,27,7,Paracetamol,Azithromycin,Vitamin C,704,24.11,1
2024-05-25,1023,Weber Inc Hospital,Paulland,Illinois,2,1,280,37,215,464,77,21,60,21,Paracetamol,Azithromycin,Vitamin C,840,46.34,1
2024-05-26,1008,"Weaver, Evans and Taylor Hospital",Duranburgh,New Jersey,5,2,382,33,272,105,122,41,78,23,Ciprofloxacin,Azithromycin,ORS,1910,259.05,0
2024-05-27,1053,"Sparks, Carney and Baker Hospital",Brianburgh,Mississippi,3,2,455,56,424,126,133,41,69,34,Chloroquine,Artemisinin,Primaquine,1365,336.51,0
2024-05-28,1018,Hoffman Group Hospital,Padillahaven,West Virginia,4,0,212,43,162,592,82,11,32,17,Amoxicillin,Azithromycin,Cough Syrup,636,27.36,1
2024-05-29,1049,Nolan LLC Hospital,East Emilychester,Nevada,3,0,245,40,168,358,95,19,55,21,Chloroquine,Artemisinin,Primaquine,490,46.93,1
2024-05-30,1026,Moore LLC Hospital,Johnmouth,Arizona,1,1,178,42,159,386,85,10,36,29,ORS,Platelets,Paracetamol,712,41.19,1
2024-05-31,1039,Morton LLC Hospital,Hallton,West Virginia,0,2,149,34,134,293,72,11,30,18,Remdesivir,Paracetamol,Oxygen Support,447,45.73,1
2024-06-01,1060,"Walter, Jacobson and Harmon Hospital",Michaelton,California,3,2,278,49,177,343,89,28,83,30,Chloroquine,Artemisinin,Primaquine,1390,51.6,1
2024-06-02,1075,Gray Group Hospital,New April,New Jersey,2,2,128,23,105,335,35,15,36,9,Paracetamol,Azithromycin,Vitamin C,512,31.34,1
2024-06-03,1028,Flores and Sons Hospital,Johnsonchester,Hawaii,1,2,375,36,293,203,182,26,78,21,ORS,Platelets,Paracetamol,1875,144.33,0
2024-06-04,1096,"Ferguson, Morales and Chavez Hospital",Ianside,Colorado,3,2,370,72,330,205,106,29,100,31,Chloroquine,Artemisinin,Primaquine,1110,160.98,0
2024-06-05,1093,Johnson-Fisher Hospital,Hollystad,Kentucky,1,2,425,37,389,109,192,42,98,26,ORS,Platelets,Paracetamol,1275,356.88,0
2024-06-06,1007,Brown and Sons Hospital,Lindseyville,New Hampshire,1,1,382,47,267,118,97,25,90,28,ORS,Platelets,Paracetamol,1528,226.27,0
2024-06-07,1042,Collins-Walsh Hospital,Lake Nancyside,South Dakota,4,1,219,32,135,261,94,11,52,24,Amoxicillin,Azithromycin,Cough Syrup,876,51.72,1
2024-06-08,1022,Fuller PLC Hospital,Tiffanymouth,New Hampshire,1,1,263,59,178,271,104,27,47,20,ORS,Platelets,Paracetamol,1315,65.68,2
2024-06-09,1053,Crawford-Butler Hospital,Lake Natashahaven,Virginia,5,1,351,63,320,497,137,22,79,37,Ciprofloxacin,Azithromycin,ORS,1755,64.39,1
2024-06-10,1017,"Nelson, Guzman and Benson Hospital",Maryborough,Arkansas,5,2,147,18,132,492,56,15,23,8,Ciprofloxacin,Azithromycin,ORS,735,26.83,1
2024-06-11,1059,"Hurst, Robbins and Thornton Hospital",Morganburgh,Mississippi,2,1,435,87,303,260,118,42,93,26,Paracetamol,Azithromycin,Vitamin C,1740,116.54,0
2024-06-12,1041,Best Group Hospital,Maryton,Delaware,3,2,182,43,130,582,65,21,37,16,Chloroquine,Artemisinin,Primaquine,728,22.34,1
2024-06-13,1035,Kelley-Lester Hospital,Richardsmouth,Massachusetts,1,2,278,24,234,488,117,14,74,18,ORS,Platelets,Paracetamol,834,47.95,1
2024-06-14,1029,"Williams, Owens and Lopez Hospital",Bentleyside,Mississippi,1,1,434,100,354,287,210,23,113,77,ORS,Platelets,Paracetamol,868,123.34,0
2024-06-15,1022,"Burns, Barnett and Carter Hospital",Reedburgh,Minnesota,0,1,167,15,154,380,47,16,46,10,Remdesivir,Paracetamol,Oxygen Support,835,40.53,1
2024-06-16,1089,Dickerson-Crane Hospital,Williamsbury,Hawaii,4,2,499,90,401,445,177,43,123,47,Amoxicillin,Azithromycin,Cough Syrup,1996,90.11,0
2024-06-17,1028,"Jackson, Allen and Rhodes Hospital",Lake Nicholasfurt,North Carolina,0,2,130,27,80,487,53,13,19,9,Remdesivir,Paracetamol,Oxygen Support,650,16.43,1
2024-06-18,1026,"Adams, Johnson and Bell Hospital",Lauraland,New Hampshire,4,2,200,20,185,272,95,17,46,7,Amoxicillin,Azithromycin,Cough Syrup,800,68.01,2
2024-06-19,1063,"Wade, Petersen and Goodwin Hospital",East Rachelstad,Ohio,1,0,222,20,170,338,106,17,62,11,ORS,Platelets,Paracetamol,444,50.3,1
2024-06-20,1081,"Cook, Pope and Poole Hospital",Brandonmouth,Iowa,3,1,375,88,257,467,101,24,67,55,Chloroquine,Artemisinin,Primaquine,1500,55.03,1
2024-06-21,1047,Smith-Valdez Hospital,Caseyshire,South Carolina,2,2,415,49,270,404,160,34,97,29,Paracetamol,Azithromycin,Vitamin C,1660,66.83,2
2024-06-22,1077,"Costa, White and Miller Hospital",Navarrotown,Maryland,3,1,176,26,120,138,69,15,30,17,Chloroquine,Artemisinin,Primaquine,352,86.96,0
2024-06-23,1067,Nolan PLC Hospital,Lake Edwin,Utah,0,0,310,39,216,148,104,26,64,29,Remdesivir,Paracetamol,Oxygen Support,620,145.95,0
2024-06-24,1018,Johnson LLC Hospital,Espinozaburgh,California,0,1,94,9,59,120,46,4,26,7,Remdesivir,Paracetamol,Oxygen Support,376,49.17,1
2024-06-25,1029,Nelson Group Hospital,Kellychester,South Carolina,5,0,392,44,262,431,120,40,94,29,Ciprofloxacin,Azithromycin,ORS,1176,60.79,1
2024-06-26,1055,Sandoval-Barnes Hospital,Kennethside,New Jersey,1,2,418,41,348,234,86,39,113,25,ORS,Platelets,Paracetamol,1672,148.72,0
2024-06-27,1027,Gates PLC Hospital,West David,Missouri,5,2,214,36,159,482,55,13,57,15,Ciprofloxacin,Azithromycin,ORS,856,32.99,1
2024-06-28,1016,"Hernandez, Manning and Mcdonald Hospital",Lake Barbara,New Jersey,5,2,425,86,279,195,92,45,82,61,Ciprofloxacin,Azithromycin,ORS,2125,143.08,0
2024-06-29,1064,Lambert Ltd Hospital,Alyssaburgh,Louisiana,0,2,296,50,210,541,126,27,80,29,Remdesivir,Paracetamol,Oxygen Support,592,38.82,1
2024-06-30,1061,Hutchinson-Johnson Hospital,West Kelsey,New Hampshire,0,0,363,80,333,190,124,19,85,37,Remdesivir,Paracetamol,Oxygen Support,1815,175.26,0
2024-07-01,1031,"Sloan, Fox and Briggs Hospital",Michaelmouth,Arkansas,0,2,432,103,293,309,110,35,123,43,Remdesivir,Paracetamol,Oxygen Support,1728,94.82,0
2024-07-02,1044,"Ray, Pace and Stein Hospital",North Russell,Kansas,3,1,307,27,258,337,91,25,47,20,Chloroquine,Artemisinin,Primaquine,1535,76.56,2
2024-07-03,1082,"Massey, Hall and Mcdonald Hospital",Patriciabury,Rhode Island,3,0,305,46,206,544,82,25,52,24,Chloroquine,Artemisinin,Primaquine,610,37.87,1
2024-07-04,1061,Simpson-Schmidt Hospital,Lake Elaine,West Virginia,1,1,372,32,343,135,160,39,62,21,ORS,Platelets,Paracetamol,1116,254.07,0
2024-07-05,1000,Smith LLC Hospital,New Coryville,New Hampshire,0,2,330,70,265,255,161,16,76,35,Remdesivir,Paracetamol,Oxygen Support,1650,103.92,0
2024-07-06,1023,Wu-Morrow Hospital,New John,North Dakota,4,0,87,11,66,130,18,8,20,6,Amoxicillin,Azithromycin,Cough Syrup,435,50.77,1
2024-07-07,1079,"Shelton, Reed and Peters Hospital",Dominicton,Arizona,5,0,358,84,230,156,162,40,56,52,Ciprofloxacin,Azithromycin,ORS,1074,147.44,0
2024-07-08,1081,"Garcia, Nolan and Coleman Hospital",Grahamstad,Illinois,3,2,55,9,35,592,27,3,16,4,Chloroquine,Artemisinin,Primaquine,275,5.91,1
2024-07-09,1020,Morgan and Sons Hospital,East Brittanybury,Indiana,3,0,281,50,207,401,114,27,60,36,Chloroquine,Artemisinin,Primaquine,562,51.62,1
2024-07-10,1064,Hooper-Craig Hospital,Davisport,Nebraska,2,2,122,21,73,565,52,6,27,15,Paracetamol,Azithromycin,Vitamin C,244,12.92,1
2024-07-11,1045,Castillo Inc Hospital,East Roberttown,Michigan,5,2,309,26,266,566,70,20,50,17,Ciprofloxacin,Azithromycin,ORS,1236,47.0,1
2024-07-12,1075,Watson Group Hospital,Port Melissa,Wisconsin,4,2,464,58,314,268,151,36,116,19,Amoxicillin,Azithromycin,Cough Syrup,1392,117.16,0
2024-07-13,1078,"Lee, Adams and Smith Hospital",Christianmouth,Alabama,2,2,123,17,90,381,34,8,28,12,Paracetamol,Azithromycin,Vitamin C,246,23.62,1
2024-07-14,1030,Holloway Inc Hospital,East Heather,Hawaii,4,1,374,39,265,184,159,43,58,20,Amoxicillin,Azithromycin,Cough Syrup,1870,144.02,0
2024-07-15,1091,"Guzman, Macdonald and Chaney Hospital",Oconnorland,Arkansas,5,1,286,39,238,428,62,33,73,30,Ciprofloxacin,Azithromycin,ORS,858,55.61,1
2024-07-16,1062,Robinson-Diaz Hospital,Stephanieborough,North Carolina,1,1,97,20,68,260,22,10,25,13,ORS,Platelets,Paracetamol,388,26.15,1
2024-07-17,1035,"Brown, Savage and Murphy Hospital",Shortmouth,Oklahoma,0,1,252,25,156,421,54,27,67,10,Remdesivir,Paracetamol,Oxygen Support,756,37.05,1
2024-07-18,1008,"Brown, Preston and Wyatt Hospital",Cooperfort,Massachusetts,5,0,489,99,324,200,223,36,115,44,Ciprofloxacin,Azithromycin,ORS,1956,162.0,0
2024-07-19,1053,Robertson-Lopez Hospital,New David,Maine,5,1,117,19,102,586,38,10,31,9,Ciprofloxacin,Azithromycin,ORS,351,17.41,1
2024-07-20,1001,Nicholson Inc Hospital,Virginialand,Ohio,5,1,486,40,321,386,136,35,74,12,Ciprofloxacin,Azithromycin,ORS,1944,83.16,2
2024-07-21,1062,Webster-Wade Hospital,Johnport,Louisiana,0,0,488,118,313,182,199,40,124,57,Remdesivir,Paracetamol,Oxygen Support,976,171.98,0
2024-07-22,1062,Adams PLC Hospital,Simpsonborough,Nebraska,2,0,285,36,267,457,130,25,57,11,Paracetamol,Azithromycin,Vitamin C,570,58.42,1
2024-07-23,1036,"Cox, Decker and Williams Hospital",North Olivia,Florida,5,2,398,40,304,235,197,40,66,24,Ciprofloxacin,Azithromycin,ORS,1990,129.36,0
2024-07-24,1000,"Smith, Nguyen and Barrera Hospital",South George,Maryland,0,1,100,24,89,149,35,9,22,10,Remdesivir,Paracetamol,Oxygen Support,500,59.73,1
2024-07-25,1010,Cervantes-Bell Hospital,West Marcusbury,Nevada,4,0,338,59,214,100,78,27,78,26,Amoxicillin,Azithromycin,Cough Syrup,1014,214.0,0
2024-07-26,1081,"Park, Cole and Ruiz Hospital",Michaelburgh,Utah,3,0,401,65,246,193,171,47,116,35,Chloroquine,Artemisinin,Primaquine,802,127.46,0
2024-07-27,1006,"Price, Smith and Walker Hospital",Drakeborough,Kentucky,5,2,191,36,162,127,61,17,40,26,Ciprofloxacin,Azithromycin,ORS,764,127.56,0
2024-07-28,1052,Walker-Zhang Hospital,Port Gabriella,Massachusetts,2,0,312,65,187,245,146,18,73,19,Paracetamol,Azithromycin,Vitamin C,624,76.33,2
2024-07-29,1021,Kerr-Mejia Hospital,North Virginiamouth,California,0,0,102,17,95,438,27,9,19,10,Remdesivir,Paracetamol,Oxygen Support,510,21.69,1
2024-07-30,1082,Cooper-Schwartz Hospital,Port Curtis,West Virginia,4,1,470,47,283,292,106,50,70,25,Amoxicillin,Azithromycin,Cough Syrup,2350,96.92,0
2024-07-31,1088,Leon-Miles Hospital,Hayesfort,Oregon,4,2,317,48,243,202,67,30,47,20,Amoxicillin,Azithromycin,Cough Syrup,951,120.3,0
2024-08-01,1027,"Myers, Dyer and Rodriguez Hospital",New Kenneth,Nevada,1,0,389,42,283,124,151,41,108,20,ORS,Platelets,Paracetamol,1945,228.23,0
2024-08-02,1042,Davis-Taylor Hospital,Heatherchester,Connecticut,5,2,176,33,132,362,37,16,47,22,Ciprofloxacin,Azithromycin,ORS,704,36.46,1
2024-08-03,1002,Joseph-Lewis Hospital,West Randall,Nebraska,3,2,371,62,295,360,173,32,100,27,Chloroquine,Artemisinin,Primaquine,742,81.94,2
2024-08-04,1095,King PLC Hospital,Crawfordborough,Tennessee,1,1,215,42,151,225,63,19,39,21,ORS,Platelets,Paracetamol,645,67.11,2
2024-08-05,1035,Hernandez PLC Hospital,Port Keithton,Montana,2,2,412,33,365,347,139,49,65,20,Paracetamol,Azithromycin,Vitamin C,2060,105.19,0
2024-08-06,1091,"Rojas, Mercado and Coleman Hospital",Leroyburgh,Illinois,0,2,85,11,57,173,26,4,21,6,Remdesivir,Paracetamol,Oxygen Support,340,32.95,1
2024-08-07,1092,"Conley, Bruce and Moreno Hospital",Esteston,Illinois,3,0,139,28,84,471,41,9,33,9,Chloroquine,Artemisinin,Primaquine,417,17.83,1
2024-08-08,1089,Steele-Brooks Hospital,Sanchezberg,Washington,2,1,361,69,329,551,88,31,59,23,Paracetamol,Azithromycin,Vitamin C,722,59.71,1
2024-08-09,1019,Hunter-Butler Hospital,North Christyfurt,Montana,3,0,415,97,319,236,170,43,112,64,Chloroquine,Artemisinin,Primaquine,830,135.17,0
2024-08-10,1016,"Escobar, Stewart and Oneal Hospital",Christineborough,South Carolina,0,2,86,18,65,531,27,6,24,12,Remdesivir,Paracetamol,Oxygen Support,258,12.24,1
2024-08-11,1021,Jones-Ward Hospital,South Abigailshire,Kentucky,3,0,437,42,368,224,179,33,97,26,Chloroquine,Artemisinin,Primaquine,1311,164.29,0
2024-08-12,1076,"Jones, Barnes and Ramirez Hospital",New Ronaldville,New Jersey,5,1,326,35,269,313,98,37,76,16,Ciprofloxacin,Azithromycin,ORS,1304,85.94,0
2024-08-13,1048,Conley-Edwards Hospital,Linmouth,New Hampshire,4,0,208,28,131,165,93,19,44,8,Amoxicillin,Azithromycin,Cough Syrup,832,79.39,2
2024-08-14,1075,Osborne-Simpson Hospital,West Madisonborough,Wisconsin,3,1,106,24,79,212,40,10,17,11,Chloroquine,Artemisinin,Primaquine,212,37.26,1
2024-08-15,1100,Hammond Ltd Hospital,Nicholasfurt,Rhode Island,0,2,359,35,326,497,156,22,83,21,Remdesivir,Paracetamol,Oxygen Support,1795,65.59,2
2024-08-16,1088,Richardson-Brown Hospital,Hooperland,Maine,5,1,332,56,260,210,84,27,54,28,Ciprofloxacin,Azithromycin,ORS,664,123.81,0
2024-08-17,1056,"Garcia, Cruz and Gonzalez Hospital",South Alecfurt,Missouri,1,2,195,35,168,450,47,12,57,27,ORS,Platelets,Paracetamol,780,37.33,1
2024-08-18,1015,Franklin and Sons Hospital,Ashleyport,South Dakota,0,0,302,67,194,229,92,31,45,34,Remdesivir,Paracetamol,Oxygen Support,1510,84.72,2
2024-08-19,1098,Brown and Sons Hospital,Rogerburgh,Rhode Island,2,1,270,27,219,197,59,18,55,20,Paracetamol,Azithromycin,Vitamin C,1080,111.17,0
2024-08-20,1089,"Johnston, Brown and Smith Hospital",Rodgersport,Michigan,0,0,72,10,56,586,33,4,16,6,Remdesivir,Paracetamol,Oxygen Support,144,9.56,1
2024-08-21,1025,Stanley-Parker Hospital,Port Kevin,Iowa,2,1,325,54,242,158,114,26,58,33,Paracetamol,Azithromycin,Vitamin C,1625,153.16,0
2024-08-22,1096,"Perez, Dominguez and Smith Hospital",West Stacey,Illinois,0,1,414,36,361,147,127,45,65,21,Remdesivir,Paracetamol,Oxygen Support,828,245.58,0
2024-08-23,1041,"Mcknight, Thompson and Oconnor Hospital",West Carrie,Utah,0,1,354,46,249,242,118,28,57,33,Remdesivir,Paracetamol,Oxygen Support,1062,102.89,0
2024-08-24,1033,"Jones, Greer and Wagner Hospital",Port Kathrynfort,Wisconsin,1,2,417,69,354,270,99,25,74,26,ORS,Platelets,Paracetamol,834,131.11,0
2024-08-25,1078,"Floyd, Lee and Russell Hospital",West Angelamouth,Ohio,1,1,124,10,109,185,36,9,35,5,ORS,Platelets,Paracetamol,620,58.92,1
2024-08-26,1060,"Graham, Little and Weiss Hospital",East Juan,Michigan,2,2,320,65,278,379,141,19,87,47,Paracetamol,Azithromycin,Vitamin C,640,73.35,2
2024-08-27,1001,Miles Inc Hospital,North Douglasberg,Texas,5,0,420,83,341,526,85,24,75,35,Ciprofloxacin,Azithromycin,ORS,2100,64.83,1
2024-08-28,1004,Sims Ltd Hospital,Melissaton,Colorado,5,1,61,8,47,119,18,5,16,6,Ciprofloxacin,Azithromycin,ORS,305,39.5,1
2024-08-29,1081,"Miller, Griffith and Gates Hospital",West Mary,Arkansas,1,0,285,35,197,471,70,30,64,25,ORS,Platelets,Paracetamol,855,41.83,1
2024-08-30,1001,Wilson-Kramer Hospital,Port Daniel,Colorado,3,1,287,63,204,335,122,26,69,20,Chloroquine,Artemisinin,Primaquine,574,60.9,1
2024-08-31,1053,"Fry, Meyer and Harmon Hospital",Colemanside,Connecticut,5,0,392,38,309,491,151,24,69,12,Ciprofloxacin,Azithromycin,ORS,1960,62.93,1
2024-09-01,1012,"Hogan, Nelson and Smith Hospital",Colontown,California,3,1,111,26,104,541,39,7,28,16,Chloroquine,Artemisinin,Primaquine,333,19.22,1
2024-09-02,1099,"Hansen, Arroyo and Morrison Hospital",South Michellemouth,North Dakota,2,0,69,5,44,519,26,7,16,2,Paracetamol,Azithromycin,Vitamin C,138,8.48,1
2024-09-03,1063,Miller LLC Hospital,Weeksport,Nevada,4,1,316,35,279,337,78,36,89,13,Amoxicillin,Azithromycin,Cough Syrup,1264,82.79,2
2024-09-04,1077,Ellis Group Hospital,Alexanderland,Mississippi,1,2,427,63,318,454,116,39,92,42,ORS,Platelets,Paracetamol,1708,70.04,2
2024-09-05,1079,"Kaiser, Pruitt and Callahan Hospital",New Rhondahaven,Minnesota,2,1,121,10,76,400,42,8,25,6,Paracetamol,Azithromycin,Vitamin C,484,19.0,1
2024-09-06,1090,"Davis, Baker and Powers Hospital",Lake Tracybury,Kentucky,4,1,311,76,263,275,92,25,90,52,Amoxicillin,Azithromycin,Cough Syrup,622,95.64,0
2024-09-07,1019,Nolan-Carroll Hospital,East Christopher,Maine,2,1,366,91,328,192,88,29,107,31,Paracetamol,Azithromycin,Vitamin C,732,170.83,0
2024-09-08,1080,"Taylor, Reyes and Hamilton Hospital",Vazqueztown,Montana,2,0,177,15,118,382,41,11,29,11,Paracetamol,Azithromycin,Vitamin C,885,30.89,1
2024-09-09,1058,"Sanders, Bowman and Gould Hospital",Lake Johnbury,Mississippi,4,2,282,57,178,354,82,27,54,29,Amoxicillin,Azithromycin,Cough Syrup,564,50.28,1
2024-09-10,1014,Young-Moore Hospital,Washingtonside,Alaska,2,2,486,40,423,388,214,58,129,30,Paracetamol,Azithromycin,Vitamin C,2430,109.02,0
2024-09-11,1092,Gamble-Barton Hospital,Michaelhaven,Florida,3,1,492,121,378,443,192,56,99,54,Chloroquine,Artemisinin,Primaquine,1968,85.33,0
2024-09-12,1081,"Andrews, Morton and Lopez Hospital",East Zacharytown,Minnesota,5,2,189,40,125,459,43,9,56,18,Ciprofloxacin,Azithromycin,ORS,945,27.23,1
2024-09-13,1098,"Mccoy, Gonzales and Hardy Hospital",Stephanieport,Vermont,3,2,52,9,31,107,16,5,11,5,Chloroquine,Artemisinin,Primaquine,260,28.97,1
2024-09-14,1021,Hernandez-Santiago Hospital,Tateshire,Tennessee,4,0,234,45,215,389,102,21,69,30,Amoxicillin,Azithromycin,Cough Syrup,936,55.27,1
2024-09-15,1095,Smith Ltd Hospital,Michaelbury,Michigan,1,2,146,27,92,452,53,12,23,14,ORS,Platelets,Paracetamol,730,20.35,1
2024-09-16,1070,"Cobb, Guerra and Stanley Hospital",South Maryberg,Delaware,0,1,181,21,145,245,74,19,42,8,Remdesivir,Paracetamol,Oxygen Support,724,59.18,1
2024-09-17,1005,"Peterson, Bryant and Salazar Hospital",Ramosbury,Kansas,0,1,469,56,385,321,137,52,136,41,Remdesivir,Paracetamol,Oxygen Support,2345,119.94,0
2024-09-18,1042,"Adams, Holmes and Wilson Hospital",Barronchester,Maine,4,2,151,36,127,251,44,14,29,16,Amoxicillin,Azithromycin,Cough Syrup,453,50.6,1
2024-09-19,1027,Douglas PLC Hospital,South Garyburgh,Louisiana,4,1,90,10,70,460,25,6,22,4,Amoxicillin,Azithromycin,Cough Syrup,180,15.22,1
2024-09-20,1027,"Henson, Pham and Bean Hospital",Parkermouth,Georgia,3,1,70,15,52,491,16,7,12,6,Chloroquine,Artemisinin,Primaquine,210,10.59,1
2024-09-21,1073,Morrow-Watson Hospital,Lake Heidi,Maine,5,2,470,50,283,186,220,52,78,38,Ciprofloxacin,Azithromycin,ORS,1880,152.15,0
2024-09-22,1065,Martinez PLC Hospital,Robinsonchester,Alaska,0,2,321,38,279,522,89,24,54,18,Remdesivir,Paracetamol,Oxygen Support,642,53.45,1
2024-09-23,1006,Jackson-Evans Hospital,Port Melissaland,Tennessee,1,2,217,33,194,414,44,14,44,9,ORS,Platelets,Paracetamol,1085,46.86,1
2024-09-24,1015,Tucker-Allen Hospital,Bryanport,Hawaii,3,0,79,12,52,471,16,7,12,7,Chloroquine,Artemisinin,Primaquine,158,11.04,1
2024-09-25,1001,"Russo, Hanson and Griffith Hospital",East Laurie,Alaska,4,2,242,47,159,194,70,27,65,37,Amoxicillin,Azithromycin,Cough Syrup,726,81.96,2
2024-09-26,1091,"Bradford, Jennings and Guzman Hospital",South Rachelview,Maine,4,2,487,69,354,192,154,30,134,21,Amoxicillin,Azithromycin,Cough Syrup,1461,184.38,0
2024-09-27,1042,Wells PLC Hospital,South Annamouth,Texas,2,1,123,28,82,537,30,13,25,22,Paracetamol,Azithromycin,Vitamin C,246,15.27,1
2024-09-28,1067,Ingram-Ingram Hospital,Holmesland,Kentucky,1,2,380,64,300,290,95,19,83,39,ORS,Platelets,Paracetamol,760,103.45,0
2024-09-29,1038,Allen-Rivers Hospital,South Michaelland,Maine,1,2,442,70,345,132,188,29,95,29,ORS,Platelets,Paracetamol,884,261.36,0
2024-09-30,1007,Anderson-Aguilar Hospital,Ryantown,Hawaii,3,2,185,28,172,495,61,18,32,16,Chloroquine,Artemisinin,Primaquine,555,34.75,1
2024-10-01,1029,Adams Inc Hospital,Ashleyland,Colorado,5,2,222,52,139,518,104,24,62,18,Ciprofloxacin,Azithromycin,ORS,1110,26.83,1
2024-10-02,1090,Johnson-Jimenez Hospital,Murrayshire,Nevada,2,2,268,57,203,513,68,23,42,34,Paracetamol,Azithromycin,Vitamin C,1340,39.57,1
2024-10-03,1003,Cox-Walker Hospital,Mitchellfurt,New Jersey,0,0,465,61,331,199,152,40,79,24,Remdesivir,Paracetamol,Oxygen Support,2325,166.33,0
2024-10-04,1027,Parker-Figueroa Hospital,North Paul,Colorado,2,0,143,33,130,122,67,15,26,25,Paracetamol,Azithromycin,Vitamin C,286,106.56,0
2024-10-05,1049,Brown-White Hospital,West Benjamin,Texas,1,2,322,35,287,569,98,33,73,24,ORS,Platelets,Paracetamol,1288,50.44,1
2024-10-06,1038,Smith-Carroll Hospital,Port Sarahchester,Nebraska,1,1,76,10,55,346,21,6,19,7,ORS,Platelets,Paracetamol,152,15.9,1
2024-10-07,1025,Porter Group Hospital,Port Samantha,Delaware,1,1,184,40,115,268,74,11,33,12,ORS,Platelets,Paracetamol,368,42.91,1
2024-10-08,1071,Holt and Sons Hospital,South Amymouth,Wyoming,3,1,205,31,165,266,60,10,50,10,Chloroquine,Artemisinin,Primaquine,410,62.03,1
2024-10-09,1043,Johnson-Fields Hospital,East Ronald,Vermont,3,2,157,21,134,393,60,13,44,15,Chloroquine,Artemisinin,Primaquine,314,34.1,1
2024-10-10,1024,Wright LLC Hospital,Kelleyland,New York,0,0,177,29,144,454,47,9,32,20,Remdesivir,Paracetamol,Oxygen Support,885,31.72,1
2024-10-11,1079,Schaefer LLC Hospital,Courtneytown,Wisconsin,0,1,459,73,289,552,165,46,96,26,Remdesivir,Paracetamol,Oxygen Support,1836,52.36,1
2024-10-12,1016,"Wheeler, Cross and Bernard Hospital",Garciachester,New Hampshire,2,0,129,18,95,494,48,14,19,11,Paracetamol,Azithromycin,Vitamin C,387,19.23,1
2024-10-13,1001,Jones-Robbins Hospital,South Thomas,Illinois,0,1,245,60,173,208,94,25,52,19,Remdesivir,Paracetamol,Oxygen Support,1225,83.17,2
2024-10-14,1057,Rodriguez and Sons Hospital,Wilsonburgh,Oklahoma,1,0,321,64,265,346,155,20,51,27,ORS,Platelets,Paracetamol,1284,76.59,2
2024-10-15,1097,Miller-Sutton Hospital,Arroyoborough,Massachusetts,5,2,391,54,246,522,94,35,87,23,Ciprofloxacin,Azithromycin,ORS,782,47.13,1
2024-10-16,1077,Horne Group Hospital,West Grantmouth,Oklahoma,4,1,143,22,133,509,30,13,29,14,Amoxicillin,Azithromycin,Cough Syrup,715,26.13,1
2024-10-17,1021,Cox PLC Hospital,Huertatown,North Dakota,1,2,205,45,159,495,59,14,43,24,ORS,Platelets,Paracetamol,410,32.12,1
2024-10-18,1009,Wallace Inc Hospital,North Javier,Utah,5,1,325,30,303,123,126,22,75,13,Ciprofloxacin,Azithromycin,ORS,1300,246.34,0
2024-10-19,1054,Phillips Inc Hospital,Martinbury,North Dakota,4,2,282,28,175,199,113,23,60,14,Amoxicillin,Azithromycin,Cough Syrup,846,87.94,0
2024-10-20,1025,Kirby-Reynolds Hospital,East Nicholas,Vermont,0,1,343,52,228,299,102,23,74,32,Remdesivir,Paracetamol,Oxygen Support,1372,76.25,2
2024-10-21,1098,Jordan-Snyder Hospital,Meganmouth,Illinois,0,0,246,52,168,587,98,19,44,38,Remdesivir,Paracetamol,Oxygen Support,492,28.62,1
2024-10-22,1073,"Cole, Cook and Carey Hospital",Martinezland,Oregon,1,2,152,24,92,189,73,18,28,7,ORS,Platelets,Paracetamol,456,48.68,1
2024-10-23,1032,Hernandez-Stephens Hospital,Jenniferborough,Hawaii,4,1,296,35,207,553,96,15,44,10,Amoxicillin,Azithromycin,Cough Syrup,888,37.43,1
2024-10-24,1091,"Rogers, Lamb and Ramirez Hospital",West Rebeccashire,Ohio,5,2,178,20,135,532,59,18,27,7,Ciprofloxacin,Azithromycin,ORS,712,25.38,1
2024-10-25,1063,Hubbard and Sons Hospital,South Michaelport,Michigan,2,2,374,87,225,339,76,38,56,38,Paracetamol,Azithromycin,Vitamin C,1122,66.37,2
2024-10-26,1055,Barrera-Keith Hospital,Perkinshaven,California,2,2,347,53,229,328,161,29,67,31,Paracetamol,Azithromycin,Vitamin C,694,69.82,2
2024-10-27,1056,Mclaughlin and Sons Hospital,Nealland,South Dakota,3,0,275,52,218,480,77,15,60,29,Chloroquine,Artemisinin,Primaquine,1100,45.42,1
2024-10-28,1044,Walsh-Garner Hospital,Lake Jessicaside,California,0,2,414,82,250,294,110,42,91,42,Remdesivir,Paracetamol,Oxygen Support,828,85.03,0
2024-10-29,1095,Barr and Sons Hospital,Anthonyshire,Colorado,3,0,318,62,264,503,141,19,54,36,Chloroquine,Artemisinin,Primaquine,636,52.49,1
2024-10-30,1047,"Hunter, Davis and Bowers Hospital",Port Vanessa,Maine,3,1,199,33,178,275,50,19,45,11,Chloroquine,Artemisinin,Primaquine,796,64.73,1
2024-10-31,1061,Holder-Williams Hospital,East Yvonneview,South Carolina,0,1,395,85,290,302,119,27,77,66,Remdesivir,Paracetamol,Oxygen Support,1185,96.03,0
2024-11-01,1042,Hernandez Ltd Hospital,South Karen,Alaska,1,0,184,40,158,346,66,10,44,13,ORS,Platelets,Paracetamol,920,45.66,1
2024-11-02,1047,Ward-Mccarthy Hospital,South Matthewshire,Mississippi,4,2,371,54,261,265,156,24,79,22,Amoxicillin,Azithromycin,Cough Syrup,1484,98.49,0
2024-11-03,1085,Bell-Anderson Hospital,Jeffersonbury,Georgia,5,1,402,78,275,260,167,24,101,36,Ciprofloxacin,Azithromycin,ORS,804,105.77,0
2024-11-04,1006,"Olsen, Brewer and Higgins Hospital",Stevenshire,Kansas,3,1,331,74,278,440,90,38,78,36,Chloroquine,Artemisinin,Primaquine,993,63.18,1
2024-11-05,1088,Peters-Hunt Hospital,Rodriguezmouth,West Virginia,1,1,288,27,254,343,107,34,50,13,ORS,Platelets,Paracetamol,1440,74.05,2
2024-11-06,1027,Collins-Leblanc Hospital,North Christinemouth,Utah,2,1,239,30,170,332,77,24,45,13,Paracetamol,Azithromycin,Vitamin C,478,51.2,1
2024-11-07,1030,"Gomez, Kline and Curtis Hospital",Tiffanyfort,Idaho,5,2,266,26,252,436,125,29,57,9,Ciprofloxacin,Azithromycin,ORS,1330,57.8,1
2024-11-08,1071,Figueroa Group Hospital,Jamesside,North Carolina,4,1,300,40,190,297,144,26,47,24,Amoxicillin,Azithromycin,Cough Syrup,1500,63.97,1
2024-11-09,1015,Hoover-Campos Hospital,Foleymouth,North Carolina,3,0,303,42,274,151,133,28,52,24,Chloroquine,Artemisinin,Primaquine,1212,181.46,0
2024-11-10,1030,Ware PLC Hospital,Cassandramouth,Pennsylvania,3,0,208,46,136,552,64,11,33,33,Chloroquine,Artemisinin,Primaquine,1040,24.64,1
2024-11-11,1075,Dudley-Coleman Hospital,Harrismouth,Oklahoma,5,1,300,55,228,253,143,22,62,24,Ciprofloxacin,Azithromycin,ORS,1200,90.12,0
2024-11-12,1080,Miller Inc Hospital,Lake Matthewmouth,Virginia,1,0,372,63,349,275,155,22,71,37,ORS,Platelets,Paracetamol,1488,126.91,0
2024-11-13,1082,Thornton-Mason Hospital,Lake Timothybury,North Dakota,4,2,53,10,42,580,15,5,10,7,Amoxicillin,Azithromycin,Cough Syrup,265,7.24,1
2024-11-14,1100,Watson LLC Hospital,Saundershaven,Iowa,3,1,475,70,386,104,164,24,102,54,Chloroquine,Artemisinin,Primaquine,1425,371.15,0
2024-11-15,1077,Richardson-Clark Hospital,Jennifermouth,Alaska,1,2,64,11,45,268,18,5,17,7,ORS,Platelets,Paracetamol,320,16.79,1
2024-11-16,1070,Hoffman-Garrison Hospital,East Elizabeth,Minnesota,5,0,485,78,314,302,197,57,96,26,Ciprofloxacin,Azithromycin,ORS,1940,103.97,0
2024-11-17,1088,Garcia-Nelson Hospital,North Aliciamouth,Nebraska,2,0,164,27,109,139,78,10,37,10,Paracetamol,Azithromycin,Vitamin C,656,78.42,2
2024-11-18,1079,Hardin Inc Hospital,Hartstad,Louisiana,0,2,217,38,185,101,75,24,47,26,Remdesivir,Paracetamol,Oxygen Support,868,183.17,0
2024-11-19,1049,Nelson-Guerrero Hospital,Edgarborough,Missouri,3,2,200,29,122,420,58,18,39,10,Chloroquine,Artemisinin,Primaquine,800,29.05,1
2024-11-20,1024,"Ward, Williams and Barnett Hospital",Smithtown,North Carolina,5,0,168,17,147,538,47,18,49,11,Ciprofloxacin,Azithromycin,ORS,840,27.32,1
2024-11-21,1064,"Reyes, Grant and Lewis Hospital",Jamiehaven,Maine,1,2,212,37,200,596,46,24,40,20,ORS,Platelets,Paracetamol,1060,33.56,1
2024-11-22,1052,York-Allen Hospital,Mcdonaldfurt,New Hampshire,4,2,105,23,78,489,34,10,16,8,Amoxicillin,Azithromycin,Cough Syrup,210,15.95,1
2024-11-23,1056,"Lynch, Flores and Church Hospital",North Abigailburgh,Vermont,0,2,158,36,118,374,54,8,42,27,Remdesivir,Paracetamol,Oxygen Support,474,31.55,1
2024-11-24,1089,"Patterson, Baker and Mckenzie Hospital",Carolynmouth,Alaska,0,0,116,24,73,229,26,10,22,14,Remdesivir,Paracetamol,Oxygen Support,464,31.88,1
2024-11-25,1081,Hernandez-Martinez Hospital,Josephmouth,Missouri,0,1,347,36,289,137,128,17,72,12,Remdesivir,Paracetamol,Oxygen Support,1735,210.95,0
2024-11-26,1003,Scott-Smith Hospital,Jamesmouth,Mississippi,4,2,404,95,290,471,93,41,92,64,Amoxicillin,Azithromycin,Cough Syrup,808,61.57,1
2024-11-27,1064,Becker-Freeman Hospital,Kendraland,Nebraska,3,2,148,12,98,164,66,15,35,8,Chloroquine,Artemisinin,Primaquine,592,59.76,1
2024-11-28,1035,Rosales-King Hospital,Lake Ashleyfort,Illinois,3,2,495,103,319,286,200,25,82,56,Chloroquine,Artemisinin,Primaquine,1485,111.54,0
2024-11-29,1021,Davis-Mcdonald Hospital,East Jessica,Louisiana,2,1,497,107,317,394,237,58,137,71,Paracetamol,Azithromycin,Vitamin C,2485,80.46,2
2024-11-30,1058,"Andrews, Mcintyre and Gardner Hospital",West Stephen,Washington,0,2,347,43,247,393,169,30,90,17,Remdesivir,Paracetamol,Oxygen Support,1735,62.85,1
2024-12-01,1023,Horne Inc Hospital,East Frankport,Rhode Island,3,2,277,36,207,138,70,28,72,17,Chloroquine,Artemisinin,Primaquine,1108,150.0,0
2024-12-02,1084,Freeman Group Hospital,Jessicaville,Ohio,0,0,478,50,424,440,142,35,88,17,Remdesivir,Paracetamol,Oxygen Support,1912,96.36,0
2024-12-03,1100,Lee Ltd Hospital,Briannachester,West Virginia,0,0,442,99,388,245,194,48,83,76,Remdesivir,Paracetamol,Oxygen Support,1768,158.37,0
2024-12-04,1095,Silva LLC Hospital,Debraland,Connecticut,0,0,244,47,162,134,84,20,68,36,Remdesivir,Paracetamol,Oxygen Support,732,120.9,0
2024-12-05,1083,"Rangel, Morales and Collins Hospital",Hallland,California,5,0,478,79,373,124,111,37,140,47,Ciprofloxacin,Azithromycin,ORS,1912,300.81,0
2024-12-06,1022,"Roberts, Evans and Patton Hospital",South Danny,Florida,5,1,430,96,283,339,91,37,91,74,Ciprofloxacin,Azithromycin,ORS,1720,83.48,2
2024-12-07,1044,Shannon-Gordon Hospital,Carrmouth,Nevada,2,1,389,46,297,393,89,37,110,14,Paracetamol,Azithromycin,Vitamin C,1556,75.57,2
2024-12-08,1019,Hernandez-White Hospital,Port Christychester,Oregon,4,1,92,20,70,347,19,8,17,6,Amoxicillin,Azithromycin,Cough Syrup,368,20.17,1
2024-12-09,1003,Pace and Sons Hospital,Peterston,Tennessee,1,0,204,20,123,123,74,11,56,11,ORS,Platelets,Paracetamol,612,100.0,0
2024-12-10,1006,"Munoz, Smith and Leonard Hospital",North Jenniferside,West Virginia,1,0,433,104,297,120,205,24,110,82,ORS,Platelets,Paracetamol,866,247.5,0
2024-12-11,1005,"Wong, Rodriguez and Bond Hospital",North Rebeccaville,New Jersey,0,1,78,18,47,278,35,8,23,9,Remdesivir,Paracetamol,Oxygen Support,234,16.91,1
2024-12-12,1024,Martinez-Michael Hospital,Harrisonville,Utah,3,1,422,87,258,392,162,26,79,63,Chloroquine,Artemisinin,Primaquine,1266,65.82,2
2024-12-13,1064,Cole-Bennett Hospital,New Kimberlychester,Utah,1,1,221,29,199,287,77,21,45,22,ORS,Platelets,Paracetamol,1105,69.34,2
2024-12-14,1033,"Bennett, Santos and Harris Hospital",North Nancymouth,Louisiana,4,1,283,37,209,207,93,24,82,15,Amoxicillin,Azithromycin,Cough Syrup,566,100.97,0
2024-12-15,1051,Landry-Salas Hospital,East Patriciaport,Pennsylvania,3,1,93,9,87,236,37,7,18,3,Chloroquine,Artemisinin,Primaquine,465,36.86,1
2024-12-16,1044,Torres-Kim Hospital,Port Charles,Maine,5,1,422,49,305,195,183,48,86,31,Ciprofloxacin,Azithromycin,ORS,844,156.41,0
2024-12-17,1052,Stewart-Garcia Hospital,East Jill,South Carolina,1,2,67,7,58,215,22,7,18,2,ORS,Platelets,Paracetamol,335,26.98,1
2024-12-18,1038,Alexander-Holmes Hospital,New Madisonchester,Massachusetts,4,0,113,26,81,181,47,12,23,20,Amoxicillin,Azithromycin,Cough Syrup,226,44.75,1
2024-12-19,1079,Randolph Group Hospital,Johnstonstad,Tennessee,5,1,154,31,100,482,31,14,45,21,Ciprofloxacin,Azithromycin,ORS,616,20.75,1
2024-12-20,1036,"Sutton, Stanton and Moore Hospital",Port Cherylport,Virginia,3,0,160,18,128,313,60,19,38,12,Chloroquine,Artemisinin,Primaquine,480,40.89,1
2024-12-21,1031,Paul-Taylor Hospital,West Melissachester,Connecticut,1,2,216,42,170,319,81,11,50,13,ORS,Platelets,Paracetamol,1080,53.29,1
2024-12-22,1059,Wright Group Hospital,West Lisa,Arizona,1,0,401,68,325,270,136,38,102,48,ORS,Platelets,Paracetamol,2005,120.37,0
2024-12-23,1060,Marquez-Le Hospital,Perkinschester,Arkansas,2,1,76,15,46,458,26,8,17,9,Paracetamol,Azithromycin,Vitamin C,152,10.04,1
2024-12-24,1012,Mason PLC Hospital,West Scottborough,South Carolina,5,1,255,28,196,189,74,22,62,17,Ciprofloxacin,Azithromycin,ORS,1020,103.7,0
2024-12-25,1019,"Kim, Vasquez and Foster Hospital",West Hector,Connecticut,4,1,481,60,391,106,159,39,81,39,Amoxicillin,Azithromycin,Cough Syrup,1443,368.87,0
2024-12-26,1095,"Ford, Carson and Rodriguez Hospital",Oneillmouth,Georgia,3,2,125,16,84,165,30,8,36,11,Chloroquine,Artemisinin,Primaquine,625,50.91,1
2024-12-27,1024,Weber-Johnson Hospital,Peterborough,Colorado,0,0,183,44,154,238,80,19,42,32,Remdesivir,Paracetamol,Oxygen Support,549,64.71,1
2024-12-28,1031,"Mendoza, Stephens and Patterson Hospital",New Richardtown,Rhode Island,5,1,245,27,163,247,72,23,60,12,Ciprofloxacin,Azithromycin,ORS,490,65.99,2
2024-12-29,1054,Trujillo-Anderson Hospital,New Laurie,Florida,2,2,286,70,185,533,63,30,72,34,Paracetamol,Azithromycin,Vitamin C,858,34.71,1
2024-12-30,1082,Foster Inc Hospital,West Tiffany,Georgia,3,1,179,37,140,452,66,9,36,19,Chloroquine,Artemisinin,Primaquine,895,30.97,1
2024-01-01,1076,"Logan, Forbes and Riddle Hospital",Butlerville,Illinois,2,0,204,35,132,283,88,11,34,15,Paracetamol,Azithromycin,Vitamin C,612,46.64,1
2024-01-02,1094,"Salazar, Mendoza and Baker Hospital",West Brian,New Jersey,0,1,362,43,281,236,106,28,61,29,Remdesivir,Paracetamol,Oxygen Support,724,119.07,0
2024-01-03,1054,"Edwards, Stanley and Walker Hospital",East Brent,Delaware,3,1,97,23,88,369,33,7,19,13,Chloroquine,Artemisinin,Primaquine,194,23.85,1
2024-01-04,1000,Carpenter-Ayala Hospital,Williamsonfort,Oregon,4,2,228,46,168,133,63,21,36,28,Amoxicillin,Azithromycin,Cough Syrup,912,126.32,0
2024-01-05,1055,Ford Group Hospital,Lake Mario,Tennessee,2,0,370,42,308,259,99,34,103,32,Paracetamol,Azithromycin,Vitamin C,1480,118.92,0
2024-01-06,1032,Williams PLC Hospital,New Nicolehaven,Florida,2,2,59,12,46,566,12,3,12,7,Paracetamol,Azithromycin,Vitamin C,118,8.13,1
2024-01-07,1055,Patterson Ltd Hospital,New Theresafurt,Virginia,4,1,380,58,293,400,141,32,66,27,Amoxicillin,Azithromycin,Cough Syrup,1900,73.25,2
2024-01-08,1014,"Gray, Wilson and Cruz Hospital",East Samuel,Mississippi,5,0,260,35,174,188,52,18,52,23,Ciprofloxacin,Azithromycin,ORS,520,92.55,0
2024-01-09,1068,Morris-Hunter Hospital,Lewisfort,Wisconsin,1,1,351,52,266,138,92,41,54,36,ORS,Platelets,Paracetamol,1755,192.75,0
2024-01-10,1061,Martin PLC Hospital,North Rebecca,Georgia,3,2,130,31,93,385,45,12,33,18,Chloroquine,Artemisinin,Primaquine,520,24.16,1
2024-01-11,1096,"Curry, Hunter and Ray Hospital",Diazport,South Dakota,4,2,249,28,206,113,56,26,43,10,Amoxicillin,Azithromycin,Cough Syrup,747,182.3,0
2024-01-12,1085,"Jordan, Mccann and Oconnor Hospital",West Chelsea,Georgia,5,2,123,13,100,520,55,7,33,7,Ciprofloxacin,Azithromycin,ORS,492,19.23,1
2024-01-13,1081,Moody Ltd Hospital,North Jamesborough,Washington,4,1,468,74,434,122,97,38,120,35,Amoxicillin,Azithromycin,Cough Syrup,1404,355.74,0
2024-01-14,1029,Olson Group Hospital,South Richardstad,Montana,2,2,91,16,80,231,29,5,16,7,Paracetamol,Azithromycin,Vitamin C,364,34.63,1
2024-01-15,1027,Compton-Christian Hospital,West Lisa,Oregon,3,1,120,28,87,415,58,8,33,14,Chloroquine,Artemisinin,Primaquine,480,20.96,1
2024-01-16,1022,"Reynolds, Ross and Walker Hospital",Port Jamesfort,Nevada,3,0,471,96,424,170,227,41,76,64,Chloroquine,Artemisinin,Primaquine,942,249.41,0
2024-01-17,1016,"Johnson, Guerrero and Wheeler Hospital",Trevinoville,Montana,3,2,136,33,84,440,34,13,35,14,Chloroquine,Artemisinin,Primaquine,272,19.09,1
2024-01-18,1049,Jones Group Hospital,South Christinabury,Nebraska,3,1,197,23,174,317,96,14,57,18,Chloroquine,Artemisinin,Primaquine,985,54.89,1
2024-01-19,1027,Kelly Group Hospital,Martinside,Washington,4,2,348,60,257,178,86,23,69,22,Amoxicillin,Azithromycin,Cough Syrup,1044,144.38,0
2024-01-20,1040,"Peterson, Jones and Wilson Hospital",Ashleeborough,South Dakota,4,2,161,37,115,328,57,14,40,20,Amoxicillin,Azithromycin,Cough Syrup,483,35.06,1
2024-01-21,1075,Choi-Love Hospital,Mitchellmouth,Missouri,3,2,287,41,245,118,80,28,80,20,Chloroquine,Artemisinin,Primaquine,1148,207.63,0
2024-01-22,1076,Cooper Group Hospital,Theresatown,Louisiana,4,0,390,72,263,394,102,24,110,29,Amoxicillin,Azithromycin,Cough Syrup,1170,66.75,2
2024-01-23,1019,Franco-Williams Hospital,New Steven,Montana,2,2,270,26,223,528,88,23,65,13,Paracetamol,Azithromycin,Vitamin C,1350,42.23,1
2024-01-24,1004,Preston Group Hospital,Lake Alex,South Carolina,2,1,183,35,161,157,56,17,36,22,Paracetamol,Azithromycin,Vitamin C,915,102.55,0
2024-01-25,1099,"Sanchez, Lopez and Blanchard Hospital",Janiceview,Arizona,1,1,78,13,62,191,30,5,20,4,ORS,Platelets,Paracetamol,234,32.46,1
2024-01-26,1074,"George, Mason and Diaz Hospital",Lake Amanda,Wyoming,0,2,439,73,390,430,154,49,78,29,Remdesivir,Paracetamol,Oxygen Support,1317,90.7,0
2024-01-27,1011,Abbott Inc Hospital,West Tara,California,5,2,79,14,53,528,20,4,15,10,Ciprofloxacin,Azithromycin,ORS,316,10.04,1
2024-01-28,1043,Cherry Group Hospital,East Marymouth,Maine,3,0,432,45,359,551,182,45,72,28,Chloroquine,Artemisinin,Primaquine,864,65.15,2
2024-01-29,1047,"Garcia, Harris and Thomas Hospital",Choitown,Florida,3,1,125,31,98,462,35,8,22,13,Chloroquine,Artemisinin,Primaquine,375,21.21,1
2024-01-30,1000,"Richards, Hall and Solis Hospital",Ortegastad,Michigan,0,1,193,17,136,110,75,21,56,10,Remdesivir,Paracetamol,Oxygen Support,579,123.64,0
2024-01-31,1066,"Young, Serrano and Aguirre Hospital",Millerstad,Colorado,5,1,274,63,173,369,113,23,45,47,Ciprofloxacin,Azithromycin,ORS,822,46.88,1
2024-02-01,1070,Johnson-Lopez Hospital,Thompsonville,Tennessee,1,0,105,16,99,510,33,9,16,6,ORS,Platelets,Paracetamol,525,19.41,1
2024-02-02,1026,Chambers-Foster Hospital,South Bryan,Indiana,3,2,245,22,231,398,55,28,40,6,Chloroquine,Artemisinin,Primaquine,735,58.04,1
2024-02-03,1041,"Stephens, Morris and Nguyen Hospital",New Danatown,Missouri,3,1,354,41,293,541,81,28,79,13,Chloroquine,Artemisinin,Primaquine,1062,54.16,1
2024-02-04,1041,"Alexander, Arroyo and Norris Hospital",West Juliefurt,Hawaii,5,2,61,8,56,267,21,7,17,6,Ciprofloxacin,Azithromycin,ORS,183,20.97,1
2024-02-05,1059,Taylor-Wood Hospital,Lake Richardstad,California,3,1,399,61,358,448,106,39,61,33,Chloroquine,Artemisinin,Primaquine,798,79.91,2
2024-02-06,1051,"Ferguson, Bradley and Wells Hospital",Lake Mathew,New Hampshire,3,0,99,22,67,438,41,11,22,12,Chloroquine,Artemisinin,Primaquine,396,15.3,1
2024-02-07,1025,"Spence, Thomas and Matthews Hospital",East Rachel,New Jersey,3,1,326,59,276,534,75,36,79,25,Chloroquine,Artemisinin,Primaquine,978,51.69,1
2024-02-08,1001,Allen LLC Hospital,Matthewfurt,Kentucky,3,1,343,33,219,488,130,20,100,17,Chloroquine,Artemisinin,Primaquine,686,44.88,1
2024-02-09,1096,"Gaines, Bowman and Chapman Hospital",New Mirandastad,Nevada,3,2,500,52,464,385,144,46,101,36,Chloroquine,Artemisinin,Primaquine,1500,120.52,0
2024-02-10,1064,"Jones, Hartman and Gray Hospital",South Michaelstad,Maine,0,1,166,31,139,285,53,18,36,23,Remdesivir,Paracetamol,Oxygen Support,664,48.77,1
2024-02-11,1076,Castaneda PLC Hospital,North Ericchester,Tennessee,2,2,295,55,232,516,129,20,53,38,Paracetamol,Azithromycin,Vitamin C,1180,44.96,1
2024-02-12,1020,Bowman and Sons Hospital,Chanbury,Michigan,1,0,155,21,102,241,47,14,30,15,ORS,Platelets,Paracetamol,310,42.32,1
2024-02-13,1040,Sawyer-Bell Hospital,North Lydia,South Carolina,5,2,290,44,263,345,68,23,45,30,Ciprofloxacin,Azithromycin,ORS,870,76.23,2
2024-02-14,1036,Gilmore and Sons Hospital,Johnnyland,Montana,1,0,129,20,103,430,52,13,27,13,ORS,Platelets,Paracetamol,258,23.95,1
2024-02-15,1062,"Molina, Miller and Foster Hospital",Port Gabrielle,Iowa,1,2,388,89,240,403,88,45,83,45,ORS,Platelets,Paracetamol,776,59.55,1
2024-02-16,1098,Wolfe-Randall Hospital,East Kristinaland,Oklahoma,3,1,258,57,161,102,78,24,59,38,Chloroquine,Artemisinin,Primaquine,516,157.84,0
2024-02-17,1069,"Phillips, Johnson and Obrien Hospital",East Deborahfort,West Virginia,4,0,265,56,224,524,94,20,43,37,Amoxicillin,Azithromycin,Cough Syrup,1325,42.75,1
2024-02-18,1065,Navarro-Huff Hospital,South Alyssa,Alabama,4,0,146,35,125,251,44,7,42,21,Amoxicillin,Azithromycin,Cough Syrup,438,49.8,1
2024-02-19,1014,Mcneil Group Hospital,Richardsonhaven,Minnesota,4,0,312,75,220,566,138,27,64,49,Amoxicillin,Azithromycin,Cough Syrup,1560,38.87,1
2024-02-20,1036,Jones Ltd Hospital,East Josebury,Louisiana,4,1,176,21,121,449,49,16,48,9,Amoxicillin,Azithromycin,Cough Syrup,352,26.95,1
2024-02-21,1086,Shepard PLC Hospital,West Nicole,California,2,1,298,60,202,290,140,35,75,25,Paracetamol,Azithromycin,Vitamin C,894,69.66,2
2024-02-22,1017,Hernandez LLC Hospital,Richardbury,California,2,2,257,30,163,151,52,13,59,16,Paracetamol,Azithromycin,Vitamin C,1028,107.95,0
2024-02-23,1034,"Anderson, Cochran and Weaver Hospital",Rodriguezville,Washington,1,1,309,67,246,321,93,16,60,29,ORS,Platelets,Paracetamol,1545,76.64,2
2024-02-24,1024,"Wright, Hansen and Duran Hospital",Dukeburgh,Wisconsin,3,2,382,95,347,120,137,34,71,73,Chloroquine,Artemisinin,Primaquine,1146,289.17,0
2024-02-25,1087,"Lester, Miller and Wells Hospital",Port Christopherbury,Kansas,0,1,446,58,400,311,168,35,89,42,Remdesivir,Paracetamol,Oxygen Support,2230,128.62,0
2024-02-26,1087,"Thompson, Roy and Davis Hospital",East Nathanville,Ohio,4,0,218,47,202,510,78,13,37,35,Amoxicillin,Azithromycin,Cough Syrup,872,39.61,1
2024-02-27,1027,"Quinn, Erickson and Griffith Hospital",Jasmineview,Tennessee,4,1,386,81,324,407,178,33,62,46,Amoxicillin,Azithromycin,Cough Syrup,1930,79.61,2
2024-02-28,1100,Arellano Group Hospital,South Connorborough,Montana,4,1,404,65,324,179,113,40,119,40,Amoxicillin,Azithromycin,Cough Syrup,808,181.01,0
2024-02-29,1058,"Williams, Miles and Alvarez Hospital",North Christopher,Wisconsin,2,2,156,35,107,200,55,14,42,11,Paracetamol,Azithromycin,Vitamin C,312,53.5,1
2024-03-01,1059,Blair-Mann Hospital,Ryanstad,Vermont,5,0,181,22,161,158,84,19,33,11,Ciprofloxacin,Azithromycin,ORS,362,101.9,0
2024-03-02,1097,Gross-Morrison Hospital,South Andrew,Michigan,5,0,467,60,367,335,104,48,109,32,Ciprofloxacin,Azithromycin,ORS,1868,109.55,0
2024-03-03,1087,Good PLC Hospital,South Lisa,Delaware,4,2,382,93,307,521,86,31,81,52,Amoxicillin,Azithromycin,Cough Syrup,764,58.93,1
2024-03-04,1008,Torres LLC Hospital,Michaelshire,Utah,3,1,110,24,95,525,43,5,31,18,Chloroquine,Artemisinin,Primaquine,550,18.1,1
2024-03-05,1006,Jimenez Ltd Hospital,Sarahberg,Mississippi,0,0,134,18,119,410,60,13,38,12,Remdesivir,Paracetamol,Oxygen Support,536,29.02,1
2024-03-06,1094,White Inc Hospital,North Michaelport,Delaware,5,0,60,11,36,549,29,6,13,3,Ciprofloxacin,Azithromycin,ORS,300,6.56,1
2024-03-07,1075,Davis-Williams Hospital,Port Lonnie,North Carolina,1,0,188,33,167,367,72,16,33,10,ORS,Platelets,Paracetamol,376,45.5,1
2024-03-08,1015,Novak-Ramirez Hospital,Espinozashire,Wisconsin,3,0,459,95,291,295,155,32,106,64,Chloroquine,Artemisinin,Primaquine,918,98.64,0
2024-03-09,1077,Palmer Group Hospital,West Benjamin,South Dakota,2,1,60,9,45,415,12,6,17,5,Paracetamol,Azithromycin,Vitamin C,120,10.84,1
2024-03-10,1051,Romero Group Hospital,Taylormouth,Oregon,2,2,280,69,215,156,104,29,72,35,Paracetamol,Azithromycin,Vitamin C,1120,137.82,0
2024-03-11,1089,Smith LLC Hospital,New Joel,Tennessee,2,1,158,15,139,370,74,13,36,7,Paracetamol,Azithromycin,Vitamin C,316,37.57,1
2024-03-12,1092,"Waller, Bailey and Wagner Hospital",Freemanborough,Indiana,4,0,122,27,104,166,35,13,30,20,Amoxicillin,Azithromycin,Cough Syrup,488,62.65,1
2024-03-13,1082,"Reese, Goodwin and Weaver Hospital",Obrienchester,Pennsylvania,5,1,334,79,259,199,118,38,55,30,Ciprofloxacin,Azithromycin,ORS,1670,130.15,0
2024-03-14,1064,"Mueller, Daniels and Butler Hospital",Lake Colleenborough,Mississippi,5,1,257,32,189,109,92,13,72,24,Ciprofloxacin,Azithromycin,ORS,1028,173.39,0
2024-03-15,1095,Sanders-Hernandez Hospital,Robertchester,Iowa,2,0,252,59,177,427,77,27,46,43,Paracetamol,Azithromycin,Vitamin C,504,41.45,1
2024-03-16,1092,"West, Simmons and Johnson Hospital",Garrettmouth,Nevada,5,2,193,38,162,112,48,14,45,25,Ciprofloxacin,Azithromycin,ORS,772,144.64,0
2024-03-17,1064,Brown-Mack Hospital,North Emmatown,Wyoming,1,1,301,63,208,330,105,35,78,39,ORS,Platelets,Paracetamol,903,63.03,1
2024-03-18,1087,Carter Group Hospital,North Kellychester,New Mexico,5,1,333,41,285,234,143,19,96,18,Ciprofloxacin,Azithromycin,ORS,1332,121.79,0
2024-03-19,1004,Beasley-White Hospital,South Carlport,North Dakota,4,1,423,59,386,531,141,36,68,30,Amoxicillin,Azithromycin,Cough Syrup,2115,72.69,2
2024-03-20,1064,Fuentes-Molina Hospital,North Nicholas,Kentucky,3,1,394,77,358,517,186,39,70,34,Chloroquine,Artemisinin,Primaquine,1576,69.25,2
2024-03-21,1075,"Scott, Carlson and Sloan Hospital",West Laurenton,North Dakota,1,0,271,49,202,211,62,20,46,16,ORS,Platelets,Paracetamol,1355,95.73,0
2024-03-22,1067,Chase-Williams Hospital,East Elizabeth,Vermont,0,0,365,39,280,386,86,19,102,24,Remdesivir,Paracetamol,Oxygen Support,1825,72.54,2
2024-03-23,1043,Brown-Liu Hospital,Garyberg,Ohio,4,1,205,16,185,343,47,15,47,4,Amoxicillin,Azithromycin,Cough Syrup,1025,53.94,1
2024-03-24,1037,Lewis LLC Hospital,New Lisaside,Mississippi,3,1,435,102,386,455,165,44,98,43,Chloroquine,Artemisinin,Primaquine,1740,84.84,2
2024-03-25,1022,Parker-Silva Hospital,South Scott,Oregon,2,1,135,26,105,506,38,8,22,14,Paracetamol,Azithromycin,Vitamin C,270,20.75,1
2024-03-26,1010,Reyes-Hart Hospital,Lake Nathanfort,Wyoming,1,0,236,51,186,116,73,13,38,19,ORS,Platelets,Paracetamol,944,160.34,0
2024-03-27,1089,"Brown, Watson and Johnson Hospital",North Justinhaven,Arkansas,3,2,78,13,60,566,37,7,23,4,Chloroquine,Artemisinin,Primaquine,390,10.6,1
2024-03-28,1038,Weaver and Sons Hospital,North Sophia,West Virginia,2,2,407,85,291,434,160,23,107,54,Paracetamol,Azithromycin,Vitamin C,1628,67.05,2
2024-03-29,1002,Alvarez PLC Hospital,Olsenburgh,Utah,1,1,336,44,282,145,103,35,88,34,ORS,Platelets,Paracetamol,1344,194.48,0
2024-03-30,1100,"Hale, Cain and Little Hospital",Jeremyside,California,1,0,275,33,230,180,83,32,80,17,ORS,Platelets,Paracetamol,1100,127.78,0
2024-03-31,1075,Williams-Lin Hospital,Hensleybury,Mississippi,4,1,274,36,189,193,70,19,45,13,Amoxicillin,Azithromycin,Cough Syrup,822,97.93,0
2024-04-01,1012,Sanders and Sons Hospital,Conradview,Oregon,5,0,91,11,84,123,42,6,15,5,Ciprofloxacin,Azithromycin,ORS,273,68.29,2
2024-04-02,1038,Harris PLC Hospital,South William,Mississippi,2,2,489,110,460,366,228,39,104,60,Paracetamol,Azithromycin,Vitamin C,1467,125.68,0
2024-04-03,1094,"Soto, Gordon and Diaz Hospital",Gabrielland,Delaware,2,0,261,21,165,488,103,25,56,10,Paracetamol,Azithromycin,Vitamin C,1044,33.81,1
2024-04-04,1043,"Mcdaniel, Green and Burns Hospital",New Kennethmouth,New Mexico,5,1,118,23,102,513,54,6,18,14,Ciprofloxacin,Azithromycin,ORS,354,19.88,1
2024-04-05,1052,"Thomas, Garcia and Smith Hospital",South Kyleshire,Maine,4,1,305,49,287,357,96,29,83,34,Amoxicillin,Azithromycin,Cough Syrup,1525,80.39,2
2024-04-06,1098,"Espinoza, Mills and Hall Hospital",Nicolasberg,Arkansas,5,2,398,35,364,234,145,31,72,27,Ciprofloxacin,Azithromycin,ORS,1990,155.56,0
2024-04-07,1085,Obrien-Russell Hospital,Nunezfurt,New Jersey,3,2,256,35,221,434,60,26,66,16,Chloroquine,Artemisinin,Primaquine,768,50.92,1
2024-04-08,1067,"Stewart, Martinez and David Hospital",Dorothyside,Illinois,5,0,240,31,175,112,84,13,36,23,Ciprofloxacin,Azithromycin,ORS,960,156.25,0
2024-04-09,1039,Thomas-Rodgers Hospital,Charlesberg,South Dakota,4,0,101,21,78,148,28,7,23,15,Amoxicillin,Azithromycin,Cough Syrup,505,52.7,1
2024-04-10,1000,Bowen Inc Hospital,West Samuel,New Mexico,5,2,305,53,235,144,136,32,88,19,Ciprofloxacin,Azithromycin,ORS,1220,163.19,0
2024-04-11,1004,"Burton, Raymond and Brady Hospital",Traceyhaven,Arizona,2,2,357,52,220,145,92,31,74,31,Paracetamol,Azithromycin,Vitamin C,1785,151.72,0
2024-04-12,1081,"Byrd, Tucker and Davis Hospital",Raymondbury,Virginia,4,1,361,69,232,508,159,36,67,34,Amoxicillin,Azithromycin,Cough Syrup,722,45.67,1
2024-04-13,1032,Davis-Turner Hospital,Patrickhaven,Utah,2,0,80,11,64,427,31,9,12,5,Paracetamol,Azithromycin,Vitamin C,240,14.99,1
2024-04-14,1011,"Smith, Jackson and Taylor Hospital",Julieville,Utah,0,0,99,19,68,481,36,7,17,12,Remdesivir,Paracetamol,Oxygen Support,495,14.14,1
2024-04-15,1007,Phillips-Villarreal Hospital,Robinsonstad,Wisconsin,1,2,372,59,310,207,114,22,103,36,ORS,Platelets,Paracetamol,1488,149.76,0
2024-04-16,1087,Martinez Inc Hospital,West Jamesview,Minnesota,4,0,76,14,51,526,19,8,20,10,Amoxicillin,Azithromycin,Cough Syrup,228,9.7,1
2024-04-17,1020,Steele-Riley Hospital,Lake Jasontown,Nebraska,0,0,104,24,88,204,41,9,27,8,Remdesivir,Paracetamol,Oxygen Support,312,43.14,1
2024-04-18,1077,Stephens-Rivera Hospital,West Amymouth,Michigan,4,1,436,75,325,487,202,49,110,52,Amoxicillin,Azithromycin,Cough Syrup,2180,66.74,2
2024-04-19,1083,Erickson Group Hospital,Johnsonmouth,Pennsylvania,2,1,201,36,185,142,99,13,36,18,Paracetamol,Azithromycin,Vitamin C,603,130.28,0
2024-04-20,1032,Murray PLC Hospital,Bennettburgh,Oregon,4,2,56,9,36,174,23,4,12,2,Amoxicillin,Azithromycin,Cough Syrup,168,20.69,1
2024-04-21,1072,"Munoz, Brown and Ruiz Hospital",Kylemouth,Louisiana,2,0,159,18,131,597,60,11,35,7,Paracetamol,Azithromycin,Vitamin C,795,21.94,1
2024-04-22,1016,Benjamin Group Hospital,Blackburnfort,Illinois,2,1,343,31,223,113,138,29,92,24,Paracetamol,Azithromycin,Vitamin C,686,197.35,0
2024-04-23,1096,Mullen-Mcneil Hospital,Harrisview,California,3,0,200,47,131,175,74,22,43,20,Chloroquine,Artemisinin,Primaquine,800,74.86,2
2024-04-24,1088,"Hampton, Carr and Clark Hospital",South Stephanie,Kentucky,5,0,332,61,308,104,71,16,55,25,Ciprofloxacin,Azithromycin,ORS,664,296.15,0
2024-04-25,1082,Tran Inc Hospital,South Jamesshire,Nebraska,2,2,450,99,318,417,156,52,126,55,Paracetamol,Azithromycin,Vitamin C,1350,76.26,2
2024-04-26,1084,"Lopez, Walker and Summers Hospital",Tylertown,Pennsylvania,2,0,465,107,336,393,190,30,75,72,Paracetamol,Azithromycin,Vitamin C,930,85.5,0
2024-04-27,1041,Duke-Baxter Hospital,Sheashire,Vermont,2,0,113,28,106,335,31,9,27,15,Paracetamol,Azithromycin,Vitamin C,226,31.64,1
2024-04-28,1010,Smith Inc Hospital,Katherineton,Virginia,0,0,187,37,143,598,40,19,30,20,Remdesivir,Paracetamol,Oxygen Support,935,23.91,1
2024-04-29,1066,"Phillips, Edwards and Snyder Hospital",Bakerville,Ohio,1,2,195,47,167,427,43,18,46,29,ORS,Platelets,Paracetamol,390,39.11,1
2024-04-30,1095,Odom PLC Hospital,Chadmouth,New Hampshire,1,2,220,48,174,483,55,13,55,21,ORS,Platelets,Paracetamol,440,36.02,1
2024-05-01,1073,Wood and Sons Hospital,South Patrick,Wisconsin,5,2,248,53,217,147,112,12,67,41,Ciprofloxacin,Azithromycin,ORS,496,147.62,0
2024-05-02,1069,Palmer-Williams Hospital,Port Robinland,Arkansas,4,1,398,76,298,212,170,24,96,42,Amoxicillin,Azithromycin,Cough Syrup,796,140.57,0
2024-05-03,1063,Conner-Walton Hospital,Port Justinberg,South Carolina,2,1,126,14,102,595,42,11,37,6,Paracetamol,Azithromycin,Vitamin C,252,17.14,1
2024-05-04,1078,"Norman, Dunn and Lopez Hospital",Lake Lydiafort,Oklahoma,5,2,57,8,45,181,27,3,16,4,Ciprofloxacin,Azithromycin,ORS,171,24.86,1
2024-05-05,1082,Mason PLC Hospital,Port Jodi,Pennsylvania,3,2,380,86,288,496,173,21,108,53,Chloroquine,Artemisinin,Primaquine,1520,58.06,1
2024-05-06,1033,"Levy, Carter and Johnson Hospital",Cainview,Wisconsin,3,2,104,9,65,439,42,10,29,5,Chloroquine,Artemisinin,Primaquine,312,14.81,1
2024-05-07,1084,Thompson-Carter Hospital,Amandamouth,Alaska,3,2,416,89,308,451,171,28,69,39,Chloroquine,Artemisinin,Primaquine,1664,68.29,2
2024-05-08,1003,Brown Ltd Hospital,West Georgefort,Florida,0,0,320,70,302,521,131,20,81,43,Remdesivir,Paracetamol,Oxygen Support,1600,57.97,1
2024-05-09,1052,"Vargas, Beck and Garcia Hospital",Garrettberg,Alaska,5,0,79,14,65,504,24,4,17,8,Ciprofloxacin,Azithromycin,ORS,237,12.9,1
2024-05-10,1039,Randall and Sons Hospital,Lake Christopherchester,New Jersey,3,1,246,27,222,548,109,29,48,17,Chloroquine,Artemisinin,Primaquine,984,40.51,1
2024-05-11,1013,Combs-Jenkins Hospital,Lake Edward,Oklahoma,5,1,85,19,69,564,40,5,19,10,Ciprofloxacin,Azithromycin,ORS,170,12.23,1
2024-05-12,1067,"Delacruz, Gray and Carroll Hospital",Shermanberg,Kansas,0,1,457,93,358,199,171,29,126,63,Remdesivir,Paracetamol,Oxygen Support,914,179.9,0
2024-05-13,1082,Rodriguez-Clark Hospital,Churchburgh,Illinois,4,1,189,31,122,467,67,18,49,22,Amoxicillin,Azithromycin,Cough Syrup,567,26.12,1
2024-05-14,1023,Johnson Ltd Hospital,Terryhaven,Iowa,0,1,336,49,308,459,155,39,82,27,Remdesivir,Paracetamol,Oxygen Support,1344,67.1,2
2024-05-15,1053,"Walker, Kramer and Phillips Hospital",West Debraburgh,Arizona,3,2,61,9,46,599,27,6,16,2,Chloroquine,Artemisinin,Primaquine,183,7.68,1
2024-05-16,1078,Avila PLC Hospital,East Mercedes,Hawaii,5,1,109,25,101,126,42,9,26,8,Ciprofloxacin,Azithromycin,ORS,436,80.16,2
2024-05-17,1062,"Obrien, Rivers and Murphy Hospital",South Jamesport,Alabama,3,0,54,10,33,328,17,2,12,3,Chloroquine,Artemisinin,Primaquine,270,10.06,1
2024-05-18,1026,Mcconnell-Orr Hospital,Leemouth,Delaware,1,2,293,36,259,400,91,24,62,24,ORS,Platelets,Paracetamol,1465,64.75,1
2024-05-19,1051,"Mitchell, Ward and Murphy Hospital",East Tracychester,South Carolina,1,0,391,62,326,489,174,36,60,42,ORS,Platelets,Paracetamol,1955,66.67,2
2024-05-20,1089,Weber Inc Hospital,Petersenchester,Connecticut,4,0,98,8,77,230,21,9,26,6,Amoxicillin,Azithromycin,Cough Syrup,294,33.48,1
2024-05-21,1022,Walters-Thompson Hospital,Port Steveshire,Illinois,3,2,353,65,269,382,112,35,75,47,Chloroquine,Artemisinin,Primaquine,1765,70.42,2
2024-05-22,1028,"Owens, Parrish and Ray Hospital",South Amandashire,South Dakota,0,0,478,114,369,438,186,49,124,84,Remdesivir,Paracetamol,Oxygen Support,1434,84.25,2
2024-05-23,1063,Johnson-Cochran Hospital,South Jennifer,Iowa,3,2,470,40,291,171,104,53,105,30,Chloroquine,Artemisinin,Primaquine,1880,170.18,0
2024-05-24,1041,Marsh Group Hospital,Murrayfort,Maryland,5,1,318,52,295,200,94,24,70,30,Ciprofloxacin,Azithromycin,ORS,1272,147.5,0
2024-05-25,1100,"Wright, Fisher and Smith Hospital",South Kennethborough,Kansas,5,1,72,11,47,166,25,7,15,4,Ciprofloxacin,Azithromycin,ORS,360,28.31,1
2024-05-26,1032,Greene and Sons Hospital,East Stephentown,Rhode Island,5,1,348,70,319,435,84,23,102,51,Ciprofloxacin,Azithromycin,ORS,696,73.33,2
2024-05-27,1076,"Glass, Kramer and Suarez Hospital",Emilyfurt,Missouri,5,1,219,20,188,210,102,18,47,6,Ciprofloxacin,Azithromycin,ORS,1095,89.52,0
2024-05-28,1040,"Wilson, Harris and Solomon Hospital",South Karen,Illinois,1,2,228,37,214,571,92,21,50,25,ORS,Platelets,Paracetamol,912,37.48,1
2024-05-29,1006,Taylor Ltd Hospital,Josephfurt,Alabama,0,0,301,66,252,239,123,28,45,38,Remdesivir,Paracetamol,Oxygen Support,602,105.44,0
2024-05-30,1082,"Matthews, Myers and Gentry Hospital",North Robertbury,Montana,4,0,248,21,234,436,82,21,41,14,Amoxicillin,Azithromycin,Cough Syrup,992,53.67,1
2024-05-31,1021,Pierce-Stanley Hospital,Evansstad,Iowa,2,0,451,45,363,454,210,53,113,14,Paracetamol,Azithromycin,Vitamin C,2255,79.96,2
2024-06-01,1059,"Wolf, Benitez and Santiago Hospital",Lisaville,New York,5,2,116,16,88,543,57,7,21,8,Ciprofloxacin,Azithromycin,ORS,464,16.21,1
2024-06-02,1044,Lee-Cook Hospital,Jimenezhaven,Kansas,3,1,369,64,246,300,162,26,83,37,Chloroquine,Artemisinin,Primaquine,1476,82.0,2
2024-06-03,1001,Boyd-Arnold Hospital,Danielfurt,Massachusetts,4,1,323,78,268,497,119,22,82,44,Amoxicillin,Azithromycin,Cough Syrup,969,53.92,1
2024-06-04,1029,"Armstrong, Elliott and Hardy Hospital",Brandonport,Michigan,2,0,163,35,129,409,33,11,48,21,Paracetamol,Azithromycin,Vitamin C,326,31.54,1
2024-06-05,1033,Dorsey Inc Hospital,Burkestad,Mississippi,4,1,184,16,127,132,74,13,31,9,Amoxicillin,Azithromycin,Cough Syrup,736,96.21,0
2024-06-06,1044,Ray and Sons Hospital,Rhondafort,Maryland,0,2,253,27,236,158,89,26,50,16,Remdesivir,Paracetamol,Oxygen Support,759,149.37,0
2024-06-07,1064,Strong-Jimenez Hospital,South Catherine,Missouri,5,1,65,12,49,583,14,6,16,6,Ciprofloxacin,Azithromycin,ORS,195,8.4,1
2024-06-08,1022,Jones-Morrison Hospital,Bernardland,New Jersey,1,1,452,112,348,202,113,47,91,77,ORS,Platelets,Paracetamol,904,172.28,0
2024-06-09,1065,"Russo, Hernandez and Brewer Hospital",Sanchezport,Iowa,5,0,441,35,370,154,89,28,122,10,Ciprofloxacin,Azithromycin,ORS,882,240.26,0
2024-06-10,1043,Chen-Davis Hospital,West Jason,Missouri,4,0,141,30,113,127,47,14,22,17,Amoxicillin,Azithromycin,Cough Syrup,705,88.98,0
2024-06-11,1070,"Rodriguez, Alexander and Hamilton Hospital",Adamsstad,Utah,3,0,316,39,251,597,126,36,92,19,Chloroquine,Artemisinin,Primaquine,948,42.04,1
2024-06-12,1031,Simon-Lewis Hospital,Port Reneefurt,Montana,2,0,453,64,370,228,137,51,81,47,Paracetamol,Azithromycin,Vitamin C,906,162.28,0
2024-06-13,1072,Marks-Hoover Hospital,North Ashleyview,West Virginia,0,2,388,33,261,419,180,31,86,19,Remdesivir,Paracetamol,Oxygen Support,1164,62.29,1
2024-06-14,1037,Ross Inc Hospital,East Amy,Nevada,4,0,182,15,113,238,76,21,31,7,Amoxicillin,Azithromycin,Cough Syrup,546,47.48,1
2024-06-15,1002,"Johnson, Anderson and Martinez Hospital",Anthonystad,Maryland,2,2,314,59,256,305,105,17,70,28,Paracetamol,Azithromycin,Vitamin C,942,83.93,2
2024-06-16,1078,Brown PLC Hospital,North Claytonhaven,New Mexico,5,1,212,17,186,112,89,13,43,10,Ciprofloxacin,Azithromycin,ORS,424,166.07,0
2024-06-17,1055,"Rivera, Diaz and Robinson Hospital",Christopherton,Virginia,0,0,330,53,271,472,84,21,94,17,Remdesivir,Paracetamol,Oxygen Support,1320,57.42,1
2024-06-18,1038,Richardson Inc Hospital,East Angelica,Pennsylvania,4,1,167,24,148,357,75,19,33,9,Amoxicillin,Azithromycin,Cough Syrup,334,41.46,1
2024-06-19,1032,Elliott Ltd Hospital,Ashleyberg,Hawaii,1,2,147,26,126,549,49,13,22,12,ORS,Platelets,Paracetamol,441,22.95,1
2024-06-20,1060,Li Inc Hospital,Monicamouth,California,0,0,364,57,318,113,120,23,64,31,Remdesivir,Paracetamol,Oxygen Support,1456,281.42,0
2024-06-21,1094,"Benson, Smith and Riley Hospital",South Michael,Maine,0,1,429,39,261,514,201,33,100,20,Remdesivir,Paracetamol,Oxygen Support,1287,50.78,1
2024-06-22,1024,"Winters, Baker and Valdez Hospital",South Sarah,Tennessee,3,1,249,60,231,150,63,21,43,40,Chloroquine,Artemisinin,Primaquine,1245,154.0,0
2024-06-23,1024,Griffin Ltd Hospital,East Laurenville,Louisiana,4,1,423,40,371,492,110,24,121,18,Amoxicillin,Azithromycin,Cough Syrup,1692,75.41,2
2024-06-24,1065,Adams-Hill Hospital,East Brianmouth,North Carolina,3,2,382,48,274,195,156,34,95,27,Chloroquine,Artemisinin,Primaquine,1910,140.51,0
2024-06-25,1038,"Simmons, Hunt and Sanchez Hospital",Laneport,North Carolina,0,2,428,91,263,456,181,44,120,60,Remdesivir,Paracetamol,Oxygen Support,1712,57.68,1
2024-06-26,1095,Valdez-Brown Hospital,Barreratown,Ohio,3,0,153,36,113,225,34,10,40,14,Chloroquine,Artemisinin,Primaquine,459,50.22,1
2024-06-27,1000,"Smith, Green and Hardin Hospital",South Karenport,Arizona,0,0,253,39,233,483,112,15,49,14,Remdesivir,Paracetamol,Oxygen Support,1012,48.24,1
2024-06-28,1027,"Atkinson, Moses and Short Hospital",New Nina,Hawaii,1,2,218,43,167,214,73,15,46,26,ORS,Platelets,Paracetamol,872,78.04,2
2024-06-29,1084,"Pearson, Sims and Guerrero Hospital",Hollymouth,Iowa,1,0,74,6,69,349,25,8,18,2,ORS,Platelets,Paracetamol,222,19.77,1
2024-06-30,1023,Martinez PLC Hospital,Jonesstad,Connecticut,3,0,321,55,268,130,147,33,70,17,Chloroquine,Artemisinin,Primaquine,1605,206.15,0
2024-07-01,1100,Garcia-Wilkerson Hospital,Jessicachester,North Dakota,5,0,96,18,81,186,39,8,25,12,Ciprofloxacin,Azithromycin,ORS,288,43.55,1
2024-07-02,1040,Saunders LLC Hospital,New Curtis,Michigan,2,1,54,8,33,124,21,6,9,4,Paracetamol,Azithromycin,Vitamin C,216,26.61,1
2024-07-03,1085,Perry-Avery Hospital,New Connor,South Carolina,5,1,310,32,233,120,135,25,48,14,Ciprofloxacin,Azithromycin,ORS,620,194.17,0
2024-07-04,1037,"Ellis, Fernandez and Floyd Hospital",Lake Victor,New Hampshire,2,1,436,64,413,381,182,33,130,34,Paracetamol,Azithromycin,Vitamin C,2180,108.4,0
2024-07-05,1087,Smith Inc Hospital,Brittanyville,Pennsylvania,2,1,348,65,278,509,110,31,90,44,Paracetamol,Azithromycin,Vitamin C,1044,54.62,1
2024-07-06,1097,David-Cowan Hospital,East Victoria,New Mexico,1,2,463,101,368,578,184,30,115,36,ORS,Platelets,Paracetamol,2315,63.67,1
2024-07-07,1013,Melton-Hunter Hospital,Morganbury,Delaware,0,0,251,61,215,289,65,12,47,29,Remdesivir,Paracetamol,Oxygen Support,1004,74.39,2
2024-07-08,1066,Hanson LLC Hospital,Caseyton,Delaware,1,2,477,89,416,477,124,35,75,47,ORS,Platelets,Paracetamol,1908,87.21,0
2024-07-09,1001,"Williams, Wu and Johnson Hospital",East Michael,California,5,2,256,50,169,596,89,26,64,17,Ciprofloxacin,Azithromycin,ORS,512,28.36,1
2024-07-10,1081,Holland-Rollins Hospital,Lake Sandraside,Rhode Island,0,0,485,65,338,524,223,51,119,22,Remdesivir,Paracetamol,Oxygen Support,1455,64.5,1
2024-07-11,1026,"Baker, Brown and Ramirez Hospital",East Brandyview,Indiana,0,0,264,36,203,428,76,26,58,22,Remdesivir,Paracetamol,Oxygen Support,792,47.43,1
2024-07-12,1045,Mitchell Inc Hospital,South Max,North Carolina,5,2,294,64,278,115,96,17,70,26,Ciprofloxacin,Azithromycin,ORS,882,241.74,0
2024-07-13,1001,"Salinas, Ward and Clark Hospital",Lake Timothyville,Massachusetts,1,0,382,48,337,272,137,40,100,38,ORS,Platelets,Paracetamol,1146,123.9,0
2024-07-14,1082,Hickman-Barnes Hospital,Port Tristanland,Indiana,1,2,484,104,433,319,222,32,134,42,ORS,Platelets,Paracetamol,1936,135.74,0
2024-07-15,1097,Larson-Williams Hospital,Port Deborahfurt,North Dakota,3,2,383,75,300,101,134,41,82,34,Chloroquine,Artemisinin,Primaquine,766,297.03,0
2024-07-16,1089,Burns Inc Hospital,Justintown,Hawaii,5,2,494,96,347,425,233,28,132,39,Ciprofloxacin,Azithromycin,ORS,1976,81.65,2
2024-07-17,1042,Malone-Taylor Hospital,South Bethany,Mississippi,3,0,299,29,221,139,63,18,49,13,Chloroquine,Artemisinin,Primaquine,1495,158.99,0
2024-07-18,1023,Flores PLC Hospital,Mirandaside,Mississippi,4,0,316,48,224,300,136,18,56,15,Amoxicillin,Azithromycin,Cough Syrup,1580,74.67,2
2024-07-19,1015,Wilson-Nichols Hospital,New Samuel,Ohio,2,2,146,26,100,473,39,16,33,11,Paracetamol,Azithromycin,Vitamin C,438,21.14,1
2024-07-20,1090,Montgomery-Mathis Hospital,South Mariaborough,North Carolina,5,1,236,43,208,203,56,26,35,13,Ciprofloxacin,Azithromycin,ORS,472,102.46,0
2024-07-21,1016,"Harvey, Clarke and Wilcox Hospital",Cervanteschester,Nebraska,4,2,224,51,153,359,82,12,62,31,Amoxicillin,Azithromycin,Cough Syrup,448,42.62,1
2024-07-22,1020,Giles Ltd Hospital,New Michaelport,Illinois,4,1,140,16,113,354,37,12,30,9,Amoxicillin,Azithromycin,Cough Syrup,700,31.92,1
2024-07-23,1024,Fowler Inc Hospital,Port Jonathanside,Virginia,5,0,349,60,235,421,156,30,97,37,Ciprofloxacin,Azithromycin,ORS,1396,55.82,1
2024-07-24,1025,"Flores, Watson and Ortega Hospital",West Erichaven,Vermont,5,1,381,50,336,393,132,24,70,16,Ciprofloxacin,Azithromycin,ORS,762,85.5,0
2024-07-25,1049,Johnson LLC Hospital,Jeremiahmouth,Kansas,2,2,245,39,162,520,58,19,72,12,Paracetamol,Azithromycin,Vitamin C,980,31.15,1
2024-07-26,1002,Nielsen Inc Hospital,Cameronchester,Oklahoma,5,2,110,14,90,430,53,12,26,5,Ciprofloxacin,Azithromycin,ORS,440,20.93,1
2024-07-27,1035,Dominguez-Medina Hospital,Johnstad,New Mexico,4,1,448,59,332,309,199,28,129,38,Amoxicillin,Azithromycin,Cough Syrup,1792,107.44,0
2024-07-28,1038,Carson-Shaw Hospital,Port Rebeccaborough,Georgia,3,1,298,46,189,326,75,31,47,23,Chloroquine,Artemisinin,Primaquine,894,57.98,1
2024-07-29,1098,Smith Group Hospital,Port Alanmouth,Mississippi,3,1,379,93,342,593,121,43,108,72,Chloroquine,Artemisinin,Primaquine,1516,57.67,1
2024-07-30,1056,Mitchell-Boyd Hospital,West Lisaview,North Dakota,3,1,224,21,158,472,72,20,42,14,Chloroquine,Artemisinin,Primaquine,672,33.47,1
2024-07-31,1006,Powell-Moon Hospital,Ramirezburgh,Arizona,3,1,407,52,336,427,81,26,91,41,Chloroquine,Artemisinin,Primaquine,1221,78.69,2
2024-08-01,1099,Allen Group Hospital,Port Jamesborough,North Dakota,4,2,273,56,255,319,135,15,46,37,Amoxicillin,Azithromycin,Cough Syrup,1365,79.94,2
2024-08-02,1065,Pollard and Sons Hospital,Ruizfort,Michigan,1,0,183,30,173,137,38,17,30,9,ORS,Platelets,Paracetamol,732,126.28,0
2024-08-03,1029,"Wright, Fisher and Hernandez Hospital",West Nancyberg,Arkansas,3,2,185,40,127,202,54,14,31,13,Chloroquine,Artemisinin,Primaquine,370,62.87,1
2024-08-04,1079,"Cook, Smith and Potter Hospital",North Randy,Missouri,1,0,475,72,310,592,187,50,99,29,ORS,Platelets,Paracetamol,950,52.36,1
2024-08-05,1012,Parker-Griffith Hospital,Mcgeeville,Florida,3,0,412,48,339,150,132,41,88,22,Chloroquine,Artemisinin,Primaquine,1648,226.0,0
2024-08-06,1061,"Medina, Torres and Pope Hospital",East Amy,Florida,2,0,195,22,133,491,93,14,49,15,Paracetamol,Azithromycin,Vitamin C,975,27.09,1
2024-08-07,1027,"Johnson, Chambers and Moore Hospital",East Yolanda,Alabama,2,2,380,36,358,534,187,20,102,25,Paracetamol,Azithromycin,Vitamin C,1900,67.04,2
2024-08-08,1085,"Smith, Adams and Donovan Hospital",Campbellstad,Pennsylvania,4,1,178,29,164,418,64,13,29,12,Amoxicillin,Azithromycin,Cough Syrup,890,39.23,1
2024-08-09,1081,"Jimenez, Lee and Bailey Hospital",West James,Washington,5,1,225,33,197,165,48,19,44,17,Ciprofloxacin,Azithromycin,ORS,1125,119.39,0
2024-08-10,1098,Williams-Wheeler Hospital,Lake Sandra,Florida,0,2,250,34,232,123,57,22,69,16,Remdesivir,Paracetamol,Oxygen Support,750,188.62,0
2024-08-11,1057,Ramirez LLC Hospital,Whitebury,Arkansas,2,1,153,17,127,372,36,15,42,8,Paracetamol,Azithromycin,Vitamin C,765,34.14,1
2024-08-12,1068,Mcdonald-Evans Hospital,East Kristaport,Arizona,3,1,65,8,55,252,25,5,11,5,Chloroquine,Artemisinin,Primaquine,195,21.83,1
2024-08-13,1088,"Taylor, Williams and Heath Hospital",Cherylborough,Maine,5,1,474,84,449,177,154,53,141,43,Ciprofloxacin,Azithromycin,ORS,2370,253.67,0
2024-08-14,1084,Perkins Ltd Hospital,North Jasmineberg,North Carolina,3,2,346,42,310,600,172,23,75,19,Chloroquine,Artemisinin,Primaquine,1384,51.67,1
2024-08-15,1052,Butler LLC Hospital,North Stephanie,Kentucky,3,1,120,15,81,521,46,10,35,9,Chloroquine,Artemisinin,Primaquine,480,15.55,1
2024-08-16,1099,Carroll Ltd Hospital,New Marie,West Virginia,2,0,92,22,76,254,43,5,26,12,Paracetamol,Azithromycin,Vitamin C,368,29.92,1
2024-08-17,1048,"Lee, Sexton and Mendez Hospital",Christopherbury,Minnesota,2,1,213,24,145,164,70,19,48,8,Paracetamol,Azithromycin,Vitamin C,852,88.41,0
2024-08-18,1073,Watson Ltd Hospital,North Leslie,Vermont,4,2,152,25,113,421,72,17,33,17,Amoxicillin,Azithromycin,Cough Syrup,760,26.84,1
2024-08-19,1029,Bell-Warner Hospital,Kimstad,Nebraska,0,2,168,26,152,156,36,8,32,17,Remdesivir,Paracetamol,Oxygen Support,504,97.44,0
2024-08-20,1015,"Sanchez, Reynolds and Calhoun Hospital",Tinaview,Wisconsin,3,1,203,48,136,100,48,18,31,33,Chloroquine,Artemisinin,Primaquine,406,136.0,0
2024-08-21,1046,Nelson LLC Hospital,Leroyberg,New Mexico,3,2,222,27,198,455,104,20,52,8,Chloroquine,Artemisinin,Primaquine,444,43.52,1
2024-08-22,1039,Compton-Clark Hospital,Lake Jacobchester,Connecticut,4,1,92,21,80,599,18,9,20,15,Amoxicillin,Azithromycin,Cough Syrup,368,13.36,1
2024-08-23,1099,"Kelly, Torres and Flynn Hospital",Annafurt,Oregon,4,2,80,18,51,146,23,8,21,14,Amoxicillin,Azithromycin,Cough Syrup,240,34.93,1
2024-08-24,1059,Wade-Shepherd Hospital,Smithmouth,Montana,5,0,349,75,233,110,114,37,56,39,Ciprofloxacin,Azithromycin,ORS,698,211.82,0
2024-08-25,1022,Merritt Inc Hospital,South Ronald,Wisconsin,2,1,480,96,438,455,119,33,77,35,Paracetamol,Azithromycin,Vitamin C,960,96.26,0
2024-08-26,1007,"Gallegos, Weaver and Simpson Hospital",Lake Jacqueline,Maine,3,2,422,104,264,486,92,28,92,33,Chloroquine,Artemisinin,Primaquine,2110,54.32,1
2024-08-27,1091,Rodriguez-Brown Hospital,East Carl,Rhode Island,1,1,231,22,166,126,95,27,57,17,ORS,Platelets,Paracetamol,1155,131.75,0
2024-08-28,1073,Kim-Liu Hospital,Richardsland,New Mexico,4,0,144,20,120,387,68,9,41,12,Amoxicillin,Azithromycin,Cough Syrup,576,31.01,1
2024-08-29,1010,Lester Group Hospital,Jamesview,Florida,5,2,164,18,126,121,57,15,26,12,Ciprofloxacin,Azithromycin,ORS,820,104.13,0
2024-08-30,1081,Kim-Smith Hospital,Cartershire,Colorado,1,1,434,52,402,503,167,28,129,19,ORS,Platelets,Paracetamol,868,79.92,2
2024-08-31,1046,"Thompson, Ball and Cherry Hospital",Fitzpatrickburgh,Utah,2,2,472,70,391,300,105,46,118,36,Paracetamol,Azithromycin,Vitamin C,944,130.33,0
2024-09-01,1092,"Holmes, Lee and Harris Hospital",Lake James,Missouri,1,0,169,37,116,180,72,9,38,12,ORS,Platelets,Paracetamol,676,64.44,1
2024-09-02,1056,"Sampson, Little and Juarez Hospital",North Andrew,Oregon,0,1,309,69,204,216,107,36,60,40,Remdesivir,Paracetamol,Oxygen Support,618,94.44,0
2024-09-03,1069,Fitzgerald-White Hospital,Nelsonview,Kentucky,2,1,495,46,468,441,131,53,115,23,Paracetamol,Azithromycin,Vitamin C,1980,106.12,0
2024-09-04,1086,"Martinez, Becker and Mccarthy Hospital",West Eileen,Wisconsin,0,0,216,26,197,451,92,17,58,7,Remdesivir,Paracetamol,Oxygen Support,432,43.68,1
2024-09-05,1096,Mccarthy Group Hospital,Port Jeffreytown,Arkansas,4,1,428,95,332,473,173,26,100,29,Amoxicillin,Azithromycin,Cough Syrup,1712,70.19,2
2024-09-06,1031,"Tucker, Figueroa and Shaffer Hospital",Billybury,South Carolina,3,1,117,11,74,156,45,9,34,3,Chloroquine,Artemisinin,Primaquine,351,47.44,1
2024-09-07,1058,Zavala PLC Hospital,East Michaelport,Arkansas,0,2,134,32,89,380,49,12,28,16,Remdesivir,Paracetamol,Oxygen Support,670,23.42,1
2024-09-08,1093,Bray-Collier Hospital,New Meghan,South Carolina,3,1,479,101,438,425,110,34,134,68,Chloroquine,Artemisinin,Primaquine,958,103.06,0
2024-09-09,1097,Stewart-Lowery Hospital,Byrdstad,Indiana,0,0,215,20,156,581,73,13,64,6,Remdesivir,Paracetamol,Oxygen Support,860,26.85,1
2024-09-10,1089,"Roberts, Stone and Wells Hospital",Rhodeshaven,New Mexico,5,0,78,17,64,128,33,5,17,12,Ciprofloxacin,Azithromycin,ORS,312,50.0,1
2024-09-11,1012,Hodges-Mueller Hospital,West Geraldport,Nebraska,4,1,263,36,209,284,76,18,43,22,Amoxicillin,Azithromycin,Cough Syrup,1315,73.59,2
2024-09-12,1040,"Romero, Williams and Parker Hospital",East Lisa,Oklahoma,2,0,180,27,170,331,85,15,31,15,Paracetamol,Azithromycin,Vitamin C,540,51.36,1
2024-09-13,1086,Bishop Inc Hospital,Seanshire,Iowa,5,0,121,17,86,541,56,6,31,12,Ciprofloxacin,Azithromycin,ORS,605,15.9,1
2024-09-14,1023,"Flynn, Walker and Carey Hospital",Robertshire,Indiana,0,1,63,12,50,334,23,7,18,9,Remdesivir,Paracetamol,Oxygen Support,315,14.97,1
2024-09-15,1098,Ellison Ltd Hospital,South Philip,New Jersey,0,1,232,49,159,516,108,22,51,33,Remdesivir,Paracetamol,Oxygen Support,464,30.81,1
2024-09-16,1001,Rodriguez-Mata Hospital,West Feliciaborough,Minnesota,1,1,98,16,63,565,26,10,25,6,ORS,Platelets,Paracetamol,196,11.15,1
2024-09-17,1053,"Davis, Hopkins and Jacobs Hospital",West Kirsten,Nevada,2,0,403,75,366,472,109,29,81,44,Paracetamol,Azithromycin,Vitamin C,1209,77.54,2
2024-09-18,1052,Gonzalez-Hayes Hospital,Lake Michaelborough,Louisiana,2,1,233,39,220,463,116,19,37,23,Paracetamol,Azithromycin,Vitamin C,1165,47.52,1
2024-09-19,1003,Hunter LLC Hospital,Jordanfurt,Rhode Island,5,0,93,8,59,193,21,10,14,4,Ciprofloxacin,Azithromycin,ORS,186,30.57,1
2024-09-20,1031,Ramsey Ltd Hospital,New Larry,Alabama,1,0,462,104,366,325,126,32,91,41,ORS,Platelets,Paracetamol,2310,112.62,0
2024-09-21,1029,Ferguson-Young Hospital,South Donaldville,North Dakota,2,1,331,69,219,149,140,28,98,41,Paracetamol,Azithromycin,Vitamin C,1324,146.98,0
2024-09-22,1050,Campbell-Bentley Hospital,Lake Elizabethside,Hawaii,2,1,131,22,112,273,41,10,34,7,Paracetamol,Azithromycin,Vitamin C,393,41.03,1
2024-09-23,1014,"Alvarez, Gonzales and Williams Hospital",New Deannamouth,Missouri,5,0,446,38,397,424,203,29,129,28,Ciprofloxacin,Azithromycin,ORS,1338,93.63,0
2024-09-24,1060,Butler Ltd Hospital,Sullivanport,Louisiana,4,2,283,26,209,391,138,28,49,17,Amoxicillin,Azithromycin,Cough Syrup,1132,53.45,1
2024-09-25,1024,Mclaughlin Inc Hospital,Port Carla,Virginia,4,2,372,76,260,134,111,29,103,31,Amoxicillin,Azithromycin,Cough Syrup,1488,194.03,0
2024-09-26,1041,"Wilson, Nielsen and Mccoy Hospital",Joneschester,New Hampshire,3,0,232,35,215,543,84,22,64,25,Chloroquine,Artemisinin,Primaquine,696,39.59,1
2024-09-27,1000,"Reed, George and Perry Hospital",South Adrianshire,New Jersey,2,1,163,19,140,432,58,9,31,12,Paracetamol,Azithromycin,Vitamin C,489,32.41,1
2024-09-28,1060,"Henderson, Hansen and Davis Hospital",Thomasstad,Kansas,4,0,425,38,306,187,157,31,71,13,Amoxicillin,Azithromycin,Cough Syrup,1275,163.64,0
2024-09-29,1015,Duarte LLC Hospital,Veronicaville,Montana,1,0,327,35,239,365,162,29,53,19,ORS,Platelets,Paracetamol,1635,65.48,2
2024-09-30,1009,"Bryan, Wright and Hess Hospital",Lake Jenniferfort,California,0,2,232,27,170,402,96,17,47,15,Remdesivir,Paracetamol,Oxygen Support,928,42.29,1
2024-10-01,1073,"Valdez, Lewis and Montes Hospital",North Johnathan,Colorado,1,1,421,43,264,236,120,46,104,20,ORS,Platelets,Paracetamol,1263,111.86,0
2024-10-02,1048,Everett Ltd Hospital,Port Reneeburgh,Maine,3,1,121,17,73,551,33,13,25,9,Chloroquine,Artemisinin,Primaquine,363,13.25,1
2024-10-03,1078,Gregory Ltd Hospital,Montgomeryton,Ohio,3,2,217,32,148,229,105,19,64,16,Chloroquine,Artemisinin,Primaquine,434,64.63,1
2024-10-04,1077,Warren-Wagner Hospital,Bentleyfurt,South Dakota,3,1,499,87,339,388,247,39,137,45,Chloroquine,Artemisinin,Primaquine,1996,87.37,0
2024-10-05,1079,Rangel-Smith Hospital,East Justin,New York,5,0,451,48,294,504,178,38,117,18,Ciprofloxacin,Azithromycin,ORS,2255,58.33,1
2024-10-06,1074,"Hill, Hall and Warner Hospital",Millerburgh,Connecticut,0,0,382,95,340,553,140,29,64,73,Remdesivir,Paracetamol,Oxygen Support,1528,61.48,1
2024-10-07,1044,"Abbott, Olson and Scott Hospital",North Kristinmouth,Idaho,2,2,266,29,205,158,54,30,58,19,Paracetamol,Azithromycin,Vitamin C,1330,129.75,0
2024-10-08,1025,"Knox, Wilson and Jackson Hospital",Riveraville,Illinois,5,1,489,40,373,508,149,45,130,18,Ciprofloxacin,Azithromycin,ORS,978,73.43,2
2024-10-09,1016,"Fields, Castillo and Alvarez Hospital",Codytown,Michigan,0,0,435,50,322,129,141,25,127,16,Remdesivir,Paracetamol,Oxygen Support,1740,249.61,0
2024-10-10,1041,"Henson, Eaton and Griffin Hospital",West Kurt,New Jersey,5,1,74,14,67,125,21,4,18,9,Ciprofloxacin,Azithromycin,ORS,148,53.6,1
2024-10-11,1018,"Yoder, Foster and Johnson Hospital",North Julie,South Carolina,2,2,55,5,51,127,11,5,11,3,Paracetamol,Azithromycin,Vitamin C,220,40.16,1
2024-10-12,1056,Vang Inc Hospital,Katherineview,North Dakota,3,0,286,62,189,137,109,21,56,48,Chloroquine,Artemisinin,Primaquine,1430,137.96,0
2024-10-13,1002,Nguyen-Mayer Hospital,Crossfurt,Minnesota,4,0,120,11,105,308,35,13,24,5,Amoxicillin,Azithromycin,Cough Syrup,240,34.09,1
2024-10-14,1096,Johnson-Boyd Hospital,Paultown,Indiana,4,1,488,84,428,267,182,55,97,44,Amoxicillin,Azithromycin,Cough Syrup,1464,160.3,0
2024-10-15,1022,Pitts PLC Hospital,Andreaside,Mississippi,3,0,401,98,357,250,108,31,106,75,Chloroquine,Artemisinin,Primaquine,2005,142.8,0
2024-10-16,1022,Ramos Inc Hospital,Sabrinashire,Montana,0,0,344,37,293,560,166,23,77,17,Remdesivir,Paracetamol,Oxygen Support,1032,52.32,1
2024-10-17,1019,"Herrera, Soto and Chavez Hospital",Wattsport,Oregon,4,0,471,68,318,266,118,36,141,26,Amoxicillin,Azithromycin,Cough Syrup,942,119.55,0
2024-10-18,1006,"Lewis, Johnson and Reid Hospital",South Katherinestad,Michigan,5,1,58,5,54,280,14,4,16,1,Ciprofloxacin,Azithromycin,ORS,290,19.29,1
2024-10-19,1038,Mckinney LLC Hospital,Ashleyside,Wyoming,2,2,269,50,249,374,94,17,71,25,Paracetamol,Azithromycin,Vitamin C,1345,66.58,2
2024-10-20,1010,King PLC Hospital,East Albert,New Jersey,1,2,439,41,327,247,184,35,126,15,ORS,Platelets,Paracetamol,2195,132.39,0
2024-10-21,1100,Owens-Goodman Hospital,Henryfurt,South Carolina,2,2,499,60,462,269,184,48,135,30,Paracetamol,Azithromycin,Vitamin C,1996,171.75,0
2024-10-22,1092,Sullivan-Welch Hospital,Bethanyfurt,Maryland,3,2,230,48,206,364,96,25,52,33,Chloroquine,Artemisinin,Primaquine,690,56.59,1
2024-10-23,1040,Cox-Smith Hospital,Lake Brian,Oregon,2,0,482,49,326,587,134,41,139,27,Paracetamol,Azithromycin,Vitamin C,1446,55.54,1
2024-10-24,1060,"Peterson, Rivera and Montgomery Hospital",Lake Sethstad,Ohio,1,0,166,28,117,477,63,12,27,19,ORS,Platelets,Paracetamol,830,24.53,1
2024-10-25,1034,"Castillo, Jones and Garcia Hospital",Everettberg,Tennessee,5,1,411,76,248,132,158,21,77,39,Ciprofloxacin,Azithromycin,ORS,2055,187.88,0
2024-10-26,1000,Logan-Bauer Hospital,Jacksonville,New Jersey,4,0,170,39,144,398,41,13,26,24,Amoxicillin,Azithromycin,Cough Syrup,340,36.18,1
2024-10-27,1013,"Smith, Jones and Mack Hospital",Reidton,North Carolina,5,2,500,86,424,279,117,45,142,40,Ciprofloxacin,Azithromycin,ORS,1000,151.97,0
2024-10-28,1008,Price-Gonzales Hospital,Scottberg,Colorado,4,2,310,65,259,187,72,30,91,25,Amoxicillin,Azithromycin,Cough Syrup,1240,138.5,0
2024-10-29,1075,"Mitchell, Logan and Morton Hospital",East Justinside,New York,4,2,328,51,280,496,90,34,57,21,Amoxicillin,Azithromycin,Cough Syrup,1640,56.45,1
2024-10-30,1064,Garrett-Ferguson Hospital,Lake Ashleyshire,Louisiana,0,1,109,11,97,148,33,9,28,3,Remdesivir,Paracetamol,Oxygen Support,545,65.54,2
2024-10-31,1022,"Conner, Davis and Weiss Hospital",Anthonyfort,New Hampshire,1,2,78,7,49,433,37,4,16,3,ORS,Platelets,Paracetamol,156,11.32,1
2024-11-01,1050,"Lang, Clay and Banks Hospital",Jessicashire,Minnesota,3,1,186,29,143,565,40,12,38,21,Chloroquine,Artemisinin,Primaquine,372,25.31,1
2024-11-02,1017,Robinson-Gardner Hospital,South Leslie,Kentucky,2,0,203,43,155,231,45,20,48,18,Paracetamol,Azithromycin,Vitamin C,1015,67.1,2
2024-11-03,1065,Preston PLC Hospital,Parsonsshire,New Jersey,1,1,316,73,223,405,146,25,91,31,ORS,Platelets,Paracetamol,1580,55.06,1
2024-11-04,1060,"Diaz, Green and Hall Hospital",North Cory,Montana,4,2,434,89,337,166,123,38,106,63,Amoxicillin,Azithromycin,Cough Syrup,868,203.01,0
2024-11-05,1010,Aguirre-Chapman Hospital,West Rachelburgh,Wisconsin,2,1,165,29,124,142,47,10,34,15,Paracetamol,Azithromycin,Vitamin C,330,87.32,0
2024-11-06,1039,Grant and Sons Hospital,Hodgesbury,Montana,5,2,205,19,161,185,51,24,39,12,Ciprofloxacin,Azithromycin,ORS,410,87.03,0
2024-11-07,1078,"Collins, Reid and Hall Hospital",Warrenshire,Massachusetts,3,1,458,73,361,146,132,31,135,28,Chloroquine,Artemisinin,Primaquine,1832,247.26,0
2024-11-08,1054,Hall-Wells Hospital,New Davidstad,Alabama,3,0,420,80,377,146,158,28,109,48,Chloroquine,Artemisinin,Primaquine,840,258.22,0
2024-11-09,1034,Fowler-Sanchez Hospital,New Faithport,Virginia,1,2,99,21,81,149,34,8,16,15,ORS,Platelets,Paracetamol,495,54.36,1
2024-11-10,1006,"Rivera, Jones and Porter Hospital",Simmonschester,Florida,0,0,447,81,415,530,217,42,69,57,Remdesivir,Paracetamol,Oxygen Support,1788,78.3,2
2024-11-11,1041,"Thompson, Berry and Garrison Hospital",Port Lukeberg,Delaware,4,1,70,17,48,257,32,8,19,6,Amoxicillin,Azithromycin,Cough Syrup,210,18.68,1
2024-11-12,1043,Camacho Group Hospital,North Melissa,Wyoming,5,2,144,27,114,187,57,16,29,12,Ciprofloxacin,Azithromycin,ORS,288,60.96,1
2024-11-13,1091,"Clark, Scott and Nelson Hospital",Stephanieburgh,Illinois,5,1,241,50,175,379,71,12,49,19,Ciprofloxacin,Azithromycin,ORS,1205,46.17,1
2024-11-14,1091,"Stafford, Alvarado and Walker Hospital",West Brian,Louisiana,0,2,51,7,40,329,22,2,12,2,Remdesivir,Paracetamol,Oxygen Support,102,12.16,1
2024-11-15,1039,"Alvarez, Benitez and Medina Hospital",Martinezview,Michigan,0,1,167,27,155,583,62,15,42,18,Remdesivir,Paracetamol,Oxygen Support,668,26.59,1
2024-11-16,1060,"Zhang, David and Cochran Hospital",West Elizabeth,Montana,2,1,398,84,285,115,161,44,105,25,Paracetamol,Azithromycin,Vitamin C,1194,247.83,0
2024-11-17,1042,Jones PLC Hospital,North Joshuaborough,Nevada,0,1,470,77,295,187,152,47,72,51,Remdesivir,Paracetamol,Oxygen Support,940,157.75,0
2024-11-18,1044,Garcia-Vasquez Hospital,Lindseymouth,Texas,0,1,303,50,235,539,150,30,78,23,Remdesivir,Paracetamol,Oxygen Support,606,43.6,1
2024-11-19,1062,Joseph-Thomas Hospital,Vickifurt,New Hampshire,4,1,154,34,128,112,36,13,28,26,Amoxicillin,Azithromycin,Cough Syrup,462,114.29,0
2024-11-20,1059,Medina and Sons Hospital,Scottstad,North Dakota,5,1,71,10,65,490,15,5,15,4,Ciprofloxacin,Azithromycin,ORS,355,13.27,1
2024-11-21,1025,"West, Mathews and Snyder Hospital",South Kevinview,Vermont,4,0,203,27,191,559,51,12,31,17,Amoxicillin,Azithromycin,Cough Syrup,406,34.17,1
2024-11-22,1082,"Williams, Clark and Ellis Hospital",Port Anthony,Hawaii,0,0,167,28,137,581,53,14,29,19,Remdesivir,Paracetamol,Oxygen Support,334,23.58,1
2024-11-23,1085,Sullivan-Nguyen Hospital,Robinsonmouth,Utah,5,2,291,64,234,361,91,18,62,49,Ciprofloxacin,Azithromycin,ORS,1455,64.82,1
2024-11-24,1027,Martin-Lopez Hospital,Greenmouth,Texas,3,2,91,19,79,449,28,6,14,10,Chloroquine,Artemisinin,Primaquine,182,17.59,1
2024-11-25,1034,"Finley, Bryant and Kelly Hospital",Karenhaven,Oregon,5,0,415,99,333,559,166,45,64,50,Ciprofloxacin,Azithromycin,ORS,1660,59.57,1
2024-11-26,1062,Castaneda Inc Hospital,Kristinhaven,Nebraska,2,0,318,32,210,340,101,17,81,10,Paracetamol,Azithromycin,Vitamin C,1272,61.76,1
2024-11-27,1095,Gonzalez Group Hospital,Kyleburgh,Pennsylvania,0,1,251,24,198,111,109,14,46,10,Remdesivir,Paracetamol,Oxygen Support,1004,178.38,0
2024-11-28,1006,Hall Ltd Hospital,West Maurice,Oregon,0,1,122,14,99,453,57,10,34,10,Remdesivir,Paracetamol,Oxygen Support,610,21.85,1
2024-11-29,1069,"Mccarthy, Sandoval and Fry Hospital",Theodoreville,Virginia,0,1,68,10,45,228,22,7,14,5,Remdesivir,Paracetamol,Oxygen Support,272,19.74,1
2024-11-30,1041,Norman and Sons Hospital,Port Michelle,Oregon,4,2,167,30,147,303,63,12,39,11,Amoxicillin,Azithromycin,Cough Syrup,501,48.51,1
2024-12-01,1091,Miranda-Leonard Hospital,New Douglaston,California,5,1,83,12,70,125,17,9,18,5,Ciprofloxacin,Azithromycin,ORS,166,56.0,1
2024-12-02,1078,King-Lester Hospital,South David,Delaware,0,1,336,69,242,570,73,26,55,23,Remdesivir,Paracetamol,Oxygen Support,1680,42.46,1
2024-12-03,1045,Peterson Ltd Hospital,Lake Michaelland,Washington,4,0,248,57,175,110,74,25,56,17,Amoxicillin,Azithromycin,Cough Syrup,1240,159.09,0
2024-12-04,1043,Walter Inc Hospital,Romanfort,Oregon,2,2,251,48,209,196,118,26,43,21,Paracetamol,Azithromycin,Vitamin C,1255,106.63,0
2024-12-05,1057,Reynolds PLC Hospital,Brandonmouth,Missouri,0,0,355,70,221,506,109,28,69,22,Remdesivir,Paracetamol,Oxygen Support,1775,43.68,1
2024-12-06,1079,"James, Garrison and Haney Hospital",North Josefort,Missouri,1,0,477,57,384,153,190,25,83,41,ORS,Platelets,Paracetamol,954,250.98,0
2024-12-07,1050,Waters Inc Hospital,Khanside,Tennessee,0,0,302,52,286,428,133,30,50,32,Remdesivir,Paracetamol,Oxygen Support,604,66.82,2
2024-12-08,1036,Gonzales Group Hospital,West Reneechester,Indiana,4,1,302,24,188,266,104,20,52,7,Amoxicillin,Azithromycin,Cough Syrup,1208,70.68,2
2024-12-09,1020,"Smith, Burns and Lewis Hospital",Alvarezside,Georgia,1,2,259,31,199,578,52,25,73,17,ORS,Platelets,Paracetamol,518,34.43,1
2024-12-10,1067,"Wright, Rice and Powell Hospital",Shieldsburgh,Oklahoma,1,1,251,43,164,331,82,21,46,16,ORS,Platelets,Paracetamol,502,49.55,1
2024-12-11,1075,Parker and Sons Hospital,East Joannburgh,California,0,1,93,22,58,206,21,10,26,9,Remdesivir,Paracetamol,Oxygen Support,279,28.16,1
2024-12-12,1050,Myers Ltd Hospital,Shortborough,Washington,0,2,196,19,123,327,75,17,31,6,Remdesivir,Paracetamol,Oxygen Support,588,37.61,1
2024-12-13,1049,"Hudson, Hunt and Peters Hospital",Maryfort,Oregon,0,2,212,47,190,173,94,18,49,29,Remdesivir,Paracetamol,Oxygen Support,424,109.83,0
2024-12-14,1022,"Patterson, Matthews and Carter Hospital",Robertport,Rhode Island,2,0,89,10,64,206,21,4,25,5,Paracetamol,Azithromycin,Vitamin C,178,31.07,1
2024-12-15,1052,Green LLC Hospital,South Saramouth,Oklahoma,2,2,55,8,36,342,25,5,13,5,Paracetamol,Azithromycin,Vitamin C,110,10.53,1
2024-12-16,1073,Hall PLC Hospital,New Richard,Massachusetts,4,2,454,49,286,220,171,41,125,38,Amoxicillin,Azithromycin,Cough Syrup,1816,130.0,0
2024-12-17,1084,Burnett-Malone Hospital,Hannahport,Virginia,3,0,323,64,239,358,112,25,73,24,Chloroquine,Artemisinin,Primaquine,1615,66.76,2
2024-12-18,1010,Chambers and Sons Hospital,North Antonio,Oklahoma,1,0,408,92,307,322,95,27,77,44,ORS,Platelets,Paracetamol,816,95.34,0
2024-12-19,1080,Johnson-Thornton Hospital,South Emilyton,Iowa,2,2,402,37,265,380,159,21,78,20,Paracetamol,Azithromycin,Vitamin C,1206,69.74,2
2024-12-20,1100,Burke Inc Hospital,West Sheila,Wisconsin,1,2,213,27,184,534,69,16,43,12,ORS,Platelets,Paracetamol,639,34.46,1
2024-12-21,1023,"Miles, Foster and Wallace Hospital",Cruzstad,Delaware,1,1,100,24,67,241,33,9,24,15,ORS,Platelets,Paracetamol,400,27.8,1
2024-12-22,1072,"Jones, Orozco and Combs Hospital",Lake Danny,Nevada,4,1,445,104,307,597,134,36,104,68,Amoxicillin,Azithromycin,Cough Syrup,2225,51.42,1
2024-12-23,1092,Espinoza-Torres Hospital,South Antonio,Tennessee,5,1,388,31,280,456,92,43,94,16,Ciprofloxacin,Azithromycin,ORS,776,61.4,1
2024-12-24,1098,"Noble, Roberts and Kim Hospital",Gregoryland,North Dakota,1,1,301,43,199,515,115,31,76,17,ORS,Platelets,Paracetamol,903,38.64,1
2024-12-25,1031,Fisher-Chavez Hospital,Jefferyshire,North Carolina,3,1,348,81,257,494,95,35,104,57,Chloroquine,Artemisinin,Primaquine,696,52.02,1
2024-12-26,1040,Mcintyre-Hernandez Hospital,Trujilloburgh,Connecticut,3,0,236,49,219,213,109,18,65,28,Chloroquine,Artemisinin,Primaquine,708,102.82,0
2024-12-27,1016,"Logan, Weaver and Clark Hospital",Brendaside,Nevada,5,0,78,16,63,537,27,4,17,9,Ciprofloxacin,Azithromycin,ORS,390,11.73,1
2024-12-28,1083,Barrett Ltd Hospital,North Derrickland,Connecticut,1,0,214,31,145,585,44,11,38,18,ORS,Platelets,Paracetamol,642,24.79,1
2024-12-29,1084,"Gilmore, Mann and Davis Hospital",South Kenneth,Kansas,2,2,206,31,166,150,82,14,32,13,Paracetamol,Azithromycin,Vitamin C,412,110.67,0
2024-12-30,1064,Tran-Ford Hospital,Margaretfurt,Delaware,5,2,271,64,209,350,131,19,81,35,Ciprofloxacin,Azithromycin,ORS,542,59.71,1
2024-01-01,1038,Shaw Group Hospital,Lake Virginia,Alaska,5,1,371,37,306,128,132,43,88,12,Ciprofloxacin,Azithromycin,ORS,742,239.06,0
2024-01-02,1082,"Lozano, Jones and Williams Hospital",Lake Alexandria,Indiana,2,1,313,45,294,216,86,21,74,15,Paracetamol,Azithromycin,Vitamin C,626,136.11,0
2024-01-03,1009,Dalton-Roberts Hospital,Wagnerberg,West Virginia,1,2,444,74,396,263,203,32,67,32,ORS,Platelets,Paracetamol,888,150.57,0
2024-01-04,1025,Graham-Solomon Hospital,West James,Vermont,1,1,191,28,133,404,91,13,35,17,ORS,Platelets,Paracetamol,955,32.92,1
2024-01-05,1023,Rodgers Group Hospital,West Ashleymouth,California,3,1,286,25,223,218,139,23,68,15,Chloroquine,Artemisinin,Primaquine,1144,102.29,0
2024-01-06,1030,Cole-Myers Hospital,Chadland,Delaware,2,0,245,43,212,407,81,24,51,21,Paracetamol,Azithromycin,Vitamin C,980,52.09,1
2024-01-07,1085,"Evans, Gallegos and Gaines Hospital",Johnbury,Montana,2,0,202,42,190,134,41,17,51,26,Paracetamol,Azithromycin,Vitamin C,1010,141.79,0
2024-01-08,1074,"Roman, Roberts and Nelson Hospital",Edwinstad,Arkansas,5,1,328,49,205,492,136,23,90,34,Ciprofloxacin,Azithromycin,ORS,1312,41.67,1
2024-01-09,1066,Nixon-Carpenter Hospital,Paynehaven,South Carolina,1,1,399,93,360,469,153,46,92,50,ORS,Platelets,Paracetamol,1995,76.76,2
2024-01-10,1027,Patrick Inc Hospital,West Stephen,Kansas,0,1,378,48,303,233,141,33,103,32,Remdesivir,Paracetamol,Oxygen Support,1134,130.04,0
2024-01-11,1064,Meadows-Torres Hospital,Lorettahaven,Ohio,2,0,467,76,299,595,221,32,100,56,Paracetamol,Azithromycin,Vitamin C,934,50.25,1
2024-01-12,1092,Navarro PLC Hospital,Jessicachester,Idaho,4,1,380,49,309,250,128,40,107,37,Amoxicillin,Azithromycin,Cough Syrup,1520,123.6,0
2024-01-13,1006,"Moody, Roberts and Hood Hospital",East Hannah,Tennessee,5,1,477,118,299,577,204,55,81,72,Ciprofloxacin,Azithromycin,ORS,2385,51.82,1
2024-01-14,1080,"Rasmussen, Guzman and Rollins Hospital",Port Troy,Oklahoma,2,2,463,107,427,282,188,38,120,71,Paracetamol,Azithromycin,Vitamin C,2315,151.42,0
2024-01-15,1078,King and Sons Hospital,New Crystalhaven,Idaho,1,1,265,47,185,213,74,17,53,30,ORS,Platelets,Paracetamol,1060,86.85,0
2024-01-16,1050,"Carr, Rodriguez and White Hospital",Jenniferport,Indiana,5,2,155,16,108,561,68,11,30,8,Ciprofloxacin,Azithromycin,ORS,620,19.25,1
2024-01-17,1079,"Ramirez, Lara and Green Hospital",South Brianview,Kentucky,3,1,130,24,109,175,60,10,31,15,Chloroquine,Artemisinin,Primaquine,520,62.29,1
2024-01-18,1089,"Sutton, Brown and Bryan Hospital",Port Carla,South Dakota,5,2,132,27,104,462,33,15,26,18,Ciprofloxacin,Azithromycin,ORS,264,22.51,1
2024-01-19,1031,"Melton, Butler and Robinson Hospital",East Thomaston,Illinois,5,2,380,67,272,325,83,25,64,23,Ciprofloxacin,Azithromycin,ORS,1900,83.69,2
2024-01-20,1034,"Sanchez, Fields and Alvarez Hospital",West Joe,South Dakota,0,2,236,40,159,348,47,15,49,17,Remdesivir,Paracetamol,Oxygen Support,1180,45.69,1
2024-01-21,1047,Young-Hughes Hospital,Wrightchester,Wyoming,4,0,364,45,235,221,128,18,72,22,Amoxicillin,Azithromycin,Cough Syrup,728,106.33,0
2024-01-22,1032,Hall Inc Hospital,Holmesland,Mississippi,2,2,459,45,282,279,114,52,93,29,Paracetamol,Azithromycin,Vitamin C,918,101.08,0
2024-01-23,1031,"Jones, Christensen and Brown Hospital",North Anthonyburgh,Wisconsin,4,2,299,73,185,174,97,22,72,25,Amoxicillin,Azithromycin,Cough Syrup,1196,106.32,0
2024-01-24,1015,Rodriguez PLC Hospital,Brownborough,Wisconsin,2,0,426,57,259,390,86,46,123,31,Paracetamol,Azithromycin,Vitamin C,1278,66.41,2
2024-01-25,1018,"Petersen, Williams and Wade Hospital",Lake Theresaport,Wisconsin,2,2,330,67,235,124,109,26,53,21,Paracetamol,Azithromycin,Vitamin C,990,189.52,0
2024-01-26,1056,"Thomas, Myers and Peck Hospital",Rickyfort,Missouri,0,0,339,64,214,490,101,25,69,40,Remdesivir,Paracetamol,Oxygen Support,678,43.67,1
2024-01-27,1018,Robinson PLC Hospital,Morganville,Hawaii,3,2,344,43,310,369,104,25,77,18,Chloroquine,Artemisinin,Primaquine,1376,84.01,2
2024-01-28,1043,Bennett-Guerrero Hospital,Yolandaton,Wyoming,1,0,204,45,133,588,49,20,41,20,ORS,Platelets,Paracetamol,408,22.62,1
2024-01-29,1009,"Calhoun, Chapman and Summers Hospital",East Philipside,Montana,3,0,418,85,392,531,163,35,65,61,Chloroquine,Artemisinin,Primaquine,1672,73.82,2
2024-01-30,1035,Mckay Inc Hospital,Port April,Illinois,1,2,485,119,331,350,203,30,87,74,ORS,Platelets,Paracetamol,1455,94.57,0
2024-01-31,1081,Cruz Inc Hospital,Dorseybury,Michigan,0,1,182,43,152,364,45,17,29,28,Remdesivir,Paracetamol,Oxygen Support,910,41.76,1
2024-02-01,1003,"Henry, Howard and Cox Hospital",Port Aaron,New York,4,0,362,86,226,460,154,36,70,44,Amoxicillin,Azithromycin,Cough Syrup,1448,49.13,1
2024-02-02,1043,Moore Inc Hospital,Kimberlychester,Kentucky,3,2,365,66,279,381,169,21,90,23,Chloroquine,Artemisinin,Primaquine,1460,73.23,2
2024-02-03,1086,Harvey LLC Hospital,Jeffreyborough,Illinois,5,2,157,19,126,408,75,12,28,6,Ciprofloxacin,Azithromycin,ORS,471,30.88,1
2024-02-04,1075,"Kennedy, Dixon and Jones Hospital",New Brittneymouth,Florida,0,2,99,19,63,499,45,10,28,13,Remdesivir,Paracetamol,Oxygen Support,297,12.63,1
2024-02-05,1004,"Jones, Miller and Powell Hospital",Lake Josephstad,Vermont,3,2,159,15,142,483,79,15,34,10,Chloroquine,Artemisinin,Primaquine,318,29.4,1
2024-02-06,1052,"Bowen, Garcia and Davila Hospital",Heatherstad,South Carolina,0,2,417,41,385,559,187,40,69,12,Remdesivir,Paracetamol,Oxygen Support,2085,68.87,2
2024-02-07,1009,Brown-Russell Hospital,East Kevinton,New Mexico,0,0,387,70,356,104,97,40,104,53,Remdesivir,Paracetamol,Oxygen Support,1161,342.31,0
2024-02-08,1068,Cooper-Obrien Hospital,Ellisport,Maryland,4,0,226,29,177,449,105,21,39,9,Amoxicillin,Azithromycin,Cough Syrup,904,39.42,1
2024-02-09,1055,Campbell LLC Hospital,North Aaron,Wisconsin,3,0,367,38,248,181,118,33,91,13,Chloroquine,Artemisinin,Primaquine,1468,137.02,0
2024-02-10,1039,"Chandler, Daugherty and Mendoza Hospital",West Steven,Arizona,5,1,295,37,201,365,130,23,84,23,Ciprofloxacin,Azithromycin,ORS,590,55.07,1
2024-02-11,1082,Fitzpatrick LLC Hospital,Barrettshire,South Carolina,0,2,302,64,255,183,98,23,73,33,Remdesivir,Paracetamol,Oxygen Support,604,139.34,0
2024-02-12,1006,Chavez-Lewis Hospital,South Brianport,Pennsylvania,1,1,150,29,90,368,58,14,31,18,ORS,Platelets,Paracetamol,450,24.46,1
2024-02-13,1048,"Chen, Bell and Miller Hospital",Jasonmouth,Minnesota,0,1,306,58,251,515,122,31,64,19,Remdesivir,Paracetamol,Oxygen Support,1530,48.74,1
2024-02-14,1069,Johnson Group Hospital,Lake Timothyburgh,South Dakota,5,1,419,47,383,270,93,33,74,22,Ciprofloxacin,Azithromycin,ORS,1676,141.85,0
2024-02-15,1021,Brady-Barber Hospital,Kimberlychester,Alaska,5,2,492,75,353,524,234,45,85,50,Ciprofloxacin,Azithromycin,ORS,984,67.37,2
2024-02-16,1040,Smith-Randall Hospital,Reneeton,Delaware,3,0,356,66,328,354,140,35,71,27,Chloroquine,Artemisinin,Primaquine,1424,92.66,0
2024-02-17,1058,Blackwell-Bell Hospital,Wilsonshire,Vermont,4,2,241,36,180,483,103,26,38,17,Amoxicillin,Azithromycin,Cough Syrup,482,37.27,1
2024-02-18,1060,Pugh PLC Hospital,Davidland,Kansas,0,0,427,71,332,275,129,44,104,28,Remdesivir,Paracetamol,Oxygen Support,1281,120.73,0
2024-02-19,1081,Porter-Lang Hospital,Nguyenfurt,Rhode Island,5,2,496,41,341,276,152,45,99,23,Ciprofloxacin,Azithromycin,ORS,1488,123.55,0
2024-02-20,1089,Burgess-Caldwell Hospital,Matthewland,Oklahoma,0,0,87,13,79,174,35,8,24,9,Remdesivir,Paracetamol,Oxygen Support,348,45.4,1
2024-02-21,1044,"Smith, Jones and Mcmahon Hospital",Laurieburgh,Georgia,2,0,420,49,266,169,170,47,85,20,Paracetamol,Azithromycin,Vitamin C,2100,157.4,0
2024-02-22,1067,"Martin, Wilson and Giles Hospital",South Lydialand,Nebraska,4,2,490,64,298,330,109,32,90,24,Amoxicillin,Azithromycin,Cough Syrup,980,90.3,0
2024-02-23,1022,Woodard-Smith Hospital,South Calvinland,Georgia,3,0,262,34,196,314,107,19,46,22,Chloroquine,Artemisinin,Primaquine,1048,62.42,1
2024-02-24,1045,"Bailey, Boyle and Roy Hospital",Beckberg,Kansas,1,1,272,42,188,169,114,32,54,30,ORS,Platelets,Paracetamol,1088,111.24,0
2024-02-25,1052,Wilson LLC Hospital,Sarahstad,Oregon,1,0,56,6,46,101,20,4,16,2,ORS,Platelets,Paracetamol,112,45.54,1
2024-02-26,1060,Buckley Group Hospital,Lake Cody,Delaware,1,0,170,17,128,160,60,12,45,10,ORS,Platelets,Paracetamol,850,80.0,2
2024-02-27,1008,Odom-Clements Hospital,Anthonyside,Nebraska,2,1,252,22,178,347,65,13,59,13,Paracetamol,Azithromycin,Vitamin C,1008,51.3,1
2024-02-28,1063,Acosta-Wells Hospital,Lake Charleshaven,New York,3,0,275,33,241,412,105,32,53,10,Chloroquine,Artemisinin,Primaquine,550,58.5,1
2024-02-29,1031,Lopez-Blanchard Hospital,Michelleside,Connecticut,5,1,158,36,96,488,69,16,41,14,Ciprofloxacin,Azithromycin,ORS,474,19.67,1
2024-03-01,1020,Figueroa Group Hospital,Browntown,New Mexico,0,0,281,62,231,572,92,28,67,33,Remdesivir,Paracetamol,Oxygen Support,1405,40.38,1
2024-03-02,1067,West PLC Hospital,Port Jose,Nebraska,0,1,274,28,174,294,117,24,63,12,Remdesivir,Paracetamol,Oxygen Support,1370,59.18,1
2024-03-03,1043,Chapman-Walker Hospital,Juliestad,Kansas,2,0,374,67,333,586,79,44,96,39,Paracetamol,Azithromycin,Vitamin C,1496,56.83,1
2024-03-04,1034,Berry-Beck Hospital,East Lisa,Tennessee,0,2,183,27,120,439,73,14,39,19,Remdesivir,Paracetamol,Oxygen Support,549,27.33,1
2024-03-05,1012,King Group Hospital,South Jessicaville,New York,0,1,306,58,246,188,87,19,77,45,Remdesivir,Paracetamol,Oxygen Support,1530,130.85,0
2024-03-06,1100,"Woods, Stuart and Burke Hospital",Paulville,Connecticut,5,1,347,73,211,282,74,24,94,54,Ciprofloxacin,Azithromycin,ORS,694,74.82,2
2024-03-07,1035,Hill-Leon Hospital,Lake Robertfort,Michigan,2,2,348,72,209,586,89,22,97,55,Paracetamol,Azithromycin,Vitamin C,696,35.67,1
2024-03-08,1015,Russell-Lopez Hospital,Markland,Alabama,0,2,413,47,292,256,150,21,67,14,Remdesivir,Paracetamol,Oxygen Support,2065,114.06,0
2024-03-09,1074,Wilson-Hansen Hospital,Wilsonview,Montana,2,0,202,35,189,235,58,11,56,21,Paracetamol,Azithromycin,Vitamin C,808,80.43,2
2024-03-10,1054,"Mosley, Yang and Lopez Hospital",Jasontown,Oklahoma,5,0,159,17,144,492,42,10,44,12,Ciprofloxacin,Azithromycin,ORS,318,29.27,1
2024-03-11,1082,"Baker, Lawrence and Baker Hospital",Anthonyview,Oklahoma,5,2,198,34,178,594,60,16,40,14,Ciprofloxacin,Azithromycin,ORS,792,29.97,1
2024-03-12,1017,"Wilkinson, Hooper and Baker Hospital",Lake Rachel,Oklahoma,2,2,160,19,105,590,39,10,45,13,Paracetamol,Azithromycin,Vitamin C,320,17.8,1
2024-03-13,1098,Lewis-Phillips Hospital,East Victoria,Colorado,3,0,257,31,197,537,90,21,49,12,Chloroquine,Artemisinin,Primaquine,771,36.69,1
2024-03-14,1030,Evans-Johnson Hospital,North Jason,Hawaii,4,2,402,39,312,235,164,43,60,24,Amoxicillin,Azithromycin,Cough Syrup,1608,132.77,0
2024-03-15,1060,Clay LLC Hospital,Grossborough,Colorado,3,1,183,23,135,527,62,10,33,11,Chloroquine,Artemisinin,Primaquine,915,25.62,1
2024-03-16,1059,Jackson-Knapp Hospital,North Christopherview,Georgia,4,2,199,35,169,259,62,18,47,23,Amoxicillin,Azithromycin,Cough Syrup,597,65.25,2
2024-03-17,1024,Vega Ltd Hospital,East John,Arkansas,3,0,251,24,199,487,116,28,64,9,Chloroquine,Artemisinin,Primaquine,502,40.86,1
2024-03-18,1072,"Dixon, Roberson and Johnson Hospital",Wrightfurt,New Mexico,3,0,305,39,264,191,142,25,78,20,Chloroquine,Artemisinin,Primaquine,610,138.22,0
2024-03-19,1029,Lee-Cardenas Hospital,North Tracy,Washington,3,2,112,13,75,424,50,6,29,7,Chloroquine,Artemisinin,Primaquine,224,17.69,1
2024-03-20,1024,"Lawrence, Jordan and Brown Hospital",Maldonadoview,California,5,2,89,12,77,363,18,9,20,6,Ciprofloxacin,Azithromycin,ORS,178,21.21,1
2024-03-21,1045,"Salinas, Schultz and Francis Hospital",Gutierrezfurt,North Carolina,2,0,318,74,301,210,91,23,53,51,Paracetamol,Azithromycin,Vitamin C,636,143.33,0
2024-03-22,1060,"Wang, Jones and Martin Hospital",Castilloland,Michigan,2,1,310,68,219,548,94,29,50,42,Paracetamol,Azithromycin,Vitamin C,1550,39.96,1
2024-03-23,1091,Raymond Ltd Hospital,Port Bradleytown,Ohio,5,2,124,24,105,268,32,11,28,12,Ciprofloxacin,Azithromycin,ORS,372,39.18,1
2024-03-24,1061,Smith-Johnson Hospital,Richardview,Arizona,2,1,68,15,48,570,19,5,16,6,Paracetamol,Azithromycin,Vitamin C,272,8.42,1
2024-03-25,1043,Gonzalez-Melendez Hospital,West Matthewburgh,Arkansas,1,1,439,51,302,302,91,23,125,22,ORS,Platelets,Paracetamol,1756,100.0,0
2024-03-26,1027,Macdonald Inc Hospital,Port Jessicahaven,Wisconsin,4,2,117,11,96,104,33,10,22,6,Amoxicillin,Azithromycin,Cough Syrup,468,92.31,0
2024-03-27,1026,Carroll and Sons Hospital,Port Paulamouth,New Hampshire,1,0,240,53,166,252,54,26,67,41,ORS,Platelets,Paracetamol,720,65.87,2
2024-03-28,1029,"Butler, Powell and Miles Hospital",North Elizabethport,Rhode Island,4,2,171,17,142,519,45,11,50,5,Amoxicillin,Azithromycin,Cough Syrup,513,27.36,1
2024-03-29,1003,Hoffman-Perez Hospital,Martinview,New Hampshire,5,2,278,34,261,356,92,14,54,17,Ciprofloxacin,Azithromycin,ORS,834,73.31,2
2024-03-30,1085,"White, Williamson and Reid Hospital",Sylviaport,Massachusetts,0,1,86,17,69,179,24,4,22,12,Remdesivir,Paracetamol,Oxygen Support,344,38.55,1
2024-03-31,1063,Olson-Norman Hospital,Foxmouth,Alaska,2,0,342,71,287,441,103,38,61,49,Paracetamol,Azithromycin,Vitamin C,1710,65.08,2
2024-04-01,1046,Pacheco-Garza Hospital,Wilsontown,Missouri,2,2,184,44,137,115,52,20,48,13,Paracetamol,Azithromycin,Vitamin C,368,119.13,0
2024-04-02,1015,"Washington, Mann and Rogers Hospital",North Christopherport,Connecticut,1,1,395,65,351,225,110,45,81,45,ORS,Platelets,Paracetamol,1975,156.0,0
2024-04-03,1058,"Jackson, Hunt and Kelley Hospital",Lake Adambury,Mississippi,0,0,125,21,95,518,28,12,26,14,Remdesivir,Paracetamol,Oxygen Support,250,18.34,1
2024-04-04,1006,"Reyes, Boyd and Stevens Hospital",East Tracy,Maine,5,2,70,14,43,439,29,7,13,6,Ciprofloxacin,Azithromycin,ORS,140,9.79,1
2024-04-05,1094,"Bell, Sanders and Jackson Hospital",South Codyport,Wisconsin,0,2,281,39,187,559,102,22,57,24,Remdesivir,Paracetamol,Oxygen Support,1124,33.45,1
2024-04-06,1080,"Martinez, Turner and Shepard Hospital",Williamsborough,Oklahoma,4,1,176,15,113,123,75,15,49,11,Amoxicillin,Azithromycin,Cough Syrup,352,91.87,0
2024-04-07,1077,"Lane, Padilla and Jordan Hospital",Shepherdtown,Tennessee,0,2,96,17,87,237,32,5,22,9,Remdesivir,Paracetamol,Oxygen Support,288,36.71,1
2024-04-08,1000,Blake Group Hospital,West Benjaminton,Delaware,3,1,332,61,239,132,129,38,83,32,Chloroquine,Artemisinin,Primaquine,996,181.06,0
2024-04-09,1055,Martin-James Hospital,Lonniemouth,Wisconsin,5,1,145,28,133,344,38,14,37,8,Ciprofloxacin,Azithromycin,ORS,725,38.66,1
2024-04-10,1018,Anderson Group Hospital,West Paigemouth,Wyoming,1,0,185,33,167,386,80,12,28,26,ORS,Platelets,Paracetamol,370,43.26,1
2024-04-11,1063,Armstrong LLC Hospital,Michaeltown,Georgia,2,1,465,57,367,354,185,46,77,39,Paracetamol,Azithromycin,Vitamin C,2325,103.67,0
2024-04-12,1006,Cole-Soto Hospital,Patriciaborough,Maryland,0,1,196,23,163,237,43,20,56,7,Remdesivir,Paracetamol,Oxygen Support,588,68.78,2
2024-04-13,1037,"Morgan, Clark and Johns Hospital",Tiffanyview,Georgia,4,0,191,25,154,144,48,22,39,15,Amoxicillin,Azithromycin,Cough Syrup,573,106.94,0
2024-04-14,1023,"Long, Dickson and Jackson Hospital",South Kristine,Kansas,2,0,474,40,415,100,193,25,103,27,Paracetamol,Azithromycin,Vitamin C,1896,415.0,0
2024-04-15,1085,Walls Ltd Hospital,North Sheila,Oregon,1,0,351,81,258,194,78,19,60,64,ORS,Platelets,Paracetamol,1404,132.99,0
2024-04-16,1027,"Jordan, Donaldson and Maxwell Hospital",Melanieburgh,Nebraska,3,0,317,44,222,570,90,26,89,14,Chloroquine,Artemisinin,Primaquine,951,38.95,1
2024-04-17,1016,Thompson-Fox Hospital,South Jonathanstad,New Hampshire,4,0,148,27,90,203,68,10,30,13,Amoxicillin,Azithromycin,Cough Syrup,296,44.33,1
2024-04-18,1054,Sims-Higgins Hospital,Haneyside,Massachusetts,2,0,120,15,86,537,56,10,33,8,Paracetamol,Azithromycin,Vitamin C,480,16.01,1
2024-04-19,1035,"Hawkins, Washington and Patel Hospital",New Gerald,Ohio,3,0,109,19,88,570,24,9,20,6,Chloroquine,Artemisinin,Primaquine,218,15.44,1
2024-04-20,1082,Martinez-Terry Hospital,Danielside,Nebraska,3,0,51,6,47,220,22,5,13,2,Chloroquine,Artemisinin,Primaquine,102,21.36,1
2024-04-21,1050,"Pugh, Dickson and Wagner Hospital",Richardmouth,Connecticut,4,2,184,30,168,529,58,12,46,19,Amoxicillin,Azithromycin,Cough Syrup,920,31.76,1
2024-04-22,1037,White and Sons Hospital,Geoffreyshire,Wyoming,2,2,127,12,79,210,63,12,29,5,Paracetamol,Azithromycin,Vitamin C,635,37.62,1
2024-04-23,1085,"Scott, Bauer and Butler Hospital",Sweeneychester,Mississippi,0,0,240,55,197,161,88,24,53,34,Remdesivir,Paracetamol,Oxygen Support,480,122.36,0
2024-04-24,1067,Callahan-Wang Hospital,Kennethside,Oregon,0,1,51,10,47,461,12,4,11,7,Remdesivir,Paracetamol,Oxygen Support,153,10.2,1
2024-04-25,1004,Petersen Ltd Hospital,Annefurt,Washington,2,1,422,101,396,143,98,27,93,71,Paracetamol,Azithromycin,Vitamin C,844,276.92,0
2024-04-26,1053,"Green, Evans and Kelly Hospital",North Joseph,Illinois,1,0,408,76,253,256,178,33,100,24,ORS,Platelets,Paracetamol,1632,98.83,0
2024-04-27,1064,"Foster, Stewart and Wilson Hospital",Lisafort,Texas,5,1,50,4,34,492,11,3,10,1,Ciprofloxacin,Azithromycin,ORS,150,6.91,1
2024-04-28,1077,"Booth, Miles and Vaughn Hospital",Grahamport,Montana,4,0,123,16,78,513,61,6,21,10,Amoxicillin,Azithromycin,Cough Syrup,246,15.2,1
2024-04-29,1066,"Oneal, Gray and Schultz Hospital",Benitezbury,Pennsylvania,0,0,394,85,293,396,126,40,86,37,Remdesivir,Paracetamol,Oxygen Support,788,73.99,2
2024-04-30,1063,Lopez LLC Hospital,Jessicastad,Indiana,2,1,382,65,328,146,130,42,86,27,Paracetamol,Azithromycin,Vitamin C,764,224.66,0
2024-05-01,1047,Wyatt Ltd Hospital,Port Shawn,Wyoming,3,2,274,56,256,193,113,19,53,33,Chloroquine,Artemisinin,Primaquine,1096,132.64,0
2024-05-02,1066,Bradley LLC Hospital,West Lisa,Oklahoma,2,0,117,15,78,593,33,10,33,6,Paracetamol,Azithromycin,Vitamin C,585,13.15,1
2024-05-03,1058,"Taylor, Johnson and Coleman Hospital",Cohenfurt,Massachusetts,1,1,414,39,335,367,197,22,72,27,ORS,Platelets,Paracetamol,828,91.28,0
2024-05-04,1079,"Washington, Johnson and Parks Hospital",South Hannah,Massachusetts,4,2,457,83,346,379,193,44,102,51,Amoxicillin,Azithromycin,Cough Syrup,1371,91.29,0
2024-05-05,1009,Berry-Wolfe Hospital,Aaronfurt,Arkansas,1,1,145,26,122,483,71,10,29,18,ORS,Platelets,Paracetamol,580,25.26,1
2024-05-06,1056,Delacruz-Martinez Hospital,Gillespiemouth,Massachusetts,3,0,152,33,93,480,40,11,35,15,Chloroquine,Artemisinin,Primaquine,608,19.38,1
2024-05-07,1071,"Hickman, Welch and Hall Hospital",New Shaun,Kansas,0,1,303,48,191,294,104,20,62,33,Remdesivir,Paracetamol,Oxygen Support,1515,64.97,1
2024-05-08,1060,King Group Hospital,New Stephaniestad,Nebraska,2,2,468,96,318,348,230,50,103,76,Paracetamol,Azithromycin,Vitamin C,936,91.38,0
2024-05-09,1007,"Romero, Robinson and Davis Hospital",New Marco,South Dakota,0,1,53,5,38,540,17,4,12,1,Remdesivir,Paracetamol,Oxygen Support,265,7.04,1
2024-05-10,1068,Garza PLC Hospital,Port Paul,Kansas,0,0,189,23,146,241,44,10,40,15,Remdesivir,Paracetamol,Oxygen Support,756,60.58,1
2024-05-11,1085,"Jones, Watson and Moody Hospital",Samanthaville,New York,1,2,147,30,101,178,69,15,30,22,ORS,Platelets,Paracetamol,441,56.74,1
2024-05-12,1059,Wilson Inc Hospital,Rangelmouth,Arkansas,1,1,399,42,314,260,144,37,83,33,ORS,Platelets,Paracetamol,1596,120.77,0
2024-05-13,1035,Ramos-Thomas Hospital,Andreafurt,South Carolina,3,1,377,34,332,572,135,24,61,25,Chloroquine,Artemisinin,Primaquine,754,58.04,1
2024-05-14,1019,Sanders-Clark Hospital,North Stephaniemouth,Wisconsin,5,0,210,17,190,370,82,20,53,5,Ciprofloxacin,Azithromycin,ORS,1050,51.35,1
2024-05-15,1023,"Williams, Small and Miller Hospital",New Christopherbury,Oregon,0,0,496,70,372,528,118,55,121,55,Remdesivir,Paracetamol,Oxygen Support,1488,70.45,2
2024-05-16,1092,"Deleon, Gilbert and Warren Hospital",North Normabury,Washington,5,1,357,45,229,274,144,36,88,32,Ciprofloxacin,Azithromycin,ORS,1785,83.58,2
2024-05-17,1086,Smith PLC Hospital,North Catherine,Arizona,5,2,232,40,194,505,60,21,47,27,Ciprofloxacin,Azithromycin,ORS,928,38.42,1
2024-05-18,1056,Gallegos-Travis Hospital,East Kristyborough,New Jersey,5,0,272,34,164,425,121,30,45,12,Ciprofloxacin,Azithromycin,ORS,1088,38.59,1
2024-05-19,1024,Valdez-Robinson Hospital,North Kimberly,New Hampshire,0,1,437,40,386,193,127,26,102,31,Remdesivir,Paracetamol,Oxygen Support,1748,200.0,0
2024-05-20,1025,Townsend Ltd Hospital,Lake Chelseamouth,Ohio,1,1,74,6,50,415,33,7,20,3,ORS,Platelets,Paracetamol,148,12.05,1
2024-05-21,1017,"Pham, Li and Young Hospital",Port Laurahaven,Georgia,5,1,267,49,198,425,113,30,40,15,Ciprofloxacin,Azithromycin,ORS,1335,46.59,1
2024-05-22,1075,"Moore, Miller and Garcia Hospital",Suttonbury,Montana,2,2,330,37,284,537,145,25,59,14,Paracetamol,Azithromycin,Vitamin C,1650,52.89,1
2024-05-23,1096,"Molina, Chan and Macdonald Hospital",Glennstad,South Carolina,5,1,449,62,420,174,124,38,92,44,Ciprofloxacin,Azithromycin,ORS,2245,241.38,0
2024-05-24,1011,"Alexander, Pitts and Wilson Hospital",West Markborough,Nebraska,2,0,371,40,352,182,120,31,64,21,Paracetamol,Azithromycin,Vitamin C,1855,193.41,0
2024-05-25,1086,"Dunn, Choi and Hart Hospital",North Frank,Missouri,3,1,249,59,182,499,117,13,67,18,Chloroquine,Artemisinin,Primaquine,996,36.47,1
2024-05-26,1029,Johnson-Trujillo Hospital,Port Ericland,Colorado,0,0,399,80,279,549,89,23,98,57,Remdesivir,Paracetamol,Oxygen Support,1596,50.82,1
2024-05-27,1096,Hayes-Vasquez Hospital,Amandaview,North Carolina,0,0,230,33,179,575,51,20,50,20,Remdesivir,Paracetamol,Oxygen Support,460,31.13,1
2024-05-28,1013,Kline-Wilson Hospital,West Justinfort,New Jersey,1,2,488,60,365,325,125,35,127,18,ORS,Platelets,Paracetamol,2440,112.31,0
2024-05-29,1054,Ward and Sons Hospital,Joshuashire,Indiana,4,1,257,45,211,287,62,27,73,32,Amoxicillin,Azithromycin,Cough Syrup,1028,73.52,2
2024-05-30,1081,Sanford Group Hospital,West Josephberg,South Carolina,5,2,371,39,310,485,84,20,89,14,Ciprofloxacin,Azithromycin,ORS,1484,63.92,1
2024-05-31,1023,Zamora-Cameron Hospital,Ritaview,Texas,4,1,256,46,196,549,119,25,44,27,Amoxicillin,Azithromycin,Cough Syrup,512,35.7,1
2024-06-01,1070,Padilla PLC Hospital,South Sethbury,Indiana,4,2,76,12,60,536,21,6,12,6,Amoxicillin,Azithromycin,Cough Syrup,152,11.19,1
2024-06-02,1082,"Rodriguez, Andrews and Fisher Hospital",New David,Nebraska,3,2,250,57,215,550,64,13,63,36,Chloroquine,Artemisinin,Primaquine,500,39.09,1
2024-06-03,1067,"Johnson, Lopez and Perez Hospital",New Lesliebury,North Carolina,4,2,116,20,93,394,40,13,29,12,Amoxicillin,Azithromycin,Cough Syrup,580,23.6,1
2024-06-04,1009,Perez and Sons Hospital,North Abigail,Arkansas,3,0,437,66,341,531,166,47,111,40,Chloroquine,Artemisinin,Primaquine,1748,64.22,1
2024-06-05,1001,Jones-Holder Hospital,Lake Tiffanyland,Missouri,5,0,499,57,420,176,120,57,101,37,Ciprofloxacin,Azithromycin,ORS,998,238.64,0
2024-06-06,1038,Tucker-Pacheco Hospital,North Karen,Colorado,0,1,340,58,211,124,118,20,87,21,Remdesivir,Paracetamol,Oxygen Support,1020,170.16,0
2024-06-07,1045,Lee-Whitaker Hospital,Jefferybury,Colorado,5,2,211,45,198,211,61,11,51,15,Ciprofloxacin,Azithromycin,ORS,844,93.84,0
2024-06-08,1008,Peters Inc Hospital,Griffinbury,Oregon,4,2,470,82,394,348,204,45,103,57,Amoxicillin,Azithromycin,Cough Syrup,2350,113.22,0
2024-06-09,1086,Daniels-Smith Hospital,West Chelseaville,Iowa,2,0,210,18,152,432,52,10,55,6,Paracetamol,Azithromycin,Vitamin C,1050,35.19,1
2024-06-10,1039,"Wolf, Khan and Wise Hospital",Port Timothystad,Maryland,4,1,494,71,401,358,148,56,110,52,Amoxicillin,Azithromycin,Cough Syrup,2470,112.01,0
2024-06-11,1094,"Williams, Kelly and Jenkins Hospital",Richardfurt,Tennessee,5,0,255,41,234,229,92,26,52,28,Ciprofloxacin,Azithromycin,ORS,765,102.18,0
2024-06-12,1099,Cox-Moore Hospital,South Briana,Oregon,4,1,148,32,140,116,72,9,30,23,Amoxicillin,Azithromycin,Cough Syrup,592,120.69,0
2024-06-13,1046,Shelton-Harris Hospital,South Sheenashire,Washington,1,1,60,9,48,415,16,6,15,5,ORS,Platelets,Paracetamol,120,11.57,1
2024-06-14,1086,Roman-Smith Hospital,North Kennethville,Alaska,1,2,219,37,206,507,47,14,37,15,ORS,Platelets,Paracetamol,1095,40.63,1
2024-06-15,1004,Padilla and Sons Hospital,South Rachelbury,Idaho,4,1,108,24,84,347,26,11,25,9,Amoxicillin,Azithromycin,Cough Syrup,432,24.21,1
2024-06-16,1057,Huerta Inc Hospital,Lake Thomasstad,Washington,1,1,62,10,43,213,15,3,17,3,ORS,Platelets,Paracetamol,124,20.19,1
2024-06-17,1056,"Garcia, Smith and Lozano Hospital",Martinezfurt,Mississippi,5,1,298,32,207,462,99,18,82,13,Ciprofloxacin,Azithromycin,ORS,596,44.81,1
2024-06-18,1089,Hamilton-Campbell Hospital,East Elizabethport,Virginia,2,0,265,47,220,563,127,17,66,36,Paracetamol,Azithromycin,Vitamin C,1325,39.08,1
2024-06-19,1033,"Little, Schultz and Paul Hospital",Port Susanmouth,Arizona,1,0,443,67,377,163,150,34,126,29,ORS,Platelets,Paracetamol,1772,231.29,0
2024-06-20,1072,Chen-Diaz Hospital,Gonzalezshire,Kansas,0,2,269,67,216,300,67,18,80,38,Remdesivir,Paracetamol,Oxygen Support,807,72.0,2
2024-06-21,1046,Stewart-Wolfe Hospital,Smithshire,Nebraska,4,1,117,20,103,444,27,7,27,14,Amoxicillin,Azithromycin,Cough Syrup,468,23.2,1
2024-06-22,1089,"Nguyen, Parker and Hancock Hospital",New Todd,Maryland,3,1,338,47,281,115,131,19,96,18,Chloroquine,Artemisinin,Primaquine,1014,244.35,0
2024-06-23,1011,Aguilar-Leblanc Hospital,West John,Colorado,5,2,208,30,184,530,103,10,49,16,Ciprofloxacin,Azithromycin,ORS,416,34.72,1
2024-06-24,1000,Walter and Sons Hospital,Smithshire,Vermont,2,0,137,23,89,148,41,14,38,9,Paracetamol,Azithromycin,Vitamin C,685,60.14,1
2024-06-25,1081,Robinson-Fritz Hospital,Cindyfort,Texas,1,2,128,27,119,311,62,6,32,17,ORS,Platelets,Paracetamol,640,38.26,1
2024-06-26,1075,Williams LLC Hospital,Tammyville,Missouri,1,2,237,35,223,550,79,18,67,21,ORS,Platelets,Paracetamol,948,40.55,1
2024-06-27,1031,Harris-Mason Hospital,Whitefurt,South Carolina,3,1,136,14,96,494,39,8,31,6,Chloroquine,Artemisinin,Primaquine,680,19.43,1
2024-06-28,1012,"Cook, Gardner and Hamilton Hospital",East Leslie,West Virginia,3,2,110,9,85,444,28,12,17,6,Chloroquine,Artemisinin,Primaquine,220,19.14,1
2024-06-29,1084,Davis Ltd Hospital,Jaredside,New York,5,0,358,36,225,267,113,36,78,11,Ciprofloxacin,Azithromycin,ORS,1790,84.27,2
2024-06-30,1045,Johnson and Sons Hospital,New Samanthaborough,New Hampshire,1,1,375,67,228,547,103,37,107,42,ORS,Platelets,Paracetamol,1500,41.68,1
2024-07-01,1019,Owens-Robinson Hospital,Abbottchester,Massachusetts,0,1,421,104,332,353,89,47,84,67,Remdesivir,Paracetamol,Oxygen Support,842,94.05,0
2024-07-02,1033,Reed-Hicks Hospital,Roberttown,Minnesota,0,2,245,29,211,461,78,19,54,9,Remdesivir,Paracetamol,Oxygen Support,1225,45.77,1
2024-07-03,1075,"Nicholson, Stewart and Chandler Hospital",Millerhaven,North Dakota,0,2,358,73,264,505,149,42,86,26,Remdesivir,Paracetamol,Oxygen Support,1074,52.28,1
2024-07-04,1034,"Garrison, Sweeney and Martin Hospital",Samanthafort,Wyoming,0,1,472,78,355,328,219,55,138,43,Remdesivir,Paracetamol,Oxygen Support,2360,108.23,0
2024-07-05,1069,Sparks-Barnes Hospital,Port Meagan,Florida,2,2,133,27,100,525,55,12,23,11,Paracetamol,Azithromycin,Vitamin C,399,19.05,1
2024-07-06,1020,Jacobs-Perez Hospital,Eatonside,Texas,2,2,487,105,379,595,169,29,87,31,Paracetamol,Azithromycin,Vitamin C,1948,63.7,1
2024-07-07,1080,Rodriguez LLC Hospital,Stewartville,Illinois,0,0,350,39,258,225,160,39,73,13,Remdesivir,Paracetamol,Oxygen Support,700,114.67,0
2024-07-08,1051,Thompson Group Hospital,Danielville,Delaware,5,0,475,67,290,252,195,45,80,32,Ciprofloxacin,Azithromycin,ORS,1900,115.08,0
2024-07-09,1027,"Hayes, Payne and Meyer Hospital",East Raymondside,Colorado,0,1,332,75,286,564,82,20,83,34,Remdesivir,Paracetamol,Oxygen Support,664,50.71,1
2024-07-10,1024,Gonzalez-Rodriguez Hospital,Waretown,South Dakota,0,1,163,31,124,337,71,10,33,24,Remdesivir,Paracetamol,Oxygen Support,489,36.8,1
2024-07-11,1090,Wells-Hill Hospital,Port Crystal,New York,5,2,453,101,295,406,225,42,113,69,Ciprofloxacin,Azithromycin,ORS,2265,72.66,2
2024-07-12,1004,Parker-Johnson Hospital,Dennismouth,Idaho,5,1,451,95,293,581,120,53,68,46,Ciprofloxacin,Azithromycin,ORS,1353,50.43,1
2024-07-13,1010,Thornton-Crawford Hospital,Port Andre,New Mexico,3,2,133,19,112,598,37,13,23,12,Chloroquine,Artemisinin,Primaquine,532,18.73,1
2024-07-14,1099,Escobar Group Hospital,North Randyborough,Washington,1,0,179,22,149,562,44,21,44,12,ORS,Platelets,Paracetamol,537,26.51,1
2024-07-15,1028,"White, Solis and Hampton Hospital",Rhodesview,Delaware,5,0,97,9,68,108,31,7,25,3,Ciprofloxacin,Azithromycin,ORS,485,62.96,1
2024-07-16,1050,Schroeder-Williamson Hospital,Bradleyside,Pennsylvania,2,0,277,66,256,124,123,31,65,43,Paracetamol,Azithromycin,Vitamin C,1108,206.45,0
2024-07-17,1035,Dalton-Hall Hospital,West Melissa,Missouri,3,2,86,20,63,250,34,9,20,9,Chloroquine,Artemisinin,Primaquine,430,25.2,1
2024-07-18,1003,Davis-Travis Hospital,Lake Seanberg,Nebraska,0,0,299,55,220,449,119,24,73,27,Remdesivir,Paracetamol,Oxygen Support,1495,49.0,1
2024-07-19,1021,Jenkins and Sons Hospital,Irwinmouth,Georgia,5,1,68,11,42,441,14,3,11,4,Ciprofloxacin,Azithromycin,ORS,204,9.52,1
2024-07-20,1032,Phillips Ltd Hospital,Martinbury,New York,1,2,276,43,253,319,123,27,79,16,ORS,Platelets,Paracetamol,552,79.31,2
2024-07-21,1019,Rodriguez Ltd Hospital,Barneshaven,Kansas,5,1,425,38,329,557,152,50,86,16,Ciprofloxacin,Azithromycin,ORS,850,59.07,1
2024-07-22,1076,Horton and Sons Hospital,Whiteview,Arkansas,0,0,240,50,157,325,105,23,52,34,Remdesivir,Paracetamol,Oxygen Support,720,48.31,1
2024-07-23,1037,Haynes Ltd Hospital,Lake Kyleport,Missouri,3,0,264,22,195,356,110,25,77,14,Chloroquine,Artemisinin,Primaquine,1320,54.78,1
2024-07-24,1067,"Patterson, Smith and Briggs Hospital",Cynthiaburgh,Delaware,5,0,109,24,83,549,37,10,18,7,Ciprofloxacin,Azithromycin,ORS,545,15.12,1
2024-07-25,1001,"Baxter, David and King Hospital",North Darrellmouth,New Mexico,0,2,444,98,409,510,133,47,106,64,Remdesivir,Paracetamol,Oxygen Support,2220,80.2,2
2024-07-26,1070,Williams LLC Hospital,Jamesburgh,California,4,1,317,48,267,169,145,25,68,16,Amoxicillin,Azithromycin,Cough Syrup,1268,157.99,0
2024-07-27,1087,Nelson-Johnson Hospital,North Carolmouth,Oregon,3,2,452,39,361,160,93,44,83,23,Chloroquine,Artemisinin,Primaquine,904,225.62,0
2024-07-28,1032,Kim-Baldwin Hospital,New Kathleen,Massachusetts,4,2,237,27,161,390,107,18,35,17,Amoxicillin,Azithromycin,Cough Syrup,711,41.28,1
2024-07-29,1080,Thomas Group Hospital,Thomasstad,Rhode Island,1,1,157,29,121,227,57,8,36,13,ORS,Platelets,Paracetamol,314,53.3,1
2024-07-30,1002,Schultz LLC Hospital,Port Matthewhaven,West Virginia,4,1,454,92,284,153,131,40,96,67,Amoxicillin,Azithromycin,Cough Syrup,908,185.62,0
2024-07-31,1085,"Mckenzie, Skinner and Taylor Hospital",Mariahaven,Florida,5,2,388,70,240,194,174,39,111,44,Ciprofloxacin,Azithromycin,ORS,1940,123.71,0
2024-08-01,1005,Olson-Rice Hospital,Alanton,Texas,4,1,452,71,308,474,140,49,122,36,Amoxicillin,Azithromycin,Cough Syrup,2260,64.98,1
2024-08-02,1062,Shaw-Butler Hospital,New Amandaville,Mississippi,4,0,364,66,251,567,79,37,85,24,Amoxicillin,Azithromycin,Cough Syrup,1820,44.27,1
2024-08-03,1075,Wilkerson-Cruz Hospital,Deanfurt,Tennessee,3,0,396,62,252,205,148,45,70,39,Chloroquine,Artemisinin,Primaquine,1584,122.93,0
2024-08-04,1071,Garcia-Rogers Hospital,Danielberg,Idaho,5,0,455,77,303,154,94,48,118,44,Ciprofloxacin,Azithromycin,ORS,1365,196.75,0
2024-08-05,1087,Summers-Ramsey Hospital,West Elizabeth,California,0,1,203,48,132,397,49,11,58,19,Remdesivir,Paracetamol,Oxygen Support,609,33.25,1
2024-08-06,1064,Stout Group Hospital,West Lisaville,Oregon,0,2,165,30,105,461,43,18,45,11,Remdesivir,Paracetamol,Oxygen Support,330,22.78,1
2024-08-07,1006,Wilson-Beck Hospital,Ramireztown,Kentucky,5,0,429,63,401,234,129,48,70,48,Ciprofloxacin,Azithromycin,ORS,2145,171.37,0
2024-08-08,1053,Wilson LLC Hospital,Ashleyland,Iowa,2,2,215,48,138,529,106,20,60,23,Paracetamol,Azithromycin,Vitamin C,645,26.09,1
2024-08-09,1098,Kennedy-Jones Hospital,New Amy,Florida,4,2,124,13,114,332,38,7,29,8,Amoxicillin,Azithromycin,Cough Syrup,496,34.34,1
2024-08-10,1010,Williams and Sons Hospital,West Kimberlyside,Connecticut,3,2,302,58,228,475,138,31,66,44,Chloroquine,Artemisinin,Primaquine,906,48.0,1
2024-08-11,1040,"Dean, Davis and Moore Hospital",Wallacebury,Alabama,5,1,141,12,105,397,50,7,41,8,Ciprofloxacin,Azithromycin,ORS,423,26.45,1
2024-08-12,1050,"Meyers, Peters and Morrison Hospital",Garciashire,Nevada,0,0,189,17,158,336,38,20,48,10,Remdesivir,Paracetamol,Oxygen Support,945,47.02,1
2024-08-13,1027,Wright-Davis Hospital,Washingtonfurt,Arizona,4,1,246,20,202,417,82,14,68,12,Amoxicillin,Azithromycin,Cough Syrup,492,48.44,1
2024-08-14,1099,"Wilson, Perez and Guzman Hospital",Kennethmouth,Louisiana,5,0,397,75,360,109,187,32,90,37,Ciprofloxacin,Azithromycin,ORS,1191,330.28,0
2024-08-15,1008,Matthews-Golden Hospital,Jeffreyton,Texas,1,1,52,5,48,371,25,6,9,3,ORS,Platelets,Paracetamol,208,12.94,1
2024-08-16,1076,King LLC Hospital,Mooreport,North Dakota,2,2,485,103,357,545,136,42,114,44,Paracetamol,Azithromycin,Vitamin C,2425,65.5,2
2024-08-17,1080,"Tran, Copeland and Smith Hospital",Richardfurt,Oklahoma,1,0,290,69,265,421,126,21,83,28,ORS,Platelets,Paracetamol,1160,62.95,1
2024-08-18,1035,"Miller, Allen and Martin Hospital",West Davidborough,Washington,0,1,142,24,100,380,37,12,23,12,Remdesivir,Paracetamol,Oxygen Support,568,26.32,1
2024-08-19,1055,Neal-Johnson Hospital,Millerville,Nevada,2,2,475,111,292,552,215,53,76,37,Paracetamol,Azithromycin,Vitamin C,1900,52.9,1
2024-08-20,1050,Gray Inc Hospital,Port Michael,North Dakota,4,2,122,20,88,448,35,10,27,6,Amoxicillin,Azithromycin,Cough Syrup,244,19.64,1
2024-08-21,1030,Noble and Sons Hospital,Timothyhaven,Nebraska,0,1,234,33,205,503,104,27,66,11,Remdesivir,Paracetamol,Oxygen Support,468,40.76,1
2024-08-22,1019,"Collins, Rangel and Mills Hospital",Williamsfort,Missouri,3,1,293,58,271,579,103,32,78,22,Chloroquine,Artemisinin,Primaquine,1172,46.8,1
2024-08-23,1051,"Patterson, Garcia and Avila Hospital",Jenniferfurt,Idaho,1,0,67,16,46,381,21,4,12,6,ORS,Platelets,Paracetamol,335,12.07,1
2024-08-24,1012,Alexander-Kane Hospital,North Amber,Georgia,2,1,191,36,155,123,81,17,45,11,Paracetamol,Azithromycin,Vitamin C,955,126.02,0
2024-08-25,1098,Bell LLC Hospital,East Melaniehaven,North Dakota,2,1,243,25,214,518,79,22,48,19,Paracetamol,Azithromycin,Vitamin C,1215,41.31,1
2024-08-26,1068,Collins and Sons Hospital,Gwendolynchester,Ohio,0,2,332,69,205,409,156,37,63,45,Remdesivir,Paracetamol,Oxygen Support,996,50.12,1
2024-08-27,1042,Buchanan-Davies Hospital,East Lisaburgh,Illinois,5,1,239,40,202,469,89,14,57,16,Ciprofloxacin,Azithromycin,ORS,478,43.07,1
2024-08-28,1092,Foster-Flores Hospital,Lake Craigchester,Kansas,1,2,189,27,162,599,88,16,40,14,ORS,Platelets,Paracetamol,567,27.05,1
2024-08-29,1034,Young-Lucas Hospital,New Thomasstad,New York,0,1,341,70,300,139,153,39,66,44,Remdesivir,Paracetamol,Oxygen Support,1364,215.83,0
2024-08-30,1089,"Perez, Henderson and Stewart Hospital",Joshuaview,Maine,0,0,422,77,355,219,136,41,69,25,Remdesivir,Paracetamol,Oxygen Support,844,162.1,0
2024-08-31,1022,Kelley-Clark Hospital,Tamifort,California,0,2,229,31,187,377,60,18,61,22,Remdesivir,Paracetamol,Oxygen Support,916,49.6,1
2024-09-01,1023,"Bridges, Martinez and Salazar Hospital",Lake Jennymouth,Idaho,2,2,497,123,419,463,118,32,138,93,Paracetamol,Azithromycin,Vitamin C,1491,90.5,0
2024-09-02,1064,Burnett and Sons Hospital,New Brandon,Washington,2,0,308,51,266,180,137,36,72,25,Paracetamol,Azithromycin,Vitamin C,616,147.78,0
2024-09-03,1088,"Jennings, Bradford and Kennedy Hospital",Simmonschester,Mississippi,0,0,368,51,307,395,131,38,97,16,Remdesivir,Paracetamol,Oxygen Support,1472,77.72,2
2024-09-04,1075,"Munoz, Gonzales and Poole Hospital",Port Heatherville,Kansas,4,0,58,9,54,131,13,3,14,5,Amoxicillin,Azithromycin,Cough Syrup,290,41.22,1
2024-09-05,1040,Davis-Berger Hospital,New Davidchester,Washington,5,2,250,20,228,347,78,25,74,10,Ciprofloxacin,Azithromycin,ORS,1250,65.71,2
2024-09-06,1087,"Ayala, Green and Barnes Hospital",East Michael,Massachusetts,0,2,113,11,98,201,28,9,20,3,Remdesivir,Paracetamol,Oxygen Support,226,48.76,1
2024-09-07,1032,Figueroa LLC Hospital,New Daniel,South Carolina,5,0,376,75,230,285,184,36,62,27,Ciprofloxacin,Azithromycin,ORS,1128,80.7,2
2024-09-08,1017,Pierce LLC Hospital,Josephside,New York,3,2,245,44,200,126,121,25,51,14,Chloroquine,Artemisinin,Primaquine,980,158.73,0
2024-09-09,1016,Meza LLC Hospital,East Brittneyborough,Arkansas,4,1,391,83,366,434,141,31,96,54,Amoxicillin,Azithromycin,Cough Syrup,1173,84.33,2
2024-09-10,1095,Jackson-Wilson Hospital,Amberhaven,Washington,1,2,315,70,261,344,86,28,60,33,ORS,Platelets,Paracetamol,945,75.87,2
2024-09-11,1002,"Miller, Wright and Thomas Hospital",East Amanda,Pennsylvania,3,1,457,43,408,526,108,23,96,23,Chloroquine,Artemisinin,Primaquine,914,77.57,2
2024-09-12,1085,Massey and Sons Hospital,East Jessica,Michigan,0,1,311,51,231,255,118,21,76,32,Remdesivir,Paracetamol,Oxygen Support,622,90.59,0
2024-09-13,1009,"Garrett, Koch and Scott Hospital",North Johnbury,Maryland,0,2,305,50,271,148,140,25,84,24,Remdesivir,Paracetamol,Oxygen Support,610,183.11,0
2024-09-14,1041,Stone Inc Hospital,Georgeport,Indiana,0,2,440,84,395,231,199,48,130,63,Remdesivir,Paracetamol,Oxygen Support,2200,171.0,0
2024-09-15,1062,Scott Ltd Hospital,South Charlesborough,Kansas,4,2,59,6,43,436,25,3,15,4,Amoxicillin,Azithromycin,Cough Syrup,295,9.86,1
2024-09-16,1038,Grant Group Hospital,Port Donfurt,Oregon,0,0,102,16,64,540,43,10,21,7,Remdesivir,Paracetamol,Oxygen Support,306,11.85,1
2024-09-17,1067,Rush Group Hospital,Wilsonbury,Washington,2,2,421,35,339,236,180,35,124,24,Paracetamol,Azithromycin,Vitamin C,1263,143.64,0
2024-09-18,1044,Long PLC Hospital,New Victoriamouth,Louisiana,5,2,321,54,289,443,115,37,53,26,Ciprofloxacin,Azithromycin,ORS,1284,65.24,2
2024-09-19,1065,Brown-Wilson Hospital,West Scott,Minnesota,1,0,81,20,73,343,28,7,23,8,ORS,Platelets,Paracetamol,405,21.28,1
2024-09-20,1021,"Gill, Sanders and Cross Hospital",New Lisaburgh,Massachusetts,0,0,102,25,91,566,42,5,28,11,Remdesivir,Paracetamol,Oxygen Support,306,16.08,1
2024-09-21,1039,Cox-Rosales Hospital,South Dawnside,Michigan,3,1,279,67,251,159,115,25,61,39,Chloroquine,Artemisinin,Primaquine,1395,157.86,0
2024-09-22,1020,"Goodman, Wade and Davis Hospital",North Daniel,Idaho,4,0,136,31,123,440,45,13,30,19,Amoxicillin,Azithromycin,Cough Syrup,544,27.95,1
2024-09-23,1044,Greene-Gutierrez Hospital,West Jessica,Michigan,3,1,257,29,239,488,70,17,43,9,Chloroquine,Artemisinin,Primaquine,1028,48.98,1
2024-09-24,1013,Patel-Roberts Hospital,Lake Timothy,Connecticut,2,0,55,5,41,240,22,4,12,2,Paracetamol,Azithromycin,Vitamin C,220,17.08,1
2024-09-25,1024,Park Inc Hospital,Shawtown,Arizona,1,1,259,61,223,106,106,20,49,37,ORS,Platelets,Paracetamol,777,210.38,0
2024-09-26,1074,"Hardy, Barker and Reed Hospital",Sheilatown,Arizona,4,1,430,41,350,213,163,41,75,25,Amoxicillin,Azithromycin,Cough Syrup,1720,164.32,0
2024-09-27,1094,Davis-Shaw Hospital,Peckton,Hawaii,4,0,253,34,171,307,79,15,49,13,Amoxicillin,Azithromycin,Cough Syrup,506,55.7,1
2024-09-28,1028,"Bradford, Ramos and Meyer Hospital",Lake Stephanie,Missouri,0,1,455,41,303,140,165,45,73,19,Remdesivir,Paracetamol,Oxygen Support,2275,216.43,0
2024-09-29,1016,Torres Ltd Hospital,Josephville,Nevada,4,2,269,61,222,110,57,14,49,31,Amoxicillin,Azithromycin,Cough Syrup,807,201.82,0
2024-09-30,1003,Anderson LLC Hospital,Port Spencermouth,Maine,3,0,425,49,347,373,105,40,70,35,Chloroquine,Artemisinin,Primaquine,1700,93.03,0
2024-10-01,1066,"Hall, Hansen and Potts Hospital",Patriciamouth,Montana,1,2,390,69,366,421,145,42,74,51,ORS,Platelets,Paracetamol,1170,86.94,0
2024-10-02,1030,Bowen-Walton Hospital,Laurenside,Pennsylvania,4,2,368,40,348,114,86,20,95,17,Amoxicillin,Azithromycin,Cough Syrup,736,305.26,0
2024-10-03,1024,"Wiley, Pace and Melendez Hospital",South Michael,Vermont,5,2,436,64,280,243,108,48,108,43,Ciprofloxacin,Azithromycin,ORS,1308,115.23,0
2024-10-04,1069,Garcia-Ward Hospital,Montgomeryton,Virginia,5,0,323,65,196,600,122,36,89,43,Ciprofloxacin,Azithromycin,ORS,969,32.67,1
2024-10-05,1039,Shields-Edwards Hospital,Port Anthony,North Dakota,1,1,431,93,283,322,176,42,77,45,ORS,Platelets,Paracetamol,1293,87.89,0
2024-10-06,1023,Small Ltd Hospital,Melanieberg,Maine,2,0,80,8,49,347,20,7,16,4,Paracetamol,Azithromycin,Vitamin C,240,14.12,1
2024-10-07,1001,Smith-Suarez Hospital,Lake Loriburgh,Maine,0,0,273,46,174,301,78,25,41,30,Remdesivir,Paracetamol,Oxygen Support,546,57.81,1
2024-10-08,1038,"Soto, Price and Jackson Hospital",Allenport,Oklahoma,4,2,379,48,281,379,85,32,57,36,Amoxicillin,Azithromycin,Cough Syrup,1895,74.14,2
2024-10-09,1035,Conway-Torres Hospital,Donnatown,Florida,1,1,233,40,200,355,48,16,61,12,ORS,Platelets,Paracetamol,1165,56.34,1
2024-10-10,1047,Ross-Huff Hospital,Rogerston,Wyoming,3,0,406,79,365,567,172,46,66,61,Chloroquine,Artemisinin,Primaquine,2030,64.37,1
2024-10-11,1017,"Miller, Silva and Dunn Hospital",Port Brianland,Alaska,5,1,228,39,179,524,98,27,43,28,Ciprofloxacin,Azithromycin,ORS,456,34.16,1
2024-10-12,1018,Burke PLC Hospital,South Destiny,Oregon,1,2,463,58,392,338,195,27,76,18,ORS,Platelets,Paracetamol,1852,115.98,0
2024-10-13,1033,Stephens PLC Hospital,Carterstad,Illinois,0,1,152,25,122,114,35,16,31,11,Remdesivir,Paracetamol,Oxygen Support,304,107.02,0
2024-10-14,1015,Jones-Robbins Hospital,Jamesville,Wyoming,3,1,313,57,287,284,146,19,76,44,Chloroquine,Artemisinin,Primaquine,1565,101.06,0
2024-10-15,1072,Banks Ltd Hospital,Mooneychester,Texas,0,0,190,25,120,474,66,15,38,11,Remdesivir,Paracetamol,Oxygen Support,380,25.32,1
2024-10-16,1008,Atkins-Rodgers Hospital,Jennabury,Arkansas,3,0,157,14,106,397,35,9,42,5,Chloroquine,Artemisinin,Primaquine,628,26.7,1
2024-10-17,1077,Stewart Group Hospital,North Lisahaven,Hawaii,3,1,221,22,167,339,65,14,42,10,Chloroquine,Artemisinin,Primaquine,442,49.26,1
2024-10-18,1026,"Bradley, Johns and Holt Hospital",West Victoria,Nevada,4,2,220,39,174,169,70,20,65,11,Amoxicillin,Azithromycin,Cough Syrup,1100,102.96,0
2024-10-19,1026,Huynh-Hernandez Hospital,Port Stevenburgh,Rhode Island,2,0,465,90,424,531,186,25,98,43,Paracetamol,Azithromycin,Vitamin C,2325,79.85,2
2024-10-20,1002,Love-Ward Hospital,Waltersland,Missouri,5,0,215,53,161,151,68,15,45,36,Ciprofloxacin,Azithromycin,ORS,430,106.62,0
2024-10-21,1038,"Baird, Vasquez and Larson Hospital",Tylerville,Alabama,2,0,411,101,278,260,130,26,77,60,Paracetamol,Azithromycin,Vitamin C,1233,106.92,0
2024-10-22,1048,Marquez and Sons Hospital,Walshport,New Hampshire,1,1,424,96,278,515,160,27,96,65,ORS,Platelets,Paracetamol,2120,53.98,1
2024-10-23,1045,Arnold-Porter Hospital,Duanemouth,Alabama,0,2,178,20,119,477,56,17,49,11,Remdesivir,Paracetamol,Oxygen Support,712,24.95,1
2024-10-24,1071,"Davis, Hansen and Adams Hospital",East Kathleenville,Colorado,2,2,50,8,39,425,24,4,10,5,Paracetamol,Azithromycin,Vitamin C,200,9.18,1
2024-10-25,1092,Allen Ltd Hospital,East Seanmouth,Tennessee,2,2,259,62,168,446,53,16,43,19,Paracetamol,Azithromycin,Vitamin C,1295,37.67,1
2024-10-26,1003,Mathews LLC Hospital,North Danielle,Nevada,1,1,495,123,301,160,211,41,139,68,ORS,Platelets,Paracetamol,2475,188.12,0
2024-10-27,1039,Weaver LLC Hospital,Bookerview,South Dakota,3,1,322,62,223,305,109,22,54,24,Chloroquine,Artemisinin,Primaquine,1610,73.11,2
2024-10-28,1082,"Leonard, Cook and Ferguson Hospital",West Natalieville,Florida,2,1,200,30,127,465,58,13,47,21,Paracetamol,Azithromycin,Vitamin C,400,27.31,1
2024-10-29,1100,"Ford, Flores and Graham Hospital",North David,Nevada,2,0,275,53,233,554,106,27,50,33,Paracetamol,Azithromycin,Vitamin C,1375,42.06,1
2024-10-30,1058,Davis-Brown Hospital,New Brandonmouth,Ohio,5,0,258,30,162,288,55,26,47,17,Ciprofloxacin,Azithromycin,ORS,774,56.25,1
2024-10-31,1088,Ramirez-Eaton Hospital,East Aaronborough,Minnesota,3,2,360,80,284,342,149,38,93,39,Chloroquine,Artemisinin,Primaquine,1800,83.04,2
2024-11-01,1004,"Gonzalez, Kirk and Evans Hospital",Smithside,Connecticut,1,2,94,10,63,558,46,10,16,5,ORS,Platelets,Paracetamol,282,11.29,1
2024-11-02,1003,Beck-Allen Hospital,Taylorbury,Rhode Island,2,0,285,34,207,565,123,19,60,11,Paracetamol,Azithromycin,Vitamin C,570,36.64,1
2024-11-03,1092,Sherman-Browning Hospital,East Frances,North Carolina,3,1,399,89,331,485,95,44,87,48,Chloroquine,Artemisinin,Primaquine,1197,68.25,2
2024-11-04,1002,"Perez, Thomas and Pollard Hospital",Lake Reginaldview,North Carolina,5,1,384,83,298,273,157,22,63,53,Ciprofloxacin,Azithromycin,ORS,1920,109.16,0
2024-11-05,1032,"Ferguson, Henry and Clark Hospital",Amandaport,Iowa,0,1,424,80,268,432,184,41,112,62,Remdesivir,Paracetamol,Oxygen Support,2120,62.04,1
2024-11-06,1080,Russo-Wood Hospital,West Antonio,Michigan,4,1,240,59,191,380,81,12,44,30,Amoxicillin,Azithromycin,Cough Syrup,1200,50.26,1
2024-11-07,1003,Sloan Ltd Hospital,West Joehaven,New Mexico,3,2,54,8,34,494,22,3,14,3,Chloroquine,Artemisinin,Primaquine,216,6.88,1
2024-11-08,1065,"Vargas, Warner and Green Hospital",New Christopher,Ohio,1,0,162,34,150,423,58,13,29,18,ORS,Platelets,Paracetamol,810,35.46,1
2024-11-09,1098,"Scott, Ellis and Jenkins Hospital",Townsendmouth,Illinois,5,2,97,21,85,337,38,11,18,10,Ciprofloxacin,Azithromycin,ORS,388,25.22,1
2024-11-10,1079,Wang-Dunn Hospital,Lake Ryanstad,Nevada,5,0,378,90,251,429,182,26,103,38,Ciprofloxacin,Azithromycin,ORS,1134,58.51,1
2024-11-11,1028,"Diaz, Henderson and Hoffman Hospital",New Stephaniefort,Wyoming,3,0,88,16,76,223,19,9,13,11,Chloroquine,Artemisinin,Primaquine,176,34.08,1
2024-11-12,1046,Gonzalez LLC Hospital,North Derekland,New York,0,0,361,59,219,519,169,37,76,31,Remdesivir,Paracetamol,Oxygen Support,1083,42.2,1
2024-11-13,1050,Bolton Ltd Hospital,New Patriciafurt,Indiana,4,1,103,20,84,543,44,9,19,9,Amoxicillin,Azithromycin,Cough Syrup,412,15.47,1
2024-11-14,1018,Kelly LLC Hospital,Coopershire,Oregon,1,1,384,40,238,443,120,31,64,23,ORS,Platelets,Paracetamol,768,53.72,1
2024-11-15,1063,Farmer-Davis Hospital,East Eric,Mississippi,4,1,123,11,79,574,59,7,33,7,Amoxicillin,Azithromycin,Cough Syrup,369,13.76,1
2024-11-16,1049,Reilly-Nichols Hospital,Port Kennethfurt,Indiana,0,0,167,37,108,377,65,14,29,27,Remdesivir,Paracetamol,Oxygen Support,334,28.65,1
2024-11-17,1007,Richardson-Doyle Hospital,Traceyton,New Jersey,3,0,88,11,67,242,41,9,17,8,Chloroquine,Artemisinin,Primaquine,176,27.69,1
2024-11-18,1076,Kelley-Nolan Hospital,Brandibury,New York,5,0,102,19,95,555,34,9,25,9,Ciprofloxacin,Azithromycin,ORS,510,17.12,1
2024-11-19,1069,Hernandez LLC Hospital,New Jillshire,Tennessee,2,1,416,42,388,519,101,43,98,22,Paracetamol,Azithromycin,Vitamin C,1664,74.76,2
2024-11-20,1092,Williams-Wood Hospital,East Jeffrey,Virginia,0,0,490,97,372,202,236,24,113,29,Remdesivir,Paracetamol,Oxygen Support,1470,184.16,0
2024-11-21,1095,Mays-Wright Hospital,Murphyton,Nevada,3,2,127,26,102,295,33,13,28,16,Chloroquine,Artemisinin,Primaquine,508,34.58,1
2024-11-22,1060,"Webster, Rogers and Gregory Hospital",Lake Kathleen,Florida,1,2,268,52,219,485,56,19,47,41,ORS,Platelets,Paracetamol,1072,45.15,1
2024-11-23,1037,Gardner-Solis Hospital,Wolfbury,Alaska,1,1,463,111,387,506,106,23,132,67,ORS,Platelets,Paracetamol,926,76.48,2
2024-11-24,1090,Price Ltd Hospital,Stephaniechester,New Jersey,0,0,96,23,77,534,24,9,22,8,Remdesivir,Paracetamol,Oxygen Support,480,14.42,1
2024-11-25,1075,"Duke, Maldonado and Campbell Hospital",Lake Lindsey,Alaska,2,1,187,26,118,483,82,19,35,9,Paracetamol,Azithromycin,Vitamin C,561,24.43,1
2024-11-26,1041,Thompson-Gonzalez Hospital,Carlosshire,New Hampshire,1,1,223,33,166,421,89,11,35,22,ORS,Platelets,Paracetamol,669,39.43,1
2024-11-27,1077,"Mueller, Terry and Benton Hospital",Leeside,Kentucky,0,2,382,58,302,593,76,28,76,28,Remdesivir,Paracetamol,Oxygen Support,1146,50.93,1
2024-11-28,1023,Taylor Group Hospital,New Jamesstad,Montana,1,0,144,18,107,165,38,10,41,10,ORS,Platelets,Paracetamol,576,64.85,1
2024-11-29,1042,Alvarez-Bishop Hospital,Davisport,Texas,0,0,157,27,96,129,36,9,40,15,Remdesivir,Paracetamol,Oxygen Support,628,74.42,2
2024-11-30,1049,"Wood, Miles and Bowers Hospital",Briggsport,Michigan,5,2,84,12,69,458,17,5,23,7,Ciprofloxacin,Azithromycin,ORS,336,15.07,1
2024-12-01,1082,Smith LLC Hospital,Johnshire,California,3,2,149,32,122,527,71,13,31,16,Chloroquine,Artemisinin,Primaquine,596,23.15,1
2024-12-02,1050,"Stone, Kennedy and Boone Hospital",South Dawnstad,New York,1,1,396,81,301,392,137,29,59,62,ORS,Platelets,Paracetamol,1584,76.79,2
2024-12-03,1005,Burns-Steele Hospital,Lake Elijahhaven,Illinois,1,0,349,86,281,453,144,39,78,66,ORS,Platelets,Paracetamol,1047,62.03,1
2024-12-04,1013,Martinez PLC Hospital,Tamichester,Alabama,3,2,102,23,70,580,25,7,19,13,Chloroquine,Artemisinin,Primaquine,408,12.07,1
2024-12-05,1081,"Smith, Pierce and Mcdonald Hospital",New Melissafort,Hawaii,3,0,111,24,105,392,37,11,33,10,Chloroquine,Artemisinin,Primaquine,555,26.79,1
2024-12-06,1004,Rogers-May Hospital,Brooksmouth,Rhode Island,5,1,466,83,280,258,214,40,76,29,Ciprofloxacin,Azithromycin,ORS,2330,108.53,0
2024-12-07,1076,Burke Inc Hospital,Leonhaven,Maryland,1,1,267,49,222,288,118,21,79,25,ORS,Platelets,Paracetamol,1335,77.08,2
2024-12-08,1041,Gallagher-Nelson Hospital,Dorothystad,Ohio,5,2,361,34,319,544,72,21,65,14,Ciprofloxacin,Azithromycin,ORS,1805,58.64,1
2024-12-09,1014,"Soto, Watson and Smith Hospital",South Barbara,Delaware,5,1,497,114,393,238,165,42,128,51,Ciprofloxacin,Azithromycin,ORS,994,165.13,0
2024-12-10,1040,"Taylor, Roberts and Jones Hospital",North Kyle,Wisconsin,2,0,186,26,116,561,74,16,38,19,Paracetamol,Azithromycin,Vitamin C,372,20.68,1
2024-12-11,1062,"Shepherd, Lozano and King Hospital",Jenniferport,Colorado,0,2,335,34,270,378,76,17,80,20,Remdesivir,Paracetamol,Oxygen Support,1005,71.43,2
2024-12-12,1009,Jones Ltd Hospital,Laurenmouth,Nevada,2,2,128,31,108,159,27,14,19,13,Paracetamol,Azithromycin,Vitamin C,512,67.92,2
2024-12-13,1006,Mckay LLC Hospital,Raymondburgh,Mississippi,4,2,110,10,102,289,54,6,24,5,Amoxicillin,Azithromycin,Cough Syrup,220,35.29,1
2024-12-14,1018,"West, Ramirez and King Hospital",Victoriastad,Illinois,3,0,143,18,124,476,34,14,25,7,Chloroquine,Artemisinin,Primaquine,572,26.05,1
2024-12-15,1077,"Levine, Alexander and Thompson Hospital",Yorkland,Wyoming,3,2,102,21,61,252,25,5,21,9,Chloroquine,Artemisinin,Primaquine,510,24.21,1
2024-12-16,1031,Clements LLC Hospital,New Denise,Virginia,4,2,123,11,107,459,25,12,22,7,Amoxicillin,Azithromycin,Cough Syrup,492,23.31,1
2024-12-17,1037,Doyle-Miller Hospital,East Ninahaven,Alaska,4,0,442,102,281,309,143,49,85,79,Amoxicillin,Azithromycin,Cough Syrup,2210,90.94,0
2024-12-18,1047,Ramos Inc Hospital,Christopherfurt,Louisiana,3,2,177,43,143,368,56,11,42,14,Chloroquine,Artemisinin,Primaquine,708,38.86,1
2024-12-19,1091,Krause-Smith Hospital,South Robert,Louisiana,2,1,214,30,168,494,58,15,59,15,Paracetamol,Azithromycin,Vitamin C,856,34.01,1
2024-12-20,1072,Lee Group Hospital,Fryhaven,Wyoming,4,2,271,60,202,325,133,14,78,44,Amoxicillin,Azithromycin,Cough Syrup,1355,62.15,1
2024-12-21,1042,Ray PLC Hospital,Isabellaberg,West Virginia,0,1,86,7,52,589,33,7,22,2,Remdesivir,Paracetamol,Oxygen Support,344,8.83,1
2024-12-22,1012,Johnson-Taylor Hospital,New Martin,Louisiana,0,0,364,64,340,319,84,25,60,21,Remdesivir,Paracetamol,Oxygen Support,1456,106.58,0
2024-12-23,1044,Quinn-Allen Hospital,Alexanderhaven,Nevada,1,2,348,32,231,291,120,24,85,21,ORS,Platelets,Paracetamol,1740,79.38,2
2024-12-24,1100,"Garza, Dominguez and Davis Hospital",Stoneside,North Dakota,0,1,411,82,384,330,187,22,112,28,Remdesivir,Paracetamol,Oxygen Support,2055,116.36,0
2024-12-25,1032,Daniels Inc Hospital,Lake Charles,Kansas,5,1,329,71,307,400,140,16,70,48,Ciprofloxacin,Azithromycin,ORS,1645,76.75,2
2024-12-26,1078,Miller-Vaughan Hospital,West Jacqueline,Georgia,5,2,149,25,101,116,32,10,32,19,Ciprofloxacin,Azithromycin,ORS,447,87.07,0
2024-12-27,1022,Carpenter Inc Hospital,New Amberborough,Arizona,2,0,56,12,44,140,24,5,9,7,Paracetamol,Azithromycin,Vitamin C,168,31.43,1
2024-12-28,1008,Ellis and Sons Hospital,Lake Jefferyside,Arkansas,2,0,489,39,454,513,146,25,126,30,Paracetamol,Azithromycin,Vitamin C,978,88.5,0
2024-12-29,1085,Phillips-Brown Hospital,Lake Patrickview,South Dakota,4,2,192,20,123,574,68,13,54,8,Amoxicillin,Azithromycin,Cough Syrup,384,21.43,1
2024-12-30,1092,"Wallace, Patton and Anderson Hospital",Simmonsville,Montana,4,1,443,52,401,267,132,42,97,25,Amoxicillin,Azithromycin,Cough Syrup,2215,150.19,0
2024-01-01,1056,"Martinez, Huffman and Lopez Hospital",South Melanie,Utah,3,0,462,64,367,574,109,53,128,40,Chloroquine,Artemisinin,Primaquine,1848,63.94,1
2024-01-02,1036,"Wood, Collins and Melton Hospital",Thomasstad,California,1,2,334,71,277,276,69,27,55,41,ORS,Platelets,Paracetamol,1336,100.36,0
2024-01-03,1003,"Parker, Nash and Adams Hospital",Douglasfurt,Tennessee,0,1,178,32,131,450,40,19,46,24,Remdesivir,Paracetamol,Oxygen Support,712,29.11,1
2024-01-04,1057,"Tran, Robinson and Hartman Hospital",Yolandaport,Alaska,1,1,69,14,46,126,22,3,12,8,ORS,Platelets,Paracetamol,207,36.51,1
2024-01-05,1022,Martinez PLC Hospital,South Nancyberg,New Jersey,1,1,273,66,191,474,65,19,42,31,ORS,Platelets,Paracetamol,1092,40.3,1
2024-01-06,1097,"Brennan, Carson and Porter Hospital",East Kylefurt,Wisconsin,5,0,466,59,336,554,117,38,135,19,Ciprofloxacin,Azithromycin,ORS,1398,60.65,1
2024-01-07,1057,Page-Perez Hospital,Katherinetown,Montana,2,1,262,62,178,530,106,19,48,49,Paracetamol,Azithromycin,Vitamin C,1310,33.58,1
2024-01-08,1072,"Hahn, Ferrell and Graham Hospital",North Feliciahaven,Wisconsin,4,1,447,90,411,138,133,36,105,64,Amoxicillin,Azithromycin,Cough Syrup,894,297.83,0
2024-01-09,1088,"Mason, Lewis and Campbell Hospital",Hernandezborough,Wisconsin,1,0,301,72,186,195,134,18,72,35,ORS,Platelets,Paracetamol,1204,95.38,0
2024-01-10,1066,Hunter-Lewis Hospital,Jarvisport,Maryland,1,0,480,99,326,317,150,56,89,49,ORS,Platelets,Paracetamol,2400,102.84,0
2024-01-11,1011,Johnson Group Hospital,Gabrielland,Massachusetts,1,0,343,83,300,421,114,24,87,45,ORS,Platelets,Paracetamol,686,71.26,2
2024-01-12,1088,"Herman, Martinez and Anderson Hospital",Lake Kristihaven,Pennsylvania,3,1,263,34,248,160,93,20,50,14,Chloroquine,Artemisinin,Primaquine,789,155.0,0
2024-01-13,1079,Cortez Group Hospital,North Joseph,Tennessee,3,1,299,72,249,380,103,16,78,38,Chloroquine,Artemisinin,Primaquine,897,65.53,2
2024-01-14,1073,"Krueger, Mendez and Nelson Hospital",South Ruthfurt,Florida,1,1,84,13,61,472,37,4,21,7,ORS,Platelets,Paracetamol,252,12.92,1
2024-01-15,1097,Robinson Ltd Hospital,Lake Nicoleside,Minnesota,1,0,375,52,326,491,110,33,65,35,ORS,Platelets,Paracetamol,1125,66.4,2
2024-01-16,1056,Anderson-Sullivan Hospital,Port Jonborough,Indiana,5,1,95,16,69,533,25,6,27,12,Ciprofloxacin,Azithromycin,ORS,475,12.95,1
2024-01-17,1021,"Lee, Koch and Adams Hospital",Lake Patriciatown,North Dakota,3,2,187,46,144,481,39,19,43,21,Chloroquine,Artemisinin,Primaquine,748,29.94,1
2024-01-18,1027,Whitaker-Bonilla Hospital,Kellyburgh,Texas,2,2,328,45,197,451,153,27,64,14,Paracetamol,Azithromycin,Vitamin C,656,43.68,1
2024-01-19,1057,Maxwell-Suarez Hospital,Robleschester,Vermont,2,0,425,43,263,291,199,47,72,20,Paracetamol,Azithromycin,Vitamin C,1275,90.38,0
2024-01-20,1087,Blackburn and Sons Hospital,Dixonville,Mississippi,5,0,368,91,233,277,166,25,75,34,Ciprofloxacin,Azithromycin,ORS,1840,84.12,2
2024-01-21,1021,Miller Inc Hospital,South Elizabethmouth,Connecticut,1,1,436,45,275,412,141,51,92,22,ORS,Platelets,Paracetamol,1308,66.75,2
2024-01-22,1089,Graham-Moore Hospital,East Lawrenceville,Massachusetts,0,1,98,20,67,233,37,7,25,15,Remdesivir,Paracetamol,Oxygen Support,490,28.76,1
2024-01-23,1096,Evans and Sons Hospital,East Morgan,West Virginia,0,2,121,22,78,288,50,12,34,15,Remdesivir,Paracetamol,Oxygen Support,363,27.08,1
2024-01-24,1047,Stewart Ltd Hospital,East Stacy,Utah,3,2,467,46,337,524,119,31,107,28,Chloroquine,Artemisinin,Primaquine,1868,64.31,1
2024-01-25,1021,Mcdonald Inc Hospital,Cindybury,Illinois,5,0,87,13,54,298,27,5,17,5,Ciprofloxacin,Azithromycin,ORS,348,18.12,1
2024-01-26,1089,"Hunter, Morris and Smith Hospital",Lake Christopher,Texas,3,0,102,22,69,491,34,10,25,9,Chloroquine,Artemisinin,Primaquine,510,14.05,1
2024-01-27,1020,"Smith, Miller and Patton Hospital",South Brandychester,Delaware,1,1,210,40,169,425,71,20,50,29,ORS,Platelets,Paracetamol,1050,39.76,1
2024-01-28,1006,"Alvarez, Walls and Guzman Hospital",North Johnport,Alaska,3,1,321,26,274,181,73,37,48,14,Chloroquine,Artemisinin,Primaquine,1605,151.38,0
2024-01-29,1075,Leonard-Clayton Hospital,East Bryan,Idaho,3,2,151,32,132,593,56,16,35,23,Chloroquine,Artemisinin,Primaquine,453,22.26,1
2024-01-30,1038,"Johnson, Charles and Mendez Hospital",Lake Shannon,Utah,3,0,312,53,294,575,84,35,55,19,Chloroquine,Artemisinin,Primaquine,936,51.13,1
2024-01-31,1052,"Lane, Roberts and Shea Hospital",Codyshire,New Jersey,0,2,263,36,203,162,70,25,58,13,Remdesivir,Paracetamol,Oxygen Support,789,125.31,0
2024-02-01,1050,"Rhodes, Rodriguez and Rodriguez Hospital",Morsefurt,Minnesota,2,0,156,25,134,301,65,8,46,9,Paracetamol,Azithromycin,Vitamin C,780,44.52,1
2024-02-02,1095,Anderson and Sons Hospital,Shawton,North Carolina,1,2,480,63,344,321,104,46,126,36,ORS,Platelets,Paracetamol,960,107.17,0
2024-02-03,1058,Stevenson-Butler Hospital,Brownstad,Tennessee,2,2,478,60,337,117,96,34,117,42,Paracetamol,Azithromycin,Vitamin C,1434,288.03,0
2024-02-04,1016,Jenkins-Jordan Hospital,Davidchester,Alaska,2,0,484,71,394,400,212,25,77,25,Paracetamol,Azithromycin,Vitamin C,968,98.5,0
2024-02-05,1065,"Russell, Williams and Taylor Hospital",East Karen,Vermont,3,1,255,27,231,375,104,17,63,16,Chloroquine,Artemisinin,Primaquine,1275,61.6,1
2024-02-06,1010,"Patton, Baker and Bowen Hospital",Mooremouth,New Hampshire,3,1,212,47,154,408,61,14,47,28,Chloroquine,Artemisinin,Primaquine,1060,37.75,1
2024-02-07,1081,Walker-Jennings Hospital,Masonberg,Minnesota,3,1,323,78,264,300,100,17,60,41,Chloroquine,Artemisinin,Primaquine,1292,88.0,0
2024-02-08,1034,Houston-Rivers Hospital,Kellyburgh,Delaware,1,1,237,20,195,145,47,14,37,15,ORS,Platelets,Paracetamol,1185,134.48,0
2024-02-09,1078,Mccarthy-Lopez Hospital,Kellystad,Washington,1,2,183,18,156,328,88,13,32,7,ORS,Platelets,Paracetamol,366,47.56,1
2024-02-10,1043,Hernandez and Sons Hospital,New Stephaniebury,Kansas,1,2,475,56,291,241,110,56,132,43,ORS,Platelets,Paracetamol,1900,120.75,0
2024-02-11,1057,"Gonzalez, Black and Barnett Hospital",Edwardhaven,Indiana,2,2,311,35,275,284,145,32,82,24,Paracetamol,Azithromycin,Vitamin C,622,96.83,0
2024-02-12,1034,Andrews and Sons Hospital,New Vanessa,Nebraska,2,0,198,28,126,215,66,14,45,20,Paracetamol,Azithromycin,Vitamin C,792,58.6,1
2024-02-13,1030,Harris-Kelley Hospital,Jessicafurt,Idaho,4,0,479,62,294,526,129,47,76,34,Amoxicillin,Azithromycin,Cough Syrup,1916,55.89,1
2024-02-14,1022,"Johnson, Rollins and Sanchez Hospital",North Cynthia,Louisiana,0,1,66,10,51,361,18,4,19,6,Remdesivir,Paracetamol,Oxygen Support,198,14.13,1
2024-02-15,1036,Khan PLC Hospital,West Karinafurt,Mississippi,1,1,255,48,172,237,89,29,54,38,ORS,Platelets,Paracetamol,1020,72.57,2
2024-02-16,1064,Graves-Adams Hospital,East Michaelshire,Oregon,5,0,425,45,293,206,211,42,69,30,Ciprofloxacin,Azithromycin,ORS,1700,142.23,0
2024-02-17,1094,Gonzalez and Sons Hospital,South Stanley,Massachusetts,0,1,216,47,190,349,81,21,43,22,Remdesivir,Paracetamol,Oxygen Support,1080,54.44,1
2024-02-18,1061,Gordon and Sons Hospital,Melissaburgh,Arizona,2,1,420,76,398,192,188,29,114,25,Paracetamol,Azithromycin,Vitamin C,2100,207.29,0
2024-02-19,1045,Dawson-Newton Hospital,Jessicaburgh,Ohio,2,2,384,83,342,568,99,45,79,25,Paracetamol,Azithromycin,Vitamin C,1920,60.21,1
2024-02-20,1070,"Nielsen, Matthews and Armstrong Hospital",Victoriaport,Massachusetts,5,2,212,30,188,149,105,24,39,14,Ciprofloxacin,Azithromycin,ORS,424,126.17,0
2024-02-21,1088,Best and Sons Hospital,Lake Jill,Kentucky,3,2,480,108,392,455,229,30,89,34,Chloroquine,Artemisinin,Primaquine,1920,86.15,0
2024-02-22,1022,Gray Group Hospital,East Jill,Maine,3,2,422,57,342,499,189,40,114,34,Chloroquine,Artemisinin,Primaquine,1266,68.54,2
2024-02-23,1053,Jensen-Macias Hospital,South Courtneyburgh,Virginia,5,2,391,54,291,300,131,33,90,23,Ciprofloxacin,Azithromycin,ORS,1173,97.0,0
2024-02-24,1019,"Phillips, Schmidt and Wright Hospital",Pruittside,Maine,2,1,307,73,281,118,66,19,91,32,Paracetamol,Azithromycin,Vitamin C,921,238.14,0
2024-02-25,1026,Perkins LLC Hospital,Jasonview,Indiana,5,2,474,84,289,296,195,35,120,35,Ciprofloxacin,Azithromycin,ORS,2370,97.64,0
2024-02-26,1017,"Richardson, Mcintosh and Martin Hospital",Harrisborough,West Virginia,0,2,434,100,283,218,199,21,73,33,Remdesivir,Paracetamol,Oxygen Support,1302,129.82,0
2024-02-27,1014,Walker-Boyle Hospital,Lake Javiermouth,South Dakota,4,1,480,108,417,197,182,28,101,78,Amoxicillin,Azithromycin,Cough Syrup,2400,211.68,0
2024-02-28,1069,Woods-Young Hospital,Adamschester,Pennsylvania,5,0,367,35,270,429,137,40,82,14,Ciprofloxacin,Azithromycin,ORS,1101,62.94,1
2024-02-29,1052,Floyd-Huffman Hospital,East Brandy,West Virginia,4,0,213,44,140,520,73,18,37,24,Amoxicillin,Azithromycin,Cough Syrup,1065,26.92,1
2024-03-01,1019,Johnson-Chang Hospital,Gregoryfort,Indiana,3,1,128,26,96,557,53,9,23,19,Chloroquine,Artemisinin,Primaquine,512,17.24,1
2024-03-02,1037,Patel-Jordan Hospital,Masonchester,Colorado,0,2,52,11,45,306,14,5,10,4,Remdesivir,Paracetamol,Oxygen Support,104,14.71,1
2024-03-03,1061,Holmes-Ross Hospital,Ortizton,New Jersey,0,1,398,63,375,215,172,23,62,33,Remdesivir,Paracetamol,Oxygen Support,1990,174.42,0
2024-03-04,1074,"Burton, Porter and Davis Hospital",New Anita,Georgia,4,1,274,67,218,548,122,29,68,33,Amoxicillin,Azithromycin,Cough Syrup,548,39.78,1
2024-03-05,1073,"Vazquez, Patterson and Phillips Hospital",North Kennethtown,Oklahoma,3,0,427,54,354,596,121,50,122,28,Chloroquine,Artemisinin,Primaquine,1281,59.4,1
2024-03-06,1061,Thomas PLC Hospital,East Shawn,New Mexico,3,2,162,19,109,274,79,9,29,8,Chloroquine,Artemisinin,Primaquine,810,39.78,1
2024-03-07,1064,Wells-Williams Hospital,New Jessicastad,Kansas,3,0,292,67,276,236,96,27,61,47,Chloroquine,Artemisinin,Primaquine,1460,116.95,0
2024-03-08,1086,Love-Gonzales Hospital,West Jim,Mississippi,5,1,288,53,249,167,66,16,48,28,Ciprofloxacin,Azithromycin,ORS,1440,149.1,0
2024-03-09,1073,"Brown, Bailey and Bowers Hospital",Lake Williamton,Maryland,4,1,341,54,282,456,115,26,89,31,Amoxicillin,Azithromycin,Cough Syrup,1364,61.84,1
2024-03-10,1095,Lin Inc Hospital,New Benjaminborough,Ohio,0,0,155,17,138,451,53,8,36,8,Remdesivir,Paracetamol,Oxygen Support,620,30.6,1
2024-03-11,1003,"Brewer, Gonzalez and Allen Hospital",Leehaven,New Jersey,5,1,499,119,331,414,179,27,136,41,Ciprofloxacin,Azithromycin,ORS,1996,79.95,2
2024-03-12,1093,Howell Inc Hospital,Rhondaborough,New Hampshire,4,2,274,24,239,566,80,15,79,7,Amoxicillin,Azithromycin,Cough Syrup,822,42.23,1
2024-03-13,1066,Stone-Henry Hospital,Deanbury,Maine,3,1,338,28,263,270,90,23,96,12,Chloroquine,Artemisinin,Primaquine,1352,97.41,0
2024-03-14,1074,Thomas-Campos Hospital,New Courtney,Montana,3,0,314,53,269,291,94,21,53,20,Chloroquine,Artemisinin,Primaquine,1570,92.44,0
2024-03-15,1005,"Boyd, Ford and Austin Hospital",Williamborough,Maine,1,2,348,39,212,511,134,17,103,15,ORS,Platelets,Paracetamol,696,41.49,1
2024-03-16,1074,"May, Walker and Lowery Hospital",South Daniel,Vermont,1,2,254,20,179,154,122,20,39,13,ORS,Platelets,Paracetamol,762,116.23,0
2024-03-17,1058,"Weber, Cooper and Sanchez Hospital",Cameronfort,Alaska,2,1,246,51,221,186,112,14,50,32,Paracetamol,Azithromycin,Vitamin C,492,118.82,0
2024-03-18,1053,Sanders-Lester Hospital,New Nicole,Utah,0,1,129,21,78,118,35,15,22,10,Remdesivir,Paracetamol,Oxygen Support,516,66.1,2
2024-03-19,1093,Hughes and Sons Hospital,Port Erica,Arkansas,5,0,242,32,219,518,55,15,42,18,Ciprofloxacin,Azithromycin,ORS,968,42.28,1
2024-03-20,1030,"Parks, Cannon and Fisher Hospital",Freemanside,Texas,3,2,244,20,198,475,99,27,60,13,Chloroquine,Artemisinin,Primaquine,732,41.68,1
2024-03-21,1060,"Jones, Johnson and Chen Hospital",Lake Johnfort,Colorado,2,1,189,44,172,416,61,18,54,26,Paracetamol,Azithromycin,Vitamin C,756,41.35,1
2024-03-22,1095,"Vargas, Harvey and Adams Hospital",Santostown,Idaho,5,2,417,72,331,576,172,47,117,43,Ciprofloxacin,Azithromycin,ORS,2085,57.47,1
2024-03-23,1004,Grant-Brown Hospital,Port Cindy,Vermont,3,2,417,48,336,253,187,45,90,19,Chloroquine,Artemisinin,Primaquine,1251,132.81,0
2024-03-24,1026,"Wilson, Gamble and Landry Hospital",Zacharyborough,Connecticut,5,0,472,86,402,345,174,28,128,41,Ciprofloxacin,Azithromycin,ORS,2360,116.52,0
2024-03-25,1053,"Morgan, Thomas and Hall Hospital",Apriltown,Mississippi,5,1,453,55,423,450,150,36,104,18,Ciprofloxacin,Azithromycin,ORS,2265,94.0,0
2024-03-26,1079,Vega PLC Hospital,North Michaelport,North Carolina,0,0,344,65,250,497,121,27,81,20,Remdesivir,Paracetamol,Oxygen Support,1720,50.3,1
2024-03-27,1098,Jackson and Sons Hospital,Shannonstad,Oregon,1,0,81,12,73,598,34,7,17,7,ORS,Platelets,Paracetamol,324,12.21,1
2024-03-28,1028,Lawrence-Murray Hospital,New Vincent,Illinois,1,2,151,26,123,189,53,8,39,9,ORS,Platelets,Paracetamol,755,65.08,2
2024-03-29,1062,Cunningham LLC Hospital,Shawstad,South Dakota,2,0,444,99,319,273,105,30,98,48,Paracetamol,Azithromycin,Vitamin C,888,116.85,0
2024-03-30,1026,Owens Ltd Hospital,Port Brittneyhaven,Hawaii,0,1,221,24,194,440,81,13,56,18,Remdesivir,Paracetamol,Oxygen Support,884,44.09,1
2024-03-31,1033,Nelson Group Hospital,Rhondaburgh,Maryland,0,0,129,26,92,537,61,12,20,13,Remdesivir,Paracetamol,Oxygen Support,387,17.13,1
2024-04-01,1071,Hardin and Sons Hospital,North Vickie,North Carolina,3,0,458,86,389,108,141,32,96,33,Chloroquine,Artemisinin,Primaquine,1832,360.19,0
2024-04-02,1054,"Davis, Alvarez and Shelton Hospital",Graymouth,Utah,3,1,431,63,389,299,93,49,102,35,Chloroquine,Artemisinin,Primaquine,2155,130.1,0
2024-04-03,1015,Bell-Jones Hospital,Nguyenfurt,North Dakota,1,1,125,20,111,479,42,9,23,8,ORS,Platelets,Paracetamol,500,23.17,1
2024-04-04,1029,Adams-Walters Hospital,Kristinaside,Kentucky,3,2,393,84,324,220,195,23,92,62,Chloroquine,Artemisinin,Primaquine,1965,147.27,0
2024-04-05,1063,Garcia LLC Hospital,East Emilybury,Wisconsin,1,1,350,69,280,349,151,31,57,31,ORS,Platelets,Paracetamol,1750,80.23,2
2024-04-06,1085,Howard LLC Hospital,West Erikberg,Connecticut,0,2,56,9,36,518,27,6,11,4,Remdesivir,Paracetamol,Oxygen Support,168,6.95,1
2024-04-07,1070,"King, Lopez and Blackburn Hospital",Lake Scottland,Virginia,4,2,368,77,249,550,120,27,103,51,Amoxicillin,Azithromycin,Cough Syrup,1840,45.27,1
2024-04-08,1000,"Green, Steele and Walker Hospital",West Christina,Virginia,4,1,385,31,347,348,163,34,109,18,Amoxicillin,Azithromycin,Cough Syrup,770,99.71,0
2024-04-09,1097,Simpson-Gonzalez Hospital,East James,Vermont,1,1,364,69,248,382,135,30,78,42,ORS,Platelets,Paracetamol,1092,64.92,1
2024-04-10,1002,"Bailey, Barnes and Mahoney Hospital",Ballhaven,South Carolina,2,1,69,10,63,400,13,5,15,3,Paracetamol,Azithromycin,Vitamin C,207,15.75,1
2024-04-11,1026,Taylor-Fleming Hospital,Reidmouth,Louisiana,2,2,177,21,159,219,70,8,30,16,Paracetamol,Azithromycin,Vitamin C,531,72.6,2
2024-04-12,1092,Baker-Clark Hospital,Powellburgh,Kansas,2,0,158,20,138,135,60,15,29,11,Paracetamol,Azithromycin,Vitamin C,474,102.22,0
2024-04-13,1055,"Perez, Bell and Rodriguez Hospital",Marietown,Massachusetts,0,0,316,33,258,384,64,20,80,20,Remdesivir,Paracetamol,Oxygen Support,948,67.19,2
2024-04-14,1001,Fischer Inc Hospital,Lake Nathanport,New Jersey,4,0,387,95,263,543,93,38,86,43,Amoxicillin,Azithromycin,Cough Syrup,1161,48.43,1
2024-04-15,1050,Ramos Ltd Hospital,Benjaminland,Ohio,4,2,326,49,288,399,142,32,54,38,Amoxicillin,Azithromycin,Cough Syrup,652,72.18,2
2024-04-16,1093,Rose and Sons Hospital,Port Timothyhaven,Wyoming,4,0,454,105,422,261,100,50,110,38,Amoxicillin,Azithromycin,Cough Syrup,2270,161.69,0
2024-04-17,1051,"Bates, Martinez and Oliver Hospital",Hatfieldview,Nebraska,1,2,123,21,113,287,37,11,33,8,ORS,Platelets,Paracetamol,615,39.37,1
2024-04-18,1093,"Anthony, Moore and Hudson Hospital",Matthewfort,North Carolina,5,2,374,61,238,370,109,39,56,24,Ciprofloxacin,Azithromycin,ORS,1870,64.32,1
2024-04-19,1033,"Keller, Rodriguez and Gilbert Hospital",South Katherineside,Alaska,5,0,177,25,127,486,86,10,37,14,Ciprofloxacin,Azithromycin,ORS,531,26.13,1
2024-04-20,1044,"Lyons, Miller and Johnson Hospital",East Elijahville,Virginia,3,0,109,22,83,533,50,11,29,9,Chloroquine,Artemisinin,Primaquine,545,15.57,1
2024-04-21,1057,"Williams, Patterson and Anderson Hospital",Waynestad,Indiana,3,2,165,23,111,499,49,9,46,12,Chloroquine,Artemisinin,Primaquine,330,22.24,1
2024-04-22,1084,"Watson, Benjamin and Lindsey Hospital",Kramertown,Nebraska,1,0,500,123,403,459,136,28,104,62,ORS,Platelets,Paracetamol,2500,87.8,0
2024-04-23,1065,Moore Ltd Hospital,New Melissabury,Texas,1,2,355,59,261,536,129,28,83,30,ORS,Platelets,Paracetamol,1775,48.69,1
2024-04-24,1020,Rosales Inc Hospital,Turnerberg,Georgia,0,0,217,49,130,459,73,18,41,32,Remdesivir,Paracetamol,Oxygen Support,651,28.32,1
2024-04-25,1062,"Jones, Torres and Peterson Hospital",North Richard,Nevada,3,0,313,50,201,600,76,30,70,36,Chloroquine,Artemisinin,Primaquine,939,33.5,1
2024-04-26,1037,Wilson PLC Hospital,Johnsonfurt,Oregon,4,2,309,25,237,478,115,21,46,7,Amoxicillin,Azithromycin,Cough Syrup,1236,49.58,1
2024-04-27,1097,"Davila, Bryant and Smith Hospital",Port Dylanbury,Idaho,2,2,310,73,272,155,145,20,47,53,Paracetamol,Azithromycin,Vitamin C,620,175.48,0
2024-04-28,1014,Kirk-Collins Hospital,East Sonya,North Dakota,3,1,141,16,120,465,61,9,37,11,Chloroquine,Artemisinin,Primaquine,564,25.81,1
2024-04-29,1063,"Brooks, Simmons and Rios Hospital",Duffytown,Maryland,0,1,377,35,293,184,155,21,69,14,Remdesivir,Paracetamol,Oxygen Support,754,159.24,0
2024-04-30,1007,Gray LLC Hospital,Lake Deniseborough,Rhode Island,3,0,122,23,80,130,40,13,30,13,Chloroquine,Artemisinin,Primaquine,488,61.54,1
2024-05-01,1053,English-Nelson Hospital,Moralesville,Arizona,5,1,449,60,321,560,125,33,101,31,Ciprofloxacin,Azithromycin,ORS,1347,57.32,1
2024-05-02,1065,Flores Ltd Hospital,Steeleside,New Jersey,3,2,325,50,217,414,83,33,49,20,Chloroquine,Artemisinin,Primaquine,650,52.42,1
2024-05-03,1031,Ramirez LLC Hospital,Amandamouth,Wisconsin,5,1,311,35,249,599,83,30,82,26,Ciprofloxacin,Azithromycin,ORS,1244,41.57,1
2024-05-04,1031,Johnson-Benton Hospital,Rossborough,Virginia,3,1,197,16,161,525,73,14,42,9,Chloroquine,Artemisinin,Primaquine,788,30.67,1
2024-05-05,1092,Kane PLC Hospital,Morrisbury,Ohio,4,0,88,15,67,580,19,8,21,8,Amoxicillin,Azithromycin,Cough Syrup,264,11.55,1
2024-05-06,1078,Richardson Group Hospital,West Barbaraville,Missouri,1,1,195,26,141,482,69,13,57,10,ORS,Platelets,Paracetamol,390,29.25,1
2024-05-07,1032,Lin-Gilmore Hospital,North Sean,Arizona,4,1,400,82,248,312,141,35,109,54,Amoxicillin,Azithromycin,Cough Syrup,1200,79.49,2
2024-05-08,1099,Freeman-Roth Hospital,North Deniseport,New Hampshire,4,0,416,98,298,275,137,49,108,74,Amoxicillin,Azithromycin,Cough Syrup,2080,108.36,0
2024-05-09,1028,Combs Group Hospital,Lake Jeremy,Florida,0,0,373,33,293,564,121,27,92,19,Remdesivir,Paracetamol,Oxygen Support,1119,51.95,1
2024-05-10,1000,"Bowen, Henry and Ochoa Hospital",Port Duanehaven,North Carolina,0,1,80,19,61,415,34,4,12,9,Remdesivir,Paracetamol,Oxygen Support,160,14.7,1
2024-05-11,1046,"Smith, Moore and Gonzalez Hospital",Davidside,Kentucky,3,0,106,20,95,306,30,6,19,13,Chloroquine,Artemisinin,Primaquine,212,31.05,1
2024-05-12,1029,"Burke, West and Gutierrez Hospital",East Jasonton,South Dakota,0,0,92,12,67,120,38,10,19,4,Remdesivir,Paracetamol,Oxygen Support,184,55.83,1
2024-05-13,1016,Dennis Ltd Hospital,West Krista,Hawaii,1,2,369,62,335,161,84,43,88,19,ORS,Platelets,Paracetamol,1476,208.07,0
2024-05-14,1009,"Schmitt, Jones and Ruiz Hospital",Bradleyville,North Dakota,2,0,286,23,212,583,109,25,57,13,Paracetamol,Azithromycin,Vitamin C,1430,36.36,1
2024-05-15,1053,Patterson-Garcia Hospital,Mitchellshire,Michigan,5,0,133,20,97,572,57,11,39,14,Ciprofloxacin,Azithromycin,ORS,399,16.96,1
2024-05-16,1021,"Wilson, Ford and Sherman Hospital",South Chadville,North Dakota,2,1,493,56,324,375,203,37,140,41,Paracetamol,Azithromycin,Vitamin C,2465,86.4,0
2024-05-17,1007,"Brown, Daniel and Doyle Hospital",Port Haley,Connecticut,4,0,198,37,135,404,76,17,39,28,Amoxicillin,Azithromycin,Cough Syrup,990,33.42,1
2024-05-18,1078,Garcia-Stevenson Hospital,West Lauraburgh,Ohio,4,0,208,36,137,488,60,12,51,13,Amoxicillin,Azithromycin,Cough Syrup,1040,28.07,1
2024-05-19,1008,Lewis-Adams Hospital,Piercefurt,New Mexico,1,0,143,34,118,576,55,10,27,25,ORS,Platelets,Paracetamol,286,20.49,1
2024-05-20,1089,"Savage, Smith and Cox Hospital",Powellland,California,5,2,353,34,217,552,97,31,92,17,Ciprofloxacin,Azithromycin,ORS,1765,39.31,1
2024-05-21,1082,"Moore, Lane and Hanna Hospital",East Jacob,New Mexico,1,2,124,24,115,185,60,7,20,7,ORS,Platelets,Paracetamol,248,62.16,1
2024-05-22,1083,Lee PLC Hospital,East Theresaville,Arizona,5,2,238,25,211,254,58,27,64,14,Ciprofloxacin,Azithromycin,ORS,1190,83.07,2
2024-05-23,1067,Castro-Boyer Hospital,Port Eric,Oregon,2,0,434,56,296,314,154,23,120,31,Paracetamol,Azithromycin,Vitamin C,2170,94.27,0
2024-05-24,1100,"Costa, Williams and Williams Hospital",East Elizabeth,North Carolina,4,0,319,32,248,597,126,35,65,23,Amoxicillin,Azithromycin,Cough Syrup,957,41.54,1
2024-05-25,1082,Robinson-Howell Hospital,Rodriguezberg,Georgia,5,2,115,13,95,368,31,9,20,4,Ciprofloxacin,Azithromycin,ORS,230,25.82,1
2024-05-26,1039,Nelson-Grant Hospital,Brockmouth,West Virginia,4,0,301,37,234,188,61,20,71,11,Amoxicillin,Azithromycin,Cough Syrup,1505,124.47,0
2024-05-27,1031,Boyd-Cooke Hospital,South Nicholasville,West Virginia,4,2,420,85,384,304,198,41,86,53,Amoxicillin,Azithromycin,Cough Syrup,1680,126.32,0
2024-05-28,1018,French LLC Hospital,North Jamesfort,Oregon,4,2,204,29,161,425,97,19,32,12,Amoxicillin,Azithromycin,Cough Syrup,408,37.88,1
2024-05-29,1057,"Watson, Burgess and Castillo Hospital",Derrickview,Minnesota,3,1,200,20,180,537,65,18,49,11,Chloroquine,Artemisinin,Primaquine,400,33.52,1
2024-05-30,1022,Rivera Ltd Hospital,East Sarah,North Carolina,0,0,448,71,344,572,220,33,108,50,Remdesivir,Paracetamol,Oxygen Support,896,60.14,1
2024-05-31,1020,Roberts Group Hospital,Port Katherinefort,Massachusetts,3,2,431,79,366,457,158,45,125,46,Chloroquine,Artemisinin,Primaquine,862,80.09,2
2024-06-01,1049,Crosby and Sons Hospital,Garciafurt,Alaska,1,2,164,14,139,418,67,10,45,4,ORS,Platelets,Paracetamol,820,33.25,1
2024-06-02,1010,Stark-Moon Hospital,Johnsonmouth,Texas,3,1,220,29,185,219,55,17,62,9,Chloroquine,Artemisinin,Primaquine,880,84.47,2
2024-06-03,1015,Welch-Coleman Hospital,Thomastown,Montana,3,0,495,106,346,467,226,26,133,78,Chloroquine,Artemisinin,Primaquine,1980,74.09,2
2024-06-04,1028,Hutchinson-Smith Hospital,Davidview,Wisconsin,4,0,104,25,88,118,37,6,27,13,Amoxicillin,Azithromycin,Cough Syrup,416,74.58,2
2024-06-05,1045,Weiss Inc Hospital,New Staceymouth,Massachusetts,3,2,318,74,272,182,82,18,54,56,Chloroquine,Artemisinin,Primaquine,636,149.45,0
2024-06-06,1022,"Jones, Day and Daniel Hospital",West Denise,Illinois,4,0,99,14,85,394,37,9,17,5,Amoxicillin,Azithromycin,Cough Syrup,198,21.57,1
2024-06-07,1093,Garcia Group Hospital,North Christina,Oklahoma,1,2,492,40,322,176,181,30,107,16,ORS,Platelets,Paracetamol,1968,182.95,0
2024-06-08,1097,Nguyen-Larsen Hospital,Nelsontown,Michigan,3,0,207,26,143,203,84,10,43,18,Chloroquine,Artemisinin,Primaquine,414,70.44,2
2024-06-09,1028,Caldwell PLC Hospital,Butlermouth,South Carolina,1,2,120,24,79,304,28,9,26,17,ORS,Platelets,Paracetamol,360,25.99,1
2024-06-10,1040,Fox Inc Hospital,Lake Stephenstad,New Jersey,5,2,261,31,224,231,65,27,47,24,Ciprofloxacin,Azithromycin,ORS,522,96.97,0
2024-06-11,1072,Thompson-Wolf Hospital,South Jonathan,Kansas,2,1,497,43,324,266,189,54,91,31,Paracetamol,Azithromycin,Vitamin C,1988,121.8,0
2024-06-12,1060,"Pearson, Smith and Taylor Hospital",Port Royton,Connecticut,4,0,126,22,105,398,28,12,28,14,Amoxicillin,Azithromycin,Cough Syrup,630,26.38,1
2024-06-13,1003,Wells and Sons Hospital,Ortegaborough,New Mexico,2,1,151,21,141,224,48,12,43,14,Paracetamol,Azithromycin,Vitamin C,604,62.95,1
2024-06-14,1037,"Sanchez, Jimenez and Salazar Hospital",Reynoldsmouth,Tennessee,3,0,156,32,108,377,36,12,24,19,Chloroquine,Artemisinin,Primaquine,312,28.65,1
2024-06-15,1045,"Whitaker, Knight and Stevens Hospital",Andersonland,Florida,0,2,69,15,57,359,18,7,18,5,Remdesivir,Paracetamol,Oxygen Support,138,15.88,1
2024-06-16,1037,"Lynn, Cuevas and Hernandez Hospital",Normanfurt,Mississippi,0,2,474,60,288,346,187,30,86,29,Remdesivir,Paracetamol,Oxygen Support,1422,83.24,2
2024-06-17,1066,"Haas, Bryan and Peterson Hospital",Port Michael,Indiana,1,1,421,93,319,286,84,25,115,36,ORS,Platelets,Paracetamol,2105,111.54,0
2024-06-18,1017,"Wiggins, Brown and Ritter Hospital",Port Leslie,Alaska,2,0,76,17,53,338,22,7,15,8,Paracetamol,Azithromycin,Vitamin C,152,15.68,1
2024-06-19,1036,"Ballard, Cunningham and Hughes Hospital",North Wayne,Wisconsin,2,2,149,23,106,379,51,12,24,8,Paracetamol,Azithromycin,Vitamin C,447,27.97,1
2024-06-20,1043,"Oneal, Kennedy and Wilson Hospital",South Rebecca,Nebraska,0,1,500,49,308,322,118,36,77,38,Remdesivir,Paracetamol,Oxygen Support,1000,95.65,0
2024-06-21,1060,Grimes PLC Hospital,Leebury,Colorado,3,2,230,54,187,351,56,12,53,40,Chloroquine,Artemisinin,Primaquine,460,53.28,1
2024-06-22,1039,Kim-Reynolds Hospital,Harrisville,Colorado,5,2,296,58,265,518,132,21,85,18,Ciprofloxacin,Azithromycin,ORS,888,51.16,1
2024-06-23,1016,Garrison-Coffey Hospital,North Mark,Pennsylvania,1,2,136,14,128,446,65,14,39,4,ORS,Platelets,Paracetamol,544,28.7,1
2024-06-24,1024,Schwartz-Moore Hospital,West Chad,Delaware,4,2,390,60,328,272,86,25,96,25,Amoxicillin,Azithromycin,Cough Syrup,1950,120.59,0
2024-06-25,1030,Ramirez Inc Hospital,West Sharon,Maryland,5,0,388,83,296,385,96,36,109,47,Ciprofloxacin,Azithromycin,ORS,776,76.88,2
2024-06-26,1069,Ford Group Hospital,Lake Stacy,Idaho,1,2,103,9,77,299,51,7,29,5,ORS,Platelets,Paracetamol,206,25.75,1
2024-06-27,1075,Rogers LLC Hospital,Port Vickie,Colorado,2,1,227,43,178,153,103,26,48,24,Paracetamol,Azithromycin,Vitamin C,454,116.34,0
2024-06-28,1016,Bailey PLC Hospital,South Kevinton,Nebraska,1,2,182,18,167,477,44,20,42,10,ORS,Platelets,Paracetamol,728,35.01,1
2024-06-29,1033,Shaw LLC Hospital,Peterland,Maryland,1,2,224,18,143,165,60,16,55,10,ORS,Platelets,Paracetamol,896,86.67,0
2024-06-30,1000,Holmes-Hicks Hospital,Hodgesstad,Wyoming,2,0,495,61,400,297,176,35,80,20,Paracetamol,Azithromycin,Vitamin C,1485,134.68,0
2024-07-01,1055,"Durham, Hughes and Anderson Hospital",Johnstonstad,Ohio,0,1,203,35,142,149,101,23,52,16,Remdesivir,Paracetamol,Oxygen Support,609,95.3,0
2024-07-02,1014,Strickland Ltd Hospital,Williamsville,Missouri,4,2,190,43,116,221,46,17,31,34,Amoxicillin,Azithromycin,Cough Syrup,760,52.49,1
2024-07-03,1031,Calhoun-Mason Hospital,Walkerside,Nebraska,2,1,186,35,142,559,54,18,49,24,Paracetamol,Azithromycin,Vitamin C,930,25.4,1
2024-07-04,1028,Jones and Sons Hospital,East Adam,Alaska,2,1,389,95,305,401,158,28,81,59,Paracetamol,Azithromycin,Vitamin C,778,76.06,2
2024-07-05,1073,Hansen Group Hospital,West Christine,Illinois,4,2,307,47,270,152,92,17,85,21,Amoxicillin,Azithromycin,Cough Syrup,921,177.63,0
2024-07-06,1043,Jackson Ltd Hospital,Darleneview,California,2,0,422,90,293,483,147,46,89,55,Paracetamol,Azithromycin,Vitamin C,2110,60.66,1
2024-07-07,1008,"Burke, Brown and Jones Hospital",Tamimouth,Oklahoma,1,1,152,35,103,224,62,10,36,10,ORS,Platelets,Paracetamol,304,45.98,1
2024-07-08,1097,King and Sons Hospital,Whiteland,Nevada,4,2,364,69,325,362,108,24,86,34,Amoxicillin,Azithromycin,Cough Syrup,1820,89.78,0
2024-07-09,1033,"Simon, Turner and Brown Hospital",East Karastad,Mississippi,3,2,316,64,274,280,104,16,53,36,Chloroquine,Artemisinin,Primaquine,1580,97.86,0
2024-07-10,1046,"Franco, Mclaughlin and Phillips Hospital",South Bradleystad,Pennsylvania,0,2,452,87,293,255,132,50,131,57,Remdesivir,Paracetamol,Oxygen Support,1356,114.9,0
2024-07-11,1060,"Newton, Elliott and Lee Hospital",North Ginashire,Wisconsin,4,2,329,29,214,333,75,36,60,16,Amoxicillin,Azithromycin,Cough Syrup,658,64.26,1
2024-07-12,1033,Russell Ltd Hospital,Westside,Utah,5,2,245,46,181,472,108,18,66,20,Ciprofloxacin,Azithromycin,ORS,490,38.35,1
2024-07-13,1068,Merritt Group Hospital,West Claytonshire,Washington,0,1,380,50,282,289,132,22,68,18,Remdesivir,Paracetamol,Oxygen Support,1520,97.58,0
2024-07-14,1009,Johnson-Warren Hospital,Fordmouth,Virginia,1,2,481,51,331,591,133,34,136,27,ORS,Platelets,Paracetamol,1924,56.01,1
2024-07-15,1082,Williams and Sons Hospital,Davidstad,Maine,2,1,219,25,179,159,66,24,64,19,Paracetamol,Azithromycin,Vitamin C,438,112.58,0
2024-07-16,1014,"Simmons, Hall and Francis Hospital",West Terriport,Vermont,4,2,226,25,138,154,75,20,40,9,Amoxicillin,Azithromycin,Cough Syrup,452,89.61,0
2024-07-17,1068,Wright Ltd Hospital,South Katelynchester,Illinois,3,1,56,10,44,198,18,5,14,4,Chloroquine,Artemisinin,Primaquine,168,22.22,1
2024-07-18,1056,Case Group Hospital,East Cherylland,Arkansas,2,2,107,18,99,116,45,8,23,6,Paracetamol,Azithromycin,Vitamin C,321,85.34,0
2024-07-19,1019,Rowe PLC Hospital,Lake Matthewstad,Rhode Island,0,2,416,61,313,505,168,47,97,27,Remdesivir,Paracetamol,Oxygen Support,1664,61.98,1
2024-07-20,1073,Barnes-Mcintosh Hospital,Griffinfort,South Dakota,3,0,460,41,342,322,96,42,116,26,Chloroquine,Artemisinin,Primaquine,920,106.21,0
2024-07-21,1098,"Hurley, Dean and Bender Hospital",Andrewfurt,Arkansas,0,1,221,19,177,235,101,14,34,12,Remdesivir,Paracetamol,Oxygen Support,884,75.32,2
2024-07-22,1099,Foster and Sons Hospital,East Joshua,Utah,3,0,265,37,196,136,98,16,68,14,Chloroquine,Artemisinin,Primaquine,530,144.12,0
2024-07-23,1078,Beard-Adams Hospital,Tylerside,Colorado,1,2,387,46,348,265,83,28,100,25,ORS,Platelets,Paracetamol,1935,131.32,0
2024-07-24,1097,Lamb-Hernandez Hospital,Victoriamouth,Missouri,1,2,196,46,181,401,93,11,33,18,ORS,Platelets,Paracetamol,980,45.14,1
2024-07-25,1069,"Bryant, Henderson and Davis Hospital",Obrienfort,Maryland,1,2,370,87,339,144,78,36,59,40,ORS,Platelets,Paracetamol,1850,235.42,0
2024-07-26,1091,Rogers-Parks Hospital,Laurastad,Delaware,3,2,414,34,364,515,94,42,66,12,Chloroquine,Artemisinin,Primaquine,1242,70.68,2
2024-07-27,1059,Reilly Inc Hospital,Lopezbury,Louisiana,5,1,303,40,215,227,148,17,47,27,Ciprofloxacin,Azithromycin,ORS,1515,94.71,0
2024-07-28,1084,"Murphy, Espinoza and Parrish Hospital",Lake Katie,Michigan,0,0,258,26,210,324,98,23,41,13,Remdesivir,Paracetamol,Oxygen Support,516,64.81,1
2024-07-29,1082,"Henry, Harris and Ayala Hospital",South Timothy,Michigan,2,2,364,33,329,342,119,21,74,19,Paracetamol,Azithromycin,Vitamin C,728,96.2,0
2024-07-30,1078,Strong and Sons Hospital,Gardnerton,Connecticut,0,2,194,33,150,337,84,17,41,25,Remdesivir,Paracetamol,Oxygen Support,582,44.51,1
2024-07-31,1011,"Grant, Warren and Contreras Hospital",Lake Shaunborough,Mississippi,1,1,308,27,226,160,81,36,49,21,ORS,Platelets,Paracetamol,924,141.25,0
2024-08-01,1072,"Jordan, Floyd and Hall Hospital",Brianton,Maine,0,1,473,53,295,264,197,26,85,35,Remdesivir,Paracetamol,Oxygen Support,1419,111.74,0
2024-08-02,1007,Cooper-Martin Hospital,Port Carltown,South Dakota,4,0,368,46,295,561,109,24,59,23,Amoxicillin,Azithromycin,Cough Syrup,736,52.58,1
2024-08-03,1026,Houston-Hernandez Hospital,Dillonshire,Montana,0,2,417,40,390,565,206,30,114,25,Remdesivir,Paracetamol,Oxygen Support,1668,69.03,2
2024-08-04,1092,Wood LLC Hospital,Fosterhaven,Hawaii,4,0,305,45,287,509,119,28,47,32,Amoxicillin,Azithromycin,Cough Syrup,915,56.39,1
2024-08-05,1077,Jarvis-Owens Hospital,Port Misty,New Hampshire,0,1,220,37,144,155,68,22,50,11,Remdesivir,Paracetamol,Oxygen Support,880,92.9,0
2024-08-06,1005,Patton-Reed Hospital,New Ashley,Wyoming,4,1,94,10,77,186,21,9,17,5,Amoxicillin,Azithromycin,Cough Syrup,376,41.4,1
2024-08-07,1040,Gonzales-Beck Hospital,Hernandezshire,Hawaii,5,1,385,69,312,400,166,32,65,33,Ciprofloxacin,Azithromycin,ORS,1155,78.0,2
2024-08-08,1074,"Simmons, Moore and Mejia Hospital",Theresaborough,Colorado,4,2,317,52,197,237,134,32,88,23,Amoxicillin,Azithromycin,Cough Syrup,1585,83.12,2
2024-08-09,1032,Oconnell-Cox Hospital,Krausehaven,Washington,3,0,166,33,148,277,60,10,29,13,Chloroquine,Artemisinin,Primaquine,498,53.43,1
2024-08-10,1021,Chapman and Sons Hospital,Andrewview,Missouri,2,0,366,34,345,123,119,35,57,15,Paracetamol,Azithromycin,Vitamin C,732,280.49,0
2024-08-11,1064,Johnston-Baker Hospital,Lake Markmouth,New Hampshire,5,2,125,26,114,352,34,10,36,8,Ciprofloxacin,Azithromycin,ORS,500,32.39,1
2024-08-12,1016,Reid and Sons Hospital,Hartmanside,Louisiana,4,0,375,53,350,482,150,24,102,25,Amoxicillin,Azithromycin,Cough Syrup,750,72.61,2
2024-08-13,1085,Gonzalez-Mitchell Hospital,Benjaminview,Pennsylvania,3,0,201,35,125,246,42,19,58,17,Chloroquine,Artemisinin,Primaquine,402,50.81,1
2024-08-14,1007,Montoya and Sons Hospital,Nicolestad,Kentucky,2,1,219,26,175,588,50,19,39,12,Paracetamol,Azithromycin,Vitamin C,876,29.76,1
2024-08-15,1060,"Booth, Green and Strong Hospital",West Leah,Arizona,5,1,357,85,236,351,165,29,59,30,Ciprofloxacin,Azithromycin,ORS,714,67.24,2
2024-08-16,1010,"Fleming, Farrell and Murphy Hospital",Goodmanhaven,California,0,2,167,23,154,158,77,19,42,14,Remdesivir,Paracetamol,Oxygen Support,334,97.47,0
2024-08-17,1043,"Richardson, Bryant and George Hospital",New Nichole,Arkansas,0,2,62,12,54,347,29,4,17,3,Remdesivir,Paracetamol,Oxygen Support,124,15.56,1
2024-08-18,1030,Ingram-Fernandez Hospital,Michaelfurt,Kansas,3,2,305,33,189,394,90,19,68,20,Chloroquine,Artemisinin,Primaquine,915,47.97,1
2024-08-19,1006,Moreno Group Hospital,East Angelashire,Colorado,5,1,490,77,354,490,123,55,132,59,Ciprofloxacin,Azithromycin,ORS,1960,72.24,2
2024-08-20,1022,"Wells, Galloway and Acosta Hospital",West Charlesland,Alabama,5,2,248,61,150,497,101,14,38,25,Ciprofloxacin,Azithromycin,ORS,992,30.18,1
2024-08-21,1038,Jordan Ltd Hospital,Estradaville,Missouri,5,2,149,25,110,563,32,9,44,11,Ciprofloxacin,Azithromycin,ORS,745,19.54,1
2024-08-22,1095,"Thomas, Mendez and Pitts Hospital",Sarahside,Oklahoma,0,1,82,11,52,306,31,5,20,8,Remdesivir,Paracetamol,Oxygen Support,164,16.99,1
2024-08-23,1090,Beltran Ltd Hospital,New Whitney,Illinois,3,2,370,92,287,375,141,37,102,67,Chloroquine,Artemisinin,Primaquine,740,76.53,2
2024-08-24,1072,Ferguson-Quinn Hospital,Dannytown,Mississippi,1,1,447,43,272,206,107,51,122,33,ORS,Platelets,Paracetamol,1341,132.04,0
2024-08-25,1019,Fuentes-Mcgee Hospital,Smithhaven,Illinois,0,0,393,38,278,184,190,22,76,25,Remdesivir,Paracetamol,Oxygen Support,786,151.09,0
2024-08-26,1031,"Smith, Parker and Acosta Hospital",Stewartfurt,Texas,0,0,140,29,125,123,30,15,38,12,Remdesivir,Paracetamol,Oxygen Support,280,101.63,0
2024-08-27,1034,"Taylor, King and Owens Hospital",Rothmouth,Tennessee,5,0,423,99,343,264,134,43,120,62,Ciprofloxacin,Azithromycin,ORS,1269,129.92,0
2024-08-28,1064,"Hill, Casey and Leon Hospital",Ballardberg,North Carolina,0,0,91,17,76,386,25,7,15,8,Remdesivir,Paracetamol,Oxygen Support,364,19.69,1
2024-08-29,1036,"Long, Hines and Navarro Hospital",East Steven,Virginia,1,2,136,14,102,399,31,11,35,9,ORS,Platelets,Paracetamol,680,25.56,1
2024-08-30,1096,"Hines, James and Rogers Hospital",Smithfurt,Kansas,2,0,416,59,369,220,169,37,68,26,Paracetamol,Azithromycin,Vitamin C,832,167.73,0
2024-08-31,1089,Walsh-Chapman Hospital,New Jasmine,North Dakota,3,0,217,41,200,232,95,24,50,25,Chloroquine,Artemisinin,Primaquine,1085,86.21,0
2024-09-01,1039,"Barrett, Hamilton and Richard Hospital",Lake Dennis,Kansas,0,1,85,20,76,214,36,7,18,9,Remdesivir,Paracetamol,Oxygen Support,340,35.51,1
2024-09-02,1087,Smith and Sons Hospital,Lake Maryton,Delaware,4,0,268,48,170,354,101,23,68,30,Amoxicillin,Azithromycin,Cough Syrup,1072,48.02,1
2024-09-03,1016,"Rivera, Rodriguez and Guerra Hospital",Huynhside,Tennessee,5,0,441,66,304,174,104,29,87,42,Ciprofloxacin,Azithromycin,ORS,1764,174.71,0
2024-09-04,1016,Cruz-Keith Hospital,South Tammieburgh,South Dakota,1,0,230,44,186,385,80,14,57,31,ORS,Platelets,Paracetamol,690,48.31,1
2024-09-05,1063,Johnson Group Hospital,North Jenniferchester,New Hampshire,1,1,470,90,284,483,123,47,88,68,ORS,Platelets,Paracetamol,1410,58.8,1
2024-09-06,1076,Mcdaniel Inc Hospital,Stevenstad,Arizona,2,1,477,90,314,454,142,52,132,35,Paracetamol,Azithromycin,Vitamin C,2385,69.16,2
2024-09-07,1064,Byrd-Thomas Hospital,Sheltonshire,Washington,3,1,203,25,127,232,40,13,43,12,Chloroquine,Artemisinin,Primaquine,609,54.74,1
2024-09-08,1029,Johns Inc Hospital,Port Curtisshire,Kentucky,4,0,369,65,349,384,132,24,84,37,Amoxicillin,Azithromycin,Cough Syrup,1476,90.89,0
2024-09-09,1070,Leonard-Miller Hospital,Stoneside,Wisconsin,4,0,328,72,200,102,90,32,92,45,Amoxicillin,Azithromycin,Cough Syrup,1312,196.08,0
2024-09-10,1029,Hutchinson Ltd Hospital,Jenningsberg,California,4,1,483,57,412,218,133,32,99,23,Amoxicillin,Azithromycin,Cough Syrup,1932,188.99,0
2024-09-11,1056,"Lewis, Smith and Dillon Hospital",Lopeztown,Kansas,2,2,390,49,245,217,97,39,107,30,Paracetamol,Azithromycin,Vitamin C,1950,112.9,0
2024-09-12,1029,"Parker, Mcmahon and Gonzales Hospital",Cynthiatown,Oklahoma,3,2,327,59,259,295,147,33,59,24,Chloroquine,Artemisinin,Primaquine,654,87.8,0
2024-09-13,1081,"Zhang, Young and Doyle Hospital",New Dawn,California,2,1,84,12,71,117,41,4,24,6,Paracetamol,Azithromycin,Vitamin C,420,60.68,1
2024-09-14,1052,Johnson Inc Hospital,Mannburgh,New Jersey,2,2,449,73,398,413,97,31,107,47,Paracetamol,Azithromycin,Vitamin C,1796,96.37,0
2024-09-15,1041,"Burch, Burnett and Pacheco Hospital",South Emily,Alaska,2,2,320,69,222,124,142,38,76,22,Paracetamol,Azithromycin,Vitamin C,960,179.03,0
2024-09-16,1053,Melton-Riley Hospital,Danielland,Oklahoma,2,2,396,32,276,504,123,39,67,25,Paracetamol,Azithromycin,Vitamin C,1584,54.76,1
2024-09-17,1036,Clark-Riley Hospital,North Kathyburgh,Kentucky,4,1,299,31,250,172,84,33,76,19,Amoxicillin,Azithromycin,Cough Syrup,598,145.35,0
2024-09-18,1054,Cochran Inc Hospital,New Angela,Washington,1,0,75,14,53,284,31,5,16,9,ORS,Platelets,Paracetamol,375,18.66,1
2024-09-19,1057,Hickman Inc Hospital,Donaldville,New York,4,2,115,23,84,540,24,7,18,18,Amoxicillin,Azithromycin,Cough Syrup,345,15.56,1
2024-09-20,1046,Bruce Group Hospital,Johnbury,North Carolina,5,0,162,29,116,461,46,17,31,19,Ciprofloxacin,Azithromycin,ORS,486,25.16,1
2024-09-21,1078,Aguilar and Sons Hospital,Michellefort,Delaware,4,1,131,25,114,538,61,15,28,16,Amoxicillin,Azithromycin,Cough Syrup,524,21.19,1
2024-09-22,1000,"Cooley, Curtis and Gonzalez Hospital",West Paul,Ohio,2,0,451,73,412,189,180,49,80,24,Paracetamol,Azithromycin,Vitamin C,1353,217.99,0
2024-09-23,1037,"Brown, Brown and Burns Hospital",West Anthony,Maryland,1,0,170,31,144,516,55,15,41,24,ORS,Platelets,Paracetamol,680,27.91,1
2024-09-24,1078,Russell PLC Hospital,West Jasmineshire,Arizona,5,0,167,22,107,370,66,14,38,15,Ciprofloxacin,Azithromycin,ORS,835,28.92,1
2024-09-25,1088,Edwards Ltd Hospital,New Kathyburgh,Utah,4,2,75,10,52,403,37,6,15,7,Amoxicillin,Azithromycin,Cough Syrup,150,12.9,1
2024-09-26,1052,Beasley-Smith Hospital,Shawnbury,Alaska,2,0,378,91,304,210,181,43,100,45,Paracetamol,Azithromycin,Vitamin C,1890,144.76,0
2024-09-27,1081,Larson and Sons Hospital,Biancaton,South Carolina,0,0,244,20,207,215,105,20,48,8,Remdesivir,Paracetamol,Oxygen Support,1220,96.28,0
2024-09-28,1028,Moore-Arellano Hospital,Richardland,Wisconsin,4,2,268,25,234,590,127,23,78,15,Amoxicillin,Azithromycin,Cough Syrup,536,39.66,1
2024-09-29,1039,"Collins, Vargas and Cannon Hospital",East Jamesburgh,New Mexico,3,1,361,45,242,260,139,41,74,14,Chloroquine,Artemisinin,Primaquine,722,93.08,0
2024-09-30,1077,Bates LLC Hospital,Williamport,Maryland,3,1,459,65,357,208,149,51,82,44,Chloroquine,Artemisinin,Primaquine,918,171.63,0
2024-10-01,1070,Carr-Buck Hospital,Jadebury,New Mexico,1,0,417,82,306,237,129,26,123,53,ORS,Platelets,Paracetamol,834,129.11,0
2024-10-02,1096,Clark-Burgess Hospital,Matthewside,South Dakota,5,0,295,46,259,166,60,22,81,20,Ciprofloxacin,Azithromycin,ORS,1180,156.02,0
2024-10-03,1006,Perry Inc Hospital,West Michelle,Wisconsin,3,1,229,38,202,243,68,24,47,28,Chloroquine,Artemisinin,Primaquine,1145,83.13,2
2024-10-04,1075,"Duran, Bowers and Gregory Hospital",Port Matthew,Texas,5,1,340,64,287,521,123,17,75,26,Ciprofloxacin,Azithromycin,ORS,1020,55.09,1
2024-10-05,1028,Serrano Ltd Hospital,New Zachary,Washington,2,0,354,68,274,185,154,21,65,20,Paracetamol,Azithromycin,Vitamin C,1062,148.11,0
2024-10-06,1009,"Wright, Wallace and Keith Hospital",Williamsmouth,South Dakota,2,0,290,67,207,237,142,16,72,38,Paracetamol,Azithromycin,Vitamin C,1160,87.34,0
2024-10-07,1009,"Porter, Branch and Callahan Hospital",Jonesstad,Missouri,0,1,52,8,36,246,12,4,9,3,Remdesivir,Paracetamol,Oxygen Support,156,14.63,1
2024-10-08,1056,Long-Pratt Hospital,Heatherland,Pennsylvania,5,1,455,39,275,388,209,49,83,22,Ciprofloxacin,Azithromycin,ORS,2275,70.88,2
2024-10-09,1063,Hunt LLC Hospital,Port Cathymouth,South Dakota,2,0,341,51,278,388,161,37,89,29,Paracetamol,Azithromycin,Vitamin C,1705,71.65,2
2024-10-10,1066,"Berry, Juarez and Edwards Hospital",New Alexanderberg,Louisiana,3,2,420,39,293,309,109,26,106,26,Chloroquine,Artemisinin,Primaquine,1680,94.82,0
2024-10-11,1015,Jones-Suarez Hospital,Lake Jessica,New Mexico,3,2,121,16,80,198,35,13,18,6,Chloroquine,Artemisinin,Primaquine,605,40.4,1
2024-10-12,1031,"Baker, Miller and Terrell Hospital",Garnerview,Alaska,0,1,323,28,299,363,123,34,81,10,Remdesivir,Paracetamol,Oxygen Support,646,82.37,2
2024-10-13,1044,Swanson PLC Hospital,West Shariton,Washington,5,0,163,29,126,404,42,8,39,16,Ciprofloxacin,Azithromycin,ORS,326,31.19,1
2024-10-14,1007,Baker PLC Hospital,Lopezland,Tennessee,5,0,81,6,62,390,37,6,13,3,Ciprofloxacin,Azithromycin,ORS,243,15.9,1
2024-10-15,1030,Stewart-Miles Hospital,Wallaceport,Kansas,0,2,60,13,36,402,18,4,16,5,Remdesivir,Paracetamol,Oxygen Support,240,8.96,1
2024-10-16,1079,"Rubio, Torres and Smith Hospital",Markborough,Delaware,5,0,414,63,372,466,203,42,114,29,Ciprofloxacin,Azithromycin,ORS,828,79.83,2
2024-10-17,1077,Perry-Rodriguez Hospital,Ryanbury,Georgia,4,1,59,11,39,134,22,6,9,6,Amoxicillin,Azithromycin,Cough Syrup,236,29.1,1
2024-10-18,1082,"Diaz, Mills and White Hospital",South Dalebury,Washington,2,0,435,107,355,385,103,50,99,41,Paracetamol,Azithromycin,Vitamin C,2175,92.21,0
2024-10-19,1010,Kennedy PLC Hospital,Martinezmouth,Kentucky,5,2,89,15,55,160,42,7,13,8,Ciprofloxacin,Azithromycin,ORS,178,34.38,1
2024-10-20,1032,"Richardson, Murphy and Hunter Hospital",Jeremymouth,West Virginia,2,0,68,6,47,545,23,7,13,2,Paracetamol,Azithromycin,Vitamin C,204,8.62,1
2024-10-21,1036,Bowman and Sons Hospital,Jacquelineburgh,Colorado,0,1,405,90,341,141,166,23,63,45,Remdesivir,Paracetamol,Oxygen Support,810,241.84,0
2024-10-22,1065,"Bell, Gray and Kelly Hospital",Taylorside,Connecticut,3,0,297,62,182,142,144,34,76,36,Chloroquine,Artemisinin,Primaquine,594,128.17,0
2024-10-23,1097,"Parker, James and Morgan Hospital",Mendozachester,South Carolina,2,2,318,75,256,199,154,21,78,40,Paracetamol,Azithromycin,Vitamin C,1272,128.64,0
2024-10-24,1018,"Sharp, Brewer and Cohen Hospital",Parkston,Louisiana,5,2,117,11,95,173,53,10,34,4,Ciprofloxacin,Azithromycin,ORS,351,54.91,1
2024-10-25,1055,Morales and Sons Hospital,Port Cindybury,Missouri,4,1,427,56,354,131,119,24,99,41,Amoxicillin,Azithromycin,Cough Syrup,1708,270.23,0
2024-10-26,1039,Brown-Hansen Hospital,North William,Mississippi,1,1,492,98,374,162,137,43,121,38,ORS,Platelets,Paracetamol,2460,230.86,0
2024-10-27,1071,Ward-Jackson Hospital,Kyleshire,Indiana,2,2,484,45,308,352,218,35,132,27,Paracetamol,Azithromycin,Vitamin C,968,87.5,0
2024-10-28,1096,Gonzalez-Bradley Hospital,Burtonstad,Texas,1,1,359,79,316,123,72,30,71,61,ORS,Platelets,Paracetamol,1436,256.91,0
2024-10-29,1034,Hoover-Burke Hospital,Caseystad,Nebraska,4,1,331,76,242,337,137,20,71,26,Amoxicillin,Azithromycin,Cough Syrup,1655,71.81,2
2024-10-30,1018,Anderson-Wagner Hospital,Thomasville,Minnesota,5,0,388,96,268,439,154,23,80,71,Ciprofloxacin,Azithromycin,ORS,776,61.05,1
2024-10-31,1004,Sandoval PLC Hospital,Amandaborough,Colorado,4,0,449,52,380,437,181,28,95,20,Amoxicillin,Azithromycin,Cough Syrup,2245,86.96,0
2024-11-01,1080,Fritz-Jones Hospital,East Staceychester,Arkansas,0,1,146,13,104,453,58,17,34,5,Remdesivir,Paracetamol,Oxygen Support,584,22.96,1
2024-11-02,1047,"Jones, Thomas and Nguyen Hospital",East Rachel,South Carolina,1,2,449,59,370,592,129,30,110,21,ORS,Platelets,Paracetamol,1796,62.5,1
2024-11-03,1053,Smith Ltd Hospital,West Matthew,Rhode Island,4,0,211,31,150,578,72,18,49,18,Amoxicillin,Azithromycin,Cough Syrup,422,25.95,1
2024-11-04,1027,Hardin LLC Hospital,Petersonstad,Colorado,0,0,187,41,157,176,69,13,33,31,Remdesivir,Paracetamol,Oxygen Support,748,89.2,0
2024-11-05,1056,Miller and Sons Hospital,West Jeffery,Utah,5,2,88,14,72,150,41,6,14,8,Ciprofloxacin,Azithromycin,ORS,352,48.0,1
2024-11-06,1066,Parks-Aguirre Hospital,Leefurt,Nebraska,0,0,206,23,182,371,55,12,54,10,Remdesivir,Paracetamol,Oxygen Support,618,49.06,1
2024-11-07,1024,"Sanders, Ingram and Todd Hospital",Derrickport,Massachusetts,0,2,223,54,170,282,82,19,41,19,Remdesivir,Paracetamol,Oxygen Support,446,60.28,1
2024-11-08,1063,Allen-Graves Hospital,East Kennethburgh,Missouri,1,0,391,89,353,446,135,23,93,47,ORS,Platelets,Paracetamol,782,79.15,2
2024-11-09,1087,Yoder-Rose Hospital,Carterstad,Missouri,5,1,330,28,255,367,106,38,83,20,Ciprofloxacin,Azithromycin,ORS,660,69.48,2
2024-11-10,1047,"Jackson, Hubbard and Thompson Hospital",Codyberg,Indiana,3,1,445,70,404,376,156,51,93,38,Chloroquine,Artemisinin,Primaquine,1335,107.45,0
2024-11-11,1047,Sandoval-Alvarez Hospital,North Robert,Mississippi,1,0,391,59,361,390,156,21,103,25,ORS,Platelets,Paracetamol,782,92.56,0
2024-11-12,1035,Mejia-Green Hospital,Carlsonborough,Minnesota,2,2,223,38,193,516,74,19,35,21,Paracetamol,Azithromycin,Vitamin C,1115,37.4,1
2024-11-13,1059,Rhodes Ltd Hospital,Sarahmouth,Texas,1,0,246,22,229,365,84,23,61,15,ORS,Platelets,Paracetamol,492,62.74,1
2024-11-14,1069,Davis Ltd Hospital,Roblesland,Illinois,0,1,238,39,178,484,60,21,64,24,Remdesivir,Paracetamol,Oxygen Support,1190,36.78,1
2024-11-15,1053,"Brown, Osborn and Turner Hospital",Jennifertown,Illinois,5,1,332,43,230,409,116,35,91,23,Ciprofloxacin,Azithromycin,ORS,996,56.23,1
2024-11-16,1002,"Vasquez, Guzman and Chen Hospital",Mayomouth,South Carolina,3,1,194,21,152,286,88,14,42,13,Chloroquine,Artemisinin,Primaquine,388,53.15,1
2024-11-17,1071,Underwood and Sons Hospital,Williamsberg,Ohio,4,1,266,28,250,195,121,30,42,20,Amoxicillin,Azithromycin,Cough Syrup,532,128.21,0
2024-11-18,1014,Maynard-Kelly Hospital,Lake Matthew,Idaho,0,0,401,89,285,553,86,38,88,35,Remdesivir,Paracetamol,Oxygen Support,1203,51.54,1
2024-11-19,1028,Dunn and Sons Hospital,East Susan,Washington,0,1,52,5,34,501,19,2,13,2,Remdesivir,Paracetamol,Oxygen Support,260,6.79,1
2024-11-20,1095,Hall-Villa Hospital,North Victorside,Nebraska,1,1,389,55,319,574,125,22,97,38,ORS,Platelets,Paracetamol,778,55.57,1
2024-11-21,1068,Thomas-Vargas Hospital,East Coreyton,Utah,3,2,444,98,284,235,102,47,116,53,Chloroquine,Artemisinin,Primaquine,1332,120.85,0
2024-11-22,1022,Rivera and Sons Hospital,Joshuabury,New Hampshire,1,0,214,24,168,268,103,22,56,12,ORS,Platelets,Paracetamol,1070,62.69,1
2024-11-23,1089,"Snyder, Gomez and Guerrero Hospital",New Danielfort,North Dakota,0,2,146,25,103,571,36,17,43,12,Remdesivir,Paracetamol,Oxygen Support,438,18.04,1
2024-11-24,1039,Gray and Sons Hospital,Rachelside,Kansas,3,0,447,74,395,415,113,36,105,29,Chloroquine,Artemisinin,Primaquine,2235,95.18,0
2024-11-25,1044,Russell Inc Hospital,North Benjamintown,Alaska,5,0,495,73,404,329,164,44,113,27,Ciprofloxacin,Azithromycin,ORS,1980,122.8,0
2024-11-26,1065,"Perez, Solis and Rodriguez Hospital",North Kimberlyberg,Georgia,5,2,280,45,261,455,80,27,55,18,Ciprofloxacin,Azithromycin,ORS,560,57.36,1
2024-11-27,1078,Johnson and Sons Hospital,Jacksonmouth,Texas,4,1,411,33,308,175,118,36,74,12,Amoxicillin,Azithromycin,Cough Syrup,1233,176.0,0
2024-11-28,1063,"Harris, Houston and Mccann Hospital",Kathleentown,Maryland,4,1,369,43,276,249,107,27,66,32,Amoxicillin,Azithromycin,Cough Syrup,1476,110.84,0
2024-11-29,1037,"Davis, Vega and Thomas Hospital",Turnerville,Rhode Island,1,2,124,14,80,592,44,8,25,11,ORS,Platelets,Paracetamol,248,13.51,1
2024-11-30,1040,"Chapman, Bailey and Vargas Hospital",New Brandontown,Mississippi,2,1,211,46,163,477,69,23,34,14,Paracetamol,Azithromycin,Vitamin C,844,34.17,1
2024-12-01,1075,"Carroll, White and Davis Hospital",Port Dominique,Kansas,2,2,441,68,327,599,92,42,120,39,Paracetamol,Azithromycin,Vitamin C,882,54.59,1
2024-12-02,1027,"Thompson, Bush and Santos Hospital",West Amandahaven,Nebraska,2,2,177,37,138,377,43,13,43,24,Paracetamol,Azithromycin,Vitamin C,885,36.6,1
2024-12-03,1049,Brown Inc Hospital,Amyberg,Virginia,2,0,126,11,98,579,34,14,26,8,Paracetamol,Azithromycin,Vitamin C,252,16.93,1
2024-12-04,1005,Brown Inc Hospital,Port Bonnie,Georgia,1,1,330,59,243,197,94,28,83,29,ORS,Platelets,Paracetamol,660,123.35,0
2024-12-05,1087,"Wilson, Stevenson and Camacho Hospital",Bakerstad,Arkansas,4,0,284,64,262,153,69,33,43,49,Amoxicillin,Azithromycin,Cough Syrup,1136,171.24,0
2024-12-06,1070,Miller-Robertson Hospital,Johntown,California,0,2,299,68,201,291,149,27,54,29,Remdesivir,Paracetamol,Oxygen Support,1196,69.07,2
2024-12-07,1004,"Wang, Wilson and Curtis Hospital",Port Thomasport,Arizona,2,1,137,26,128,232,65,13,25,10,Paracetamol,Azithromycin,Vitamin C,685,55.17,1
2024-12-08,1029,Golden Group Hospital,Stewartfurt,Louisiana,4,1,267,28,189,328,98,30,74,18,Amoxicillin,Azithromycin,Cough Syrup,1335,57.62,1
2024-12-09,1032,Johnson-Kelley Hospital,Lynnfort,Ohio,3,1,221,23,132,195,56,26,34,16,Chloroquine,Artemisinin,Primaquine,1105,67.69,2
2024-12-10,1072,"Ryan, Ramirez and Woods Hospital",North Andrewfort,West Virginia,3,1,202,35,152,226,85,17,56,11,Chloroquine,Artemisinin,Primaquine,404,67.26,2
2024-12-11,1074,Smith-Brown Hospital,East Susanberg,Minnesota,2,1,277,41,178,168,73,23,56,19,Paracetamol,Azithromycin,Vitamin C,831,105.95,0
2024-12-12,1028,David and Sons Hospital,Blakeport,Nebraska,3,0,336,39,232,494,131,38,79,12,Chloroquine,Artemisinin,Primaquine,1680,46.96,1
2024-12-13,1064,Vaughn-Davis Hospital,Vasquezview,Texas,0,2,298,55,179,224,100,15,46,24,Remdesivir,Paracetamol,Oxygen Support,894,79.91,2
2024-12-14,1073,"Levine, Gutierrez and Vasquez Hospital",Campbellmouth,Wisconsin,3,2,180,44,124,344,82,14,38,14,Chloroquine,Artemisinin,Primaquine,900,36.05,1
2024-12-15,1086,Peters-Shea Hospital,Michaelmouth,Missouri,2,2,360,33,290,456,134,40,62,25,Paracetamol,Azithromycin,Vitamin C,1440,63.6,1
2024-12-16,1083,Vasquez and Sons Hospital,West Gregory,Massachusetts,5,1,161,28,124,389,65,14,39,20,Ciprofloxacin,Azithromycin,ORS,644,31.88,1
2024-12-17,1016,Fry-Anderson Hospital,North Sarahmouth,Virginia,3,0,424,45,359,463,186,40,102,30,Chloroquine,Artemisinin,Primaquine,1696,77.54,2
2024-12-18,1055,Murphy Ltd Hospital,East Ryan,Louisiana,4,1,85,14,52,533,23,7,16,9,Amoxicillin,Azithromycin,Cough Syrup,255,9.76,1
2024-12-19,1041,"Robinson, Mejia and West Hospital",Lake Waynemouth,Arkansas,2,1,173,22,138,122,44,10,49,13,Paracetamol,Azithromycin,Vitamin C,346,113.11,0
2024-12-20,1072,Stokes-Pham Hospital,East Debbieside,Mississippi,3,1,482,107,367,198,115,48,95,58,Chloroquine,Artemisinin,Primaquine,1928,185.35,0
2024-12-21,1012,Nguyen-Long Hospital,Johnsonhaven,Maine,1,1,95,9,75,113,31,6,27,5,ORS,Platelets,Paracetamol,190,66.37,2
2024-12-22,1071,Patterson Inc Hospital,South Sethtown,Alaska,3,2,233,37,176,349,49,19,39,21,Chloroquine,Artemisinin,Primaquine,1165,50.43,1
2024-12-23,1076,Brooks and Sons Hospital,East Alexander,Maine,2,0,310,75,194,195,110,24,59,49,Paracetamol,Azithromycin,Vitamin C,1550,99.49,0
2024-12-24,1035,Ruiz LLC Hospital,Lake Dana,Connecticut,5,1,117,15,95,206,56,11,32,6,Ciprofloxacin,Azithromycin,ORS,234,46.12,1
2024-12-25,1022,Stafford-Brown Hospital,Daystad,Indiana,4,0,273,58,222,397,93,16,49,24,Amoxicillin,Azithromycin,Cough Syrup,819,55.92,1
2024-12-26,1037,Carlson and Sons Hospital,Nicholasborough,Colorado,4,1,493,62,459,263,157,26,137,46,Amoxicillin,Azithromycin,Cough Syrup,1972,174.52,0
2024-12-27,1004,Allen Inc Hospital,Port Justin,New Jersey,2,1,177,39,160,164,49,14,46,12,Paracetamol,Azithromycin,Vitamin C,708,97.56,0
2024-12-28,1031,Sawyer Inc Hospital,New Bob,Virginia,4,2,65,6,55,104,24,6,14,4,Amoxicillin,Azithromycin,Cough Syrup,195,52.88,1
2024-12-29,1042,"Khan, Pennington and Marsh Hospital",Ramirezshire,New Hampshire,3,2,125,27,88,493,37,11,25,10,Chloroquine,Artemisinin,Primaquine,625,17.85,1
2024-12-30,1053,Conrad LLC Hospital,Allenland,Idaho,5,1,420,63,355,212,108,34,78,26,Ciprofloxacin,Azithromycin,ORS,1260,167.45,0
2024-01-01,1027,Oneill-Whitney Hospital,Riveraton,Oregon,4,2,178,21,154,448,37,17,49,6,Amoxicillin,Azithromycin,Cough Syrup,890,34.38,1
2024-01-02,1060,"Porter, Mcdonald and Jones Hospital",Port Angela,Connecticut,4,0,433,74,391,298,177,50,117,53,Amoxicillin,Azithromycin,Cough Syrup,1732,131.21,0
2024-01-03,1010,"Stewart, Anderson and Davis Hospital",South Patrickmouth,Florida,0,0,77,16,57,225,27,6,15,4,Remdesivir,Paracetamol,Oxygen Support,308,25.33,1
2024-01-04,1065,"Taylor, Brady and Kemp Hospital",East Tracystad,Nevada,1,2,140,30,116,416,41,11,25,14,ORS,Platelets,Paracetamol,280,27.88,1
2024-01-05,1056,Ross-Phillips Hospital,Tonyview,Louisiana,5,1,345,46,244,489,151,37,103,20,Ciprofloxacin,Azithromycin,ORS,1725,49.9,1
2024-01-06,1001,Martinez PLC Hospital,West Erika,Virginia,4,0,476,67,332,364,96,55,128,51,Amoxicillin,Azithromycin,Cough Syrup,952,91.21,0
2024-01-07,1004,"Summers, Francis and Ortega Hospital",Wardstad,Michigan,4,1,321,41,258,187,159,32,66,29,Amoxicillin,Azithromycin,Cough Syrup,1284,137.97,0
2024-01-08,1075,Kennedy Ltd Hospital,Jeffreyton,Illinois,4,0,260,28,238,381,121,14,47,10,Amoxicillin,Azithromycin,Cough Syrup,1300,62.47,1
2024-01-09,1023,"Zavala, Pacheco and Caldwell Hospital",Robertfort,Oklahoma,2,2,499,88,423,194,210,55,107,65,Paracetamol,Azithromycin,Vitamin C,2495,218.04,0
2024-01-10,1014,Fox-Rodriguez Hospital,North Jose,California,4,2,217,43,199,484,47,23,56,28,Amoxicillin,Azithromycin,Cough Syrup,434,41.12,1
2024-01-11,1079,Mcclure-Moore Hospital,Caseymouth,Pennsylvania,1,2,127,20,93,447,46,10,28,11,ORS,Platelets,Paracetamol,381,20.81,1
2024-01-12,1028,Thomas Ltd Hospital,Stacyburgh,Connecticut,1,0,166,25,155,294,75,18,25,17,ORS,Platelets,Paracetamol,664,52.72,1
2024-01-13,1007,Franklin LLC Hospital,Hortonchester,West Virginia,5,1,111,16,79,201,29,6,29,6,Ciprofloxacin,Azithromycin,ORS,444,39.3,1
2024-01-14,1017,"Hoffman, Jacobs and Jordan Hospital",Olsonmouth,Wyoming,3,0,484,61,419,441,131,38,87,29,Chloroquine,Artemisinin,Primaquine,968,95.01,0
2024-01-15,1002,Spencer Group Hospital,West Gabrielaborough,Tennessee,4,1,292,45,196,301,67,27,47,30,Amoxicillin,Azithromycin,Cough Syrup,1460,65.12,2
2024-01-16,1082,Hicks Ltd Hospital,Carrollborough,Indiana,3,1,151,13,91,469,60,14,41,5,Chloroquine,Artemisinin,Primaquine,755,19.4,1
2024-01-17,1064,Proctor-Robinson Hospital,North Aaronburgh,South Carolina,2,1,291,55,220,130,82,22,70,20,Paracetamol,Azithromycin,Vitamin C,1455,169.23,0
2024-01-18,1084,Gonzalez LLC Hospital,North Donna,Louisiana,1,1,497,122,418,379,219,58,132,60,ORS,Platelets,Paracetamol,2485,110.29,0
2024-01-19,1031,Williams LLC Hospital,West Sarahhaven,Iowa,3,1,242,43,220,309,89,16,53,13,Chloroquine,Artemisinin,Primaquine,726,71.2,2
2024-01-20,1088,Suarez-Nunez Hospital,Jasonstad,Mississippi,0,1,61,12,55,588,15,4,12,8,Remdesivir,Paracetamol,Oxygen Support,183,9.35,1
2024-01-21,1075,Lynch-Mercer Hospital,South Joseph,Iowa,2,1,329,62,219,372,85,22,57,43,Paracetamol,Azithromycin,Vitamin C,1316,58.87,1
2024-01-22,1028,Booth-Morrison Hospital,Brownburgh,South Dakota,1,1,83,19,76,575,27,5,13,8,ORS,Platelets,Paracetamol,166,13.22,1
2024-01-23,1068,Collins PLC Hospital,Nataliemouth,Arkansas,4,1,369,46,300,339,82,43,95,35,Amoxicillin,Azithromycin,Cough Syrup,1107,88.5,0
2024-01-24,1059,"Li, Blair and Robinson Hospital",Lake Ashley,Utah,3,0,440,84,271,567,97,33,69,64,Chloroquine,Artemisinin,Primaquine,1320,47.8,1
2024-01-25,1076,Guzman Group Hospital,Cuevasland,Vermont,2,2,216,29,194,293,64,12,59,13,Paracetamol,Azithromycin,Vitamin C,432,66.21,2
2024-01-26,1006,"Thompson, Glenn and Myers Hospital",Ryanbury,South Carolina,2,2,468,81,344,487,143,52,87,31,Paracetamol,Azithromycin,Vitamin C,1404,70.64,2
2024-01-27,1003,"Williams, Wall and Ross Hospital",West Danafort,Arizona,3,2,288,42,251,145,98,20,48,31,Chloroquine,Artemisinin,Primaquine,576,173.1,0
2024-01-28,1092,Barnes-Gregory Hospital,South Jo,Pennsylvania,0,0,156,33,123,478,52,8,26,10,Remdesivir,Paracetamol,Oxygen Support,624,25.73,1
2024-01-29,1093,Jones and Sons Hospital,Port Gina,Utah,2,2,143,28,88,207,36,12,42,19,Paracetamol,Azithromycin,Vitamin C,286,42.51,1
2024-01-30,1075,"Chang, Bowman and Hawkins Hospital",Michellechester,Pennsylvania,1,0,366,53,221,496,128,34,65,19,ORS,Platelets,Paracetamol,1098,44.56,1
2024-01-31,1029,Thomas Ltd Hospital,Timothychester,Nevada,1,1,226,25,179,415,63,14,61,10,ORS,Platelets,Paracetamol,1130,43.13,1
2024-02-01,1010,Freeman-Rodriguez Hospital,New Edward,New York,2,1,64,11,44,376,17,4,15,3,Paracetamol,Azithromycin,Vitamin C,256,11.7,1
2024-02-02,1019,"Torres, Hughes and Mueller Hospital",Port Brianna,Michigan,4,2,326,80,220,391,119,30,54,33,Amoxicillin,Azithromycin,Cough Syrup,1304,56.27,1
2024-02-03,1076,Davis-Newton Hospital,West Brettton,Louisiana,0,2,67,14,48,147,24,5,18,8,Remdesivir,Paracetamol,Oxygen Support,335,32.65,1
2024-02-04,1069,Yates PLC Hospital,Clarkestad,Wisconsin,3,2,256,57,182,574,84,29,70,23,Chloroquine,Artemisinin,Primaquine,768,31.71,1
2024-02-05,1020,Chung Ltd Hospital,West Samanthamouth,Maryland,3,2,94,21,81,373,41,10,25,11,Chloroquine,Artemisinin,Primaquine,188,21.72,1
2024-02-06,1036,"Good, Hernandez and Hernandez Hospital",East Kathyland,Rhode Island,2,1,295,62,275,459,101,29,44,43,Paracetamol,Azithromycin,Vitamin C,1180,59.91,1
2024-02-07,1016,Williams Group Hospital,South Joshuatown,Washington,1,0,200,17,159,293,92,15,36,7,ORS,Platelets,Paracetamol,400,54.27,1
2024-02-08,1084,"Perez, Moore and Powers Hospital",Cranehaven,Kentucky,0,0,406,100,279,338,100,24,90,77,Remdesivir,Paracetamol,Oxygen Support,1624,82.54,2
2024-02-09,1001,Duffy PLC Hospital,Smithshire,Tennessee,0,2,335,51,222,112,70,32,54,18,Remdesivir,Paracetamol,Oxygen Support,670,198.21,0
2024-02-10,1087,"Rodriguez, Carroll and Davis Hospital",Danielstad,Illinois,5,2,244,26,194,468,59,17,46,19,Ciprofloxacin,Azithromycin,ORS,1220,41.45,1
2024-02-11,1085,Parsons-Nelson Hospital,Lesterbury,Utah,4,0,317,57,282,274,102,22,63,28,Amoxicillin,Azithromycin,Cough Syrup,951,102.92,0
2024-02-12,1086,Griffin-Navarro Hospital,Greenberg,New Jersey,5,2,403,75,361,179,133,29,67,33,Ciprofloxacin,Azithromycin,ORS,1209,201.68,0
2024-02-13,1009,Rogers-Murphy Hospital,Lopezton,Missouri,5,2,337,40,314,159,138,33,67,13,Ciprofloxacin,Azithromycin,ORS,1348,197.48,0
2024-02-14,1001,Ware-Roberts Hospital,Lake Davidstad,South Carolina,3,2,102,21,69,265,23,10,21,9,Chloroquine,Artemisinin,Primaquine,510,26.04,1
2024-02-15,1041,Mccarthy-Peterson Hospital,East Nancytown,Kansas,4,0,65,5,40,551,19,6,12,2,Amoxicillin,Azithromycin,Cough Syrup,130,7.26,1
2024-02-16,1068,Small-Wise Hospital,South Haydenborough,New York,4,0,177,23,162,329,59,16,39,9,Amoxicillin,Azithromycin,Cough Syrup,354,49.24,1
2024-02-17,1056,Baker and Sons Hospital,Bonillaton,North Carolina,1,0,310,39,256,480,94,36,76,29,ORS,Platelets,Paracetamol,620,53.33,1
2024-02-18,1079,"Jones, Guerra and Rose Hospital",Lake Jefferyview,North Carolina,1,0,58,9,37,140,22,5,10,3,ORS,Platelets,Paracetamol,174,26.43,1
2024-02-19,1020,Hendricks LLC Hospital,Port Jessica,South Carolina,0,1,415,60,336,327,160,34,80,43,Remdesivir,Paracetamol,Oxygen Support,2075,102.75,0
2024-02-20,1011,"Jensen, Brown and Jennings Hospital",Tommyville,Connecticut,5,1,309,61,254,278,116,16,68,35,Ciprofloxacin,Azithromycin,ORS,1236,91.37,0
2024-02-21,1072,"Anderson, Salas and Webster Hospital",Wilsonberg,Missouri,2,2,496,75,414,148,240,27,110,34,Paracetamol,Azithromycin,Vitamin C,2480,279.73,0
2024-02-22,1075,Dixon PLC Hospital,New Brittany,Idaho,5,0,201,48,135,368,54,12,48,17,Ciprofloxacin,Azithromycin,ORS,603,36.68,1
2024-02-23,1009,Hernandez-Carlson Hospital,North Jessica,Kansas,1,0,240,44,221,417,113,16,46,30,ORS,Platelets,Paracetamol,720,53.0,1
2024-02-24,1084,"Hogan, Simpson and Martinez Hospital",West Glenda,Delaware,2,0,208,40,149,334,61,15,44,13,Paracetamol,Azithromycin,Vitamin C,832,44.61,1
2024-02-25,1071,Young-Moore Hospital,Andrewmouth,Texas,3,2,332,74,298,265,86,34,90,36,Chloroquine,Artemisinin,Primaquine,1328,112.45,0
2024-02-26,1094,Dean Inc Hospital,Lake Seanborough,New Mexico,4,2,104,21,74,347,49,7,21,14,Amoxicillin,Azithromycin,Cough Syrup,312,21.33,1
2024-02-27,1014,Hernandez Group Hospital,New Christopher,Iowa,5,0,495,117,391,279,167,55,99,75,Ciprofloxacin,Azithromycin,ORS,2475,140.14,0
2024-02-28,1001,"Cannon, Beard and Walters Hospital",Carmenhaven,Arkansas,2,2,52,7,33,115,11,2,9,3,Paracetamol,Azithromycin,Vitamin C,104,28.7,1
2024-02-29,1051,Pennington-Paul Hospital,Lynchborough,Minnesota,2,1,258,32,181,509,102,30,73,16,Paracetamol,Azithromycin,Vitamin C,1032,35.56,1
2024-03-01,1075,Arroyo LLC Hospital,North Kelly,New York,0,2,97,24,65,275,39,8,28,13,Remdesivir,Paracetamol,Oxygen Support,291,23.64,1
2024-03-02,1080,Cooley-Smith Hospital,Port Zacharymouth,Vermont,4,0,139,15,126,140,60,8,37,6,Amoxicillin,Azithromycin,Cough Syrup,695,90.0,0
2024-03-03,1003,Bonilla-Long Hospital,South Aaron,Delaware,5,1,138,22,120,360,40,10,25,10,Ciprofloxacin,Azithromycin,ORS,276,33.33,1
2024-03-04,1037,Le-Wells Hospital,Hubbardmouth,Wyoming,2,2,140,11,117,340,35,13,38,7,Paracetamol,Azithromycin,Vitamin C,700,34.41,1
2024-03-05,1076,"Hernandez, Hansen and Poole Hospital",West James,Rhode Island,3,0,209,43,149,387,59,16,43,16,Chloroquine,Artemisinin,Primaquine,627,38.5,1
2024-03-06,1080,Miranda LLC Hospital,Danielleport,Florida,5,2,186,28,154,322,92,18,42,18,Ciprofloxacin,Azithromycin,ORS,930,47.83,1
2024-03-07,1084,Harris-Ward Hospital,East Williamstad,Hawaii,1,1,169,16,115,440,62,12,29,9,ORS,Platelets,Paracetamol,507,26.14,1
2024-03-08,1098,"Stone, Gardner and Ruiz Hospital",East Amyburgh,Kansas,4,1,380,69,242,381,108,45,100,38,Amoxicillin,Azithromycin,Cough Syrup,760,63.52,1
2024-03-09,1057,Foley LLC Hospital,Michaelstad,Nevada,2,2,363,44,292,352,79,41,58,16,Paracetamol,Azithromycin,Vitamin C,1452,82.95,2
2024-03-10,1089,Russell-Higgins Hospital,Gonzaleztown,Maine,0,2,55,8,49,429,25,3,8,6,Remdesivir,Paracetamol,Oxygen Support,165,11.42,1
2024-03-11,1020,"Adams, Poole and Payne Hospital",East Keithview,Idaho,3,2,86,19,71,410,38,5,19,6,Chloroquine,Artemisinin,Primaquine,430,17.32,1
2024-03-12,1086,Williams-Hall Hospital,Gregorychester,Oklahoma,4,2,362,50,310,561,79,33,103,18,Amoxicillin,Azithromycin,Cough Syrup,1448,55.26,1
2024-03-13,1032,Erickson-Smith Hospital,Mathisville,Georgia,5,0,316,35,255,386,112,17,62,21,Ciprofloxacin,Azithromycin,ORS,1580,66.06,2
2024-03-14,1025,Cochran-Neal Hospital,Troyberg,Nevada,2,1,91,11,81,371,19,9,13,7,Paracetamol,Azithromycin,Vitamin C,182,21.83,1
2024-03-15,1100,"Cooper, Campbell and Singh Hospital",Samuelchester,Arizona,4,1,495,69,447,478,120,52,117,30,Amoxicillin,Azithromycin,Cough Syrup,1980,93.51,0
2024-03-16,1033,Brown-Patel Hospital,South Jennifer,Wisconsin,4,0,135,12,89,134,34,14,29,3,Amoxicillin,Azithromycin,Cough Syrup,270,66.42,2
2024-03-17,1090,Harvey-Henderson Hospital,Lake Chelseaport,Alabama,0,1,218,39,143,306,69,16,35,21,Remdesivir,Paracetamol,Oxygen Support,654,46.73,1
2024-03-18,1015,"Vazquez, Finley and Bell Hospital",Jasminefort,Hawaii,2,1,383,46,324,383,158,39,82,35,Paracetamol,Azithromycin,Vitamin C,1532,84.6,2
2024-03-19,1068,Jones Inc Hospital,Port Ronald,Utah,4,1,286,34,249,168,99,24,50,25,Amoxicillin,Azithromycin,Cough Syrup,1144,148.21,0
2024-03-20,1011,James Group Hospital,Williamborough,New Mexico,3,2,477,86,376,118,227,39,110,53,Chloroquine,Artemisinin,Primaquine,1908,318.64,0
2024-03-21,1079,"Smith, Patterson and Velasquez Hospital",Mcknightmouth,Maryland,1,0,213,47,162,321,60,15,36,25,ORS,Platelets,Paracetamol,852,50.47,1
2024-03-22,1090,"Salazar, Mcclain and Luna Hospital",Kathleenstad,Tennessee,3,2,225,26,174,282,96,21,55,17,Chloroquine,Artemisinin,Primaquine,675,61.7,1
2024-03-23,1069,"Martinez, Ferguson and Perkins Hospital",Lake Jodi,Florida,5,2,391,83,271,473,182,27,64,39,Ciprofloxacin,Azithromycin,ORS,782,57.29,1
2024-03-24,1058,Stout-Cohen Hospital,Arthurshire,Virginia,3,0,136,27,128,287,64,13,24,8,Chloroquine,Artemisinin,Primaquine,680,44.6,1
2024-03-25,1038,"Kaufman, Ferguson and Bradford Hospital",South Lauren,Utah,5,2,359,81,338,386,118,38,59,37,Ciprofloxacin,Azithromycin,ORS,718,87.56,0
2024-03-26,1052,"Hill, Owens and Price Hospital",Tannerbury,Arkansas,5,2,58,13,53,259,11,4,15,9,Ciprofloxacin,Azithromycin,ORS,174,20.46,1
2024-03-27,1000,Mendoza Inc Hospital,Reginaldhaven,Kentucky,5,2,415,63,385,235,194,36,83,42,Ciprofloxacin,Azithromycin,ORS,1245,163.83,0
2024-03-28,1038,Garcia and Sons Hospital,New Megan,New Hampshire,2,1,174,32,116,171,74,20,36,24,Paracetamol,Azithromycin,Vitamin C,870,67.84,2
2024-03-29,1070,Fletcher-Odonnell Hospital,North Michele,Washington,2,2,118,20,84,240,35,11,21,15,Paracetamol,Azithromycin,Vitamin C,236,35.0,1
2024-03-30,1073,"Thompson, Whitaker and Adams Hospital",Jeremyfurt,Missouri,3,0,409,49,296,570,164,31,76,34,Chloroquine,Artemisinin,Primaquine,818,51.93,1
2024-03-31,1067,Villarreal-Schaefer Hospital,Port Kellyside,Montana,5,2,491,65,313,475,192,48,140,48,Ciprofloxacin,Azithromycin,ORS,1964,65.89,2
2024-04-01,1097,"Moss, Long and Hamilton Hospital",Sherylside,South Dakota,4,0,264,36,184,440,131,21,58,12,Amoxicillin,Azithromycin,Cough Syrup,1320,41.82,1
2024-04-02,1084,Cain-Carlson Hospital,North Steven,Rhode Island,0,1,229,55,183,104,90,13,39,27,Remdesivir,Paracetamol,Oxygen Support,916,175.96,0
2024-04-03,1018,"Jackson, Phelps and Carter Hospital",Porterhaven,Kansas,0,0,380,82,267,585,118,25,108,35,Remdesivir,Paracetamol,Oxygen Support,1900,45.64,1
2024-04-04,1083,Horton-Jenkins Hospital,Riveramouth,New Jersey,4,0,410,89,339,474,200,26,109,33,Amoxicillin,Azithromycin,Cough Syrup,1230,71.52,2
2024-04-05,1070,Galvan-Webb Hospital,New Derrickhaven,Massachusetts,1,0,413,35,279,244,132,25,78,23,ORS,Platelets,Paracetamol,1239,114.34,0
2024-04-06,1064,"Hancock, Smith and Fernandez Hospital",Cookmouth,Indiana,3,0,119,11,103,175,47,6,27,7,Chloroquine,Artemisinin,Primaquine,238,58.86,1
2024-04-07,1085,Kramer-Johnson Hospital,Kathleenstad,Montana,1,1,436,50,347,557,216,25,103,26,ORS,Platelets,Paracetamol,1744,62.3,1
2024-04-08,1069,"Dennis, Berry and Glover Hospital",Coxview,Massachusetts,1,0,73,9,68,349,25,7,13,6,ORS,Platelets,Paracetamol,146,19.48,1
2024-04-09,1048,Harris-Cohen Hospital,Lake Larry,Washington,5,1,371,61,231,279,157,22,64,19,Ciprofloxacin,Azithromycin,ORS,1484,82.8,2
2024-04-10,1037,Garrett LLC Hospital,Erikaville,South Dakota,1,2,184,23,114,252,84,20,31,10,ORS,Platelets,Paracetamol,552,45.24,1
2024-04-11,1089,Williams-Young Hospital,Port Ryan,Delaware,0,0,114,17,77,167,27,10,32,12,Remdesivir,Paracetamol,Oxygen Support,228,46.11,1
2024-04-12,1071,"Watson, Spencer and Hogan Hospital",Port Samuel,Iowa,3,1,352,54,262,113,80,36,61,20,Chloroquine,Artemisinin,Primaquine,1760,231.86,0
2024-04-13,1052,"Baldwin, Riddle and Hartman Hospital",North Alisha,West Virginia,0,1,388,89,261,402,152,21,113,56,Remdesivir,Paracetamol,Oxygen Support,1164,64.93,1
2024-04-14,1046,Hanson LLC Hospital,Knightton,South Dakota,3,0,148,18,101,589,57,10,29,7,Chloroquine,Artemisinin,Primaquine,740,17.15,1
2024-04-15,1020,Miller Ltd Hospital,Lake Tyler,California,0,0,225,49,141,205,96,14,43,24,Remdesivir,Paracetamol,Oxygen Support,900,68.78,2
2024-04-16,1040,Elliott-Johnson Hospital,Richardbury,California,1,0,237,48,192,455,87,12,60,37,ORS,Platelets,Paracetamol,474,42.2,1
2024-04-17,1010,Graham Group Hospital,Nathanmouth,Tennessee,4,1,186,37,132,229,63,11,38,17,Amoxicillin,Azithromycin,Cough Syrup,930,57.64,1
2024-04-18,1036,Jones Group Hospital,East Heatherhaven,Idaho,1,1,382,61,298,134,99,23,95,26,ORS,Platelets,Paracetamol,1146,222.39,0
2024-04-19,1011,Thompson Inc Hospital,Bowersport,Indiana,1,0,218,20,148,246,70,14,60,6,ORS,Platelets,Paracetamol,436,60.16,1
2024-04-20,1003,Allen Group Hospital,North Edward,Arizona,5,2,421,53,314,263,167,49,115,36,Ciprofloxacin,Azithromycin,ORS,1684,119.39,0
2024-04-21,1012,Williams and Sons Hospital,North Markhaven,Tennessee,2,0,436,81,343,339,103,43,75,33,Paracetamol,Azithromycin,Vitamin C,872,101.18,0
2024-04-22,1070,Rose-Castillo Hospital,Danielleshire,Alaska,4,2,463,97,301,285,134,53,95,46,Amoxicillin,Azithromycin,Cough Syrup,2315,105.61,0
2024-04-23,1099,Wood-Powell Hospital,New Andrea,West Virginia,1,2,310,43,217,301,70,26,86,27,ORS,Platelets,Paracetamol,620,72.09,2
2024-04-24,1097,Crawford Ltd Hospital,Port Jerryshire,Minnesota,5,1,77,9,49,273,36,4,12,7,Ciprofloxacin,Azithromycin,ORS,231,17.95,1
2024-04-25,1084,"Flowers, Haas and Long Hospital",Hodgesview,New Mexico,0,2,292,28,184,430,126,26,48,9,Remdesivir,Paracetamol,Oxygen Support,1460,42.79,1
2024-04-26,1033,"Small, Stevenson and Young Hospital",Keithshire,New Jersey,1,0,255,29,156,164,93,25,49,17,ORS,Platelets,Paracetamol,765,95.12,0
2024-04-27,1017,Chen and Sons Hospital,Floydberg,Georgia,2,2,300,70,194,298,87,30,87,43,Paracetamol,Azithromycin,Vitamin C,600,65.1,2
2024-04-28,1057,"Thompson, Howard and Ayers Hospital",Huntermouth,Washington,0,1,223,19,149,179,69,19,33,8,Remdesivir,Paracetamol,Oxygen Support,446,83.24,2
2024-04-29,1004,Carson-Daugherty Hospital,New Ethan,Wisconsin,4,1,478,97,303,449,139,56,80,32,Amoxicillin,Azithromycin,Cough Syrup,1912,67.48,2
2024-04-30,1046,Ramos-Carroll Hospital,Amberberg,Rhode Island,5,2,382,35,300,547,167,25,71,22,Ciprofloxacin,Azithromycin,ORS,1146,54.84,1
2024-05-01,1032,"Mckee, Hernandez and Jones Hospital",South Taylorside,Ohio,0,1,110,24,100,495,48,11,29,11,Remdesivir,Paracetamol,Oxygen Support,220,20.2,1
2024-05-02,1017,Rodriguez and Sons Hospital,West Crystalfurt,South Carolina,5,2,109,16,81,562,35,7,21,11,Ciprofloxacin,Azithromycin,ORS,545,14.41,1
2024-05-03,1034,Jackson-Terry Hospital,Nicoleside,Kansas,3,1,448,49,405,465,146,36,97,30,Chloroquine,Artemisinin,Primaquine,1344,87.1,0
2024-05-04,1001,Martinez-Martin Hospital,East Jennifer,New York,1,2,126,11,82,321,32,7,26,4,ORS,Platelets,Paracetamol,252,25.55,1
2024-05-05,1050,Powell LLC Hospital,Terrellshire,Virginia,0,2,202,31,170,368,73,21,37,16,Remdesivir,Paracetamol,Oxygen Support,606,46.2,1
2024-05-06,1024,"Alexander, Barker and Rodriguez Hospital",East Johnny,South Carolina,4,0,74,9,64,154,27,4,19,3,Amoxicillin,Azithromycin,Cough Syrup,148,41.56,1
2024-05-07,1012,Stewart-Baker Hospital,Annmouth,Georgia,2,0,111,12,104,330,42,12,28,7,Paracetamol,Azithromycin,Vitamin C,333,31.52,1
2024-05-08,1043,Petersen PLC Hospital,North Megan,North Dakota,1,0,219,25,152,175,71,11,45,15,ORS,Platelets,Paracetamol,1095,86.86,0
2024-05-09,1066,"Holt, Molina and Horton Hospital",Jamesbury,Tennessee,2,0,409,78,340,395,131,34,64,57,Paracetamol,Azithromycin,Vitamin C,818,86.08,0
2024-05-10,1096,"Reed, Johnson and Warren Hospital",East Angela,Arizona,0,1,357,53,306,111,148,40,81,21,Remdesivir,Paracetamol,Oxygen Support,1071,275.68,0
2024-05-11,1021,"Farrell, Becker and Lopez Hospital",Lake Stephaniehaven,Louisiana,4,1,385,93,246,556,89,28,96,44,Amoxicillin,Azithromycin,Cough Syrup,770,44.24,1
2024-05-12,1079,Duncan-Holland Hospital,South Melanieburgh,Oklahoma,2,0,367,61,307,424,128,25,85,44,Paracetamol,Azithromycin,Vitamin C,734,72.41,2
2024-05-13,1021,"Phillips, Stephens and Hicks Hospital",West Williamstad,Pennsylvania,3,2,222,31,195,208,63,11,60,22,Chloroquine,Artemisinin,Primaquine,1110,93.75,0
2024-05-14,1032,Simmons-Lee Hospital,Jenkinsfurt,Oklahoma,4,1,321,36,266,420,69,17,89,23,Amoxicillin,Azithromycin,Cough Syrup,1605,63.33,1
2024-05-15,1037,Floyd-Walter Hospital,Wagnertown,Maine,5,2,387,76,255,250,159,26,100,58,Ciprofloxacin,Azithromycin,ORS,774,102.0,0
2024-05-16,1097,"Thomas, Rivera and Sosa Hospital",Mitchelltown,Utah,0,2,299,30,184,244,141,22,66,22,Remdesivir,Paracetamol,Oxygen Support,598,75.41,2
2024-05-17,1081,Perez PLC Hospital,Port Thomas,Kansas,0,2,233,42,143,222,73,26,35,18,Remdesivir,Paracetamol,Oxygen Support,699,64.41,1
2024-05-18,1028,Saunders-Cowan Hospital,Lake Ericfort,New Jersey,5,2,500,94,413,398,233,52,100,51,Ciprofloxacin,Azithromycin,ORS,2000,103.77,0
2024-05-19,1019,Barnes and Sons Hospital,Port Isaac,Alabama,0,2,220,22,173,201,85,24,33,7,Remdesivir,Paracetamol,Oxygen Support,880,86.07,0
2024-05-20,1004,Torres-Vaughan Hospital,Gregoryside,Alabama,2,0,157,22,144,518,61,18,36,13,Paracetamol,Azithromycin,Vitamin C,628,27.8,1
2024-05-21,1005,Whitehead PLC Hospital,Crawfordside,Mississippi,5,0,408,54,252,596,84,43,110,36,Ciprofloxacin,Azithromycin,ORS,1632,42.28,1
2024-05-22,1066,Pratt and Sons Hospital,North Julia,New Hampshire,4,2,425,46,336,156,125,47,119,14,Amoxicillin,Azithromycin,Cough Syrup,2125,215.38,0
2024-05-23,1021,"Nelson, Boyle and Pittman Hospital",Woodbury,Hawaii,4,0,199,47,167,126,60,19,42,20,Amoxicillin,Azithromycin,Cough Syrup,398,132.54,0
2024-05-24,1032,Anderson-Wise Hospital,South Stephanie,New Hampshire,3,0,91,9,74,417,28,9,25,5,Chloroquine,Artemisinin,Primaquine,182,17.75,1
2024-05-25,1086,"Shaffer, Bauer and Crawford Hospital",Lake Mariamouth,Minnesota,5,2,327,46,209,334,156,37,83,17,Ciprofloxacin,Azithromycin,ORS,1635,62.57,1
2024-05-26,1094,Barnett Inc Hospital,Ramirezborough,California,2,1,150,12,127,137,54,13,39,6,Paracetamol,Azithromycin,Vitamin C,300,92.7,0
2024-05-27,1022,Jackson-Weber Hospital,Poncechester,Oklahoma,2,2,193,36,158,583,41,13,31,15,Paracetamol,Azithromycin,Vitamin C,386,27.1,1
2024-05-28,1037,Smith and Sons Hospital,Erikaport,Wisconsin,5,1,187,24,140,424,56,15,46,15,Ciprofloxacin,Azithromycin,ORS,935,33.02,1
2024-05-29,1090,Jones-Nichols Hospital,Davidville,Alaska,5,2,266,44,215,199,79,19,48,13,Ciprofloxacin,Azithromycin,ORS,1064,108.04,0
2024-05-30,1057,"Davis, Gilbert and Hurst Hospital",Robleston,Delaware,5,2,207,16,187,520,51,12,51,11,Ciprofloxacin,Azithromycin,ORS,414,35.96,1
2024-05-31,1024,Oliver and Sons Hospital,Grayhaven,Kansas,3,0,478,86,305,558,120,45,139,43,Chloroquine,Artemisinin,Primaquine,1434,54.66,1
2024-06-01,1033,Burns-Thomas Hospital,Davisview,West Virginia,5,0,446,42,288,244,187,27,79,30,Ciprofloxacin,Azithromycin,ORS,1338,118.03,0
2024-06-02,1049,"Lane, Hernandez and Allen Hospital",Kevinfort,Hawaii,1,0,480,54,292,449,168,53,99,20,ORS,Platelets,Paracetamol,960,65.03,2
2024-06-03,1069,Espinoza PLC Hospital,West Matthew,New Jersey,3,1,200,46,124,504,77,18,37,18,Chloroquine,Artemisinin,Primaquine,400,24.6,1
2024-06-04,1088,Clark and Sons Hospital,Taylorburgh,Kentucky,2,1,226,33,211,375,84,18,65,10,Paracetamol,Azithromycin,Vitamin C,1130,56.27,1
2024-06-05,1064,Shields Inc Hospital,East Gregoryton,Mississippi,3,2,236,28,153,300,93,25,50,22,Chloroquine,Artemisinin,Primaquine,1180,51.0,1
2024-06-06,1069,"Farmer, Moreno and Martin Hospital",Lisahaven,Oklahoma,5,1,88,12,62,115,33,10,21,5,Ciprofloxacin,Azithromycin,ORS,176,53.91,1
2024-06-07,1025,Brown-Key Hospital,Roberthaven,Wyoming,4,0,146,25,121,441,32,10,28,17,Amoxicillin,Azithromycin,Cough Syrup,292,27.44,1
2024-06-08,1061,Walker-Powers Hospital,Port Brandonburgh,Georgia,3,1,314,59,198,137,75,32,84,34,Chloroquine,Artemisinin,Primaquine,628,144.53,0
2024-06-09,1022,Brown Inc Hospital,Douglaston,Colorado,3,1,333,80,212,277,75,16,78,60,Chloroquine,Artemisinin,Primaquine,999,76.53,2
2024-06-10,1095,"Jones, Turner and Rogers Hospital",Eduardofurt,Colorado,4,0,242,45,207,176,111,18,70,26,Amoxicillin,Azithromycin,Cough Syrup,484,117.61,0
2024-06-11,1029,"Lawson, Williams and Brown Hospital",Brookschester,Georgia,3,1,134,23,105,550,41,10,28,12,Chloroquine,Artemisinin,Primaquine,268,19.09,1
2024-06-12,1065,Williams-Copeland Hospital,New Kristophermouth,Illinois,5,2,444,63,278,490,91,41,114,21,Ciprofloxacin,Azithromycin,ORS,888,56.73,1
2024-06-13,1077,Perry Ltd Hospital,East Phillip,Texas,5,2,454,46,386,314,172,28,96,34,Ciprofloxacin,Azithromycin,ORS,1362,122.93,0
2024-06-14,1021,"Mendoza, George and Knight Hospital",Rhondaton,Michigan,2,1,261,43,236,542,102,25,58,22,Paracetamol,Azithromycin,Vitamin C,1305,43.54,1
2024-06-15,1087,Henderson Ltd Hospital,Michaelmouth,Arizona,3,1,327,46,254,468,150,21,93,33,Chloroquine,Artemisinin,Primaquine,981,54.27,1
2024-06-16,1025,Cruz Ltd Hospital,New Joel,Georgia,0,2,414,33,269,127,172,36,85,25,Remdesivir,Paracetamol,Oxygen Support,1242,211.81,0
2024-06-17,1080,"Brown, Pace and Green Hospital",West Danielle,North Dakota,5,2,86,12,77,223,33,8,18,6,Ciprofloxacin,Azithromycin,ORS,172,34.53,1
2024-06-18,1081,Young-Johnson Hospital,Hallmouth,Washington,4,0,319,45,230,121,78,18,80,19,Amoxicillin,Azithromycin,Cough Syrup,1276,190.08,0
2024-06-19,1059,"Williams, Armstrong and Flynn Hospital",West Donna,Montana,5,0,177,25,125,435,68,19,52,9,Ciprofloxacin,Azithromycin,ORS,354,28.74,1
2024-06-20,1012,Merritt-Smith Hospital,Josephborough,Kansas,4,0,474,67,414,150,131,47,107,35,Amoxicillin,Azithromycin,Cough Syrup,948,276.0,0
2024-06-21,1030,Brown-Alvarado Hospital,Port Tiffany,California,2,1,211,46,194,314,69,12,50,23,Paracetamol,Azithromycin,Vitamin C,844,61.78,1
2024-06-22,1096,Brown LLC Hospital,North Karenbury,Idaho,4,2,269,56,229,575,105,15,55,35,Amoxicillin,Azithromycin,Cough Syrup,1345,39.83,1
2024-06-23,1079,Rogers-Salazar Hospital,Toddberg,Minnesota,0,1,333,51,306,196,77,28,73,39,Remdesivir,Paracetamol,Oxygen Support,666,156.12,0
2024-06-24,1017,Sandoval and Sons Hospital,Hernandezbury,Kentucky,5,0,330,48,264,567,154,26,61,31,Ciprofloxacin,Azithromycin,ORS,660,46.56,1
2024-06-25,1031,Sandoval Inc Hospital,New Micheal,Michigan,5,1,175,38,144,147,38,10,50,14,Ciprofloxacin,Azithromycin,ORS,875,97.96,0
2024-06-26,1033,Allen-Nelson Hospital,Port Victorport,Connecticut,4,0,436,42,269,459,213,49,113,16,Amoxicillin,Azithromycin,Cough Syrup,2180,58.61,1
2024-06-27,1085,"Davis, Gibson and Hines Hospital",Johnstonmouth,Kentucky,2,2,322,34,272,488,120,19,91,17,Paracetamol,Azithromycin,Vitamin C,1288,55.74,1
2024-06-28,1057,Brown and Sons Hospital,Port Carolyn,Kentucky,1,0,457,63,343,214,142,47,77,42,ORS,Platelets,Paracetamol,1828,160.28,0
2024-06-29,1003,Gross-Strickland Hospital,Patrickton,Oregon,0,1,278,54,229,108,65,18,72,18,Remdesivir,Paracetamol,Oxygen Support,834,212.04,0
2024-06-30,1075,Roberson-Castillo Hospital,Smithside,Connecticut,0,1,169,32,127,265,60,8,34,18,Remdesivir,Paracetamol,Oxygen Support,676,47.92,1
2024-07-01,1078,Miller-Williams Hospital,West Amberfurt,Texas,5,2,352,72,318,542,102,27,80,30,Ciprofloxacin,Azithromycin,ORS,1408,58.67,1
2024-07-02,1065,"Reyes, Carter and Martin Hospital",South James,Louisiana,3,0,153,33,138,104,46,8,37,23,Chloroquine,Artemisinin,Primaquine,306,132.69,0
2024-07-03,1099,"Castillo, Collier and Adams Hospital",Jenniferburgh,Arizona,1,1,233,41,142,515,58,12,38,30,ORS,Platelets,Paracetamol,932,27.57,1
2024-07-04,1001,"Cooper, Garcia and Williams Hospital",Amandaview,Maryland,0,0,301,53,203,106,105,22,90,26,Remdesivir,Paracetamol,Oxygen Support,602,191.51,0
2024-07-05,1038,Hardy Ltd Hospital,Mccormickshire,Montana,2,0,137,15,94,230,53,15,33,8,Paracetamol,Azithromycin,Vitamin C,411,40.87,1
2024-07-06,1079,"Wilson, Dickson and Ford Hospital",Timothyfurt,Texas,5,0,207,26,164,133,91,15,56,19,Ciprofloxacin,Azithromycin,ORS,828,123.31,0
2024-07-07,1000,Brown Inc Hospital,South Jessica,Wyoming,1,1,111,23,75,373,35,10,25,15,ORS,Platelets,Paracetamol,222,20.11,1
2024-07-08,1006,Miller-Odom Hospital,Blackshire,West Virginia,5,0,127,26,97,549,37,14,25,13,Ciprofloxacin,Azithromycin,ORS,508,17.67,1
2024-07-09,1082,Thompson-Lutz Hospital,Silvachester,Maryland,3,1,166,25,133,349,65,12,29,16,Chloroquine,Artemisinin,Primaquine,332,38.11,1
2024-07-10,1011,Wilkinson-Watson Hospital,Lake Kimberlyland,New Hampshire,5,0,303,45,227,190,61,34,75,28,Ciprofloxacin,Azithromycin,ORS,606,119.47,0
2024-07-11,1009,Ortega-Clark Hospital,Joyceside,Montana,5,2,220,29,138,383,109,19,42,15,Ciprofloxacin,Azithromycin,ORS,440,36.03,1
2024-07-12,1040,Maxwell Ltd Hospital,South Tammy,Delaware,4,2,398,50,243,186,165,31,95,24,Amoxicillin,Azithromycin,Cough Syrup,796,130.65,0
2024-07-13,1075,"Adams, Morrison and Owens Hospital",West Ryanborough,Rhode Island,4,0,368,88,338,515,113,23,92,47,Amoxicillin,Azithromycin,Cough Syrup,1104,65.63,2
2024-07-14,1032,Hall-Hoffman Hospital,Beckchester,New Jersey,5,2,343,62,294,302,157,35,90,36,Ciprofloxacin,Azithromycin,ORS,1715,97.35,0
2024-07-15,1011,Garcia-Horton Hospital,Martinezside,New Hampshire,2,1,273,47,252,235,98,26,60,16,Paracetamol,Azithromycin,Vitamin C,546,107.23,0
2024-07-16,1091,Taylor Inc Hospital,South Jessica,Arizona,4,0,169,32,116,191,54,10,33,16,Amoxicillin,Azithromycin,Cough Syrup,845,60.73,1
2024-07-17,1058,Fitzpatrick Ltd Hospital,Stewartmouth,South Dakota,5,1,185,33,156,360,58,17,31,14,Ciprofloxacin,Azithromycin,ORS,555,43.33,1
2024-07-18,1037,Gay-Holloway Hospital,East Davidville,Tennessee,2,2,437,75,359,155,208,27,123,28,Paracetamol,Azithromycin,Vitamin C,1311,231.61,0
2024-07-19,1009,"Olson, Kelly and Martin Hospital",North Brendaland,Georgia,0,2,160,24,102,114,70,17,33,15,Remdesivir,Paracetamol,Oxygen Support,320,89.47,0
2024-07-20,1025,"Summers, White and Morgan Hospital",Danielland,Texas,0,2,124,25,85,343,61,8,29,18,Remdesivir,Paracetamol,Oxygen Support,496,24.78,1
2024-07-21,1016,Taylor Inc Hospital,West Kathy,Illinois,4,2,288,33,239,431,132,25,66,12,Amoxicillin,Azithromycin,Cough Syrup,1152,55.45,1
2024-07-22,1097,King-Becker Hospital,Lake Jennifer,New Hampshire,1,2,226,46,199,334,57,15,56,29,ORS,Platelets,Paracetamol,1130,59.58,1
2024-07-23,1067,Donovan-Mcmahon Hospital,North Jonathantown,New Mexico,5,0,492,82,378,559,142,26,110,51,Ciprofloxacin,Azithromycin,ORS,984,67.62,2
2024-07-24,1018,Briggs Group Hospital,Johnland,Virginia,0,0,215,38,181,433,62,14,48,12,Remdesivir,Paracetamol,Oxygen Support,1075,41.8,1
2024-07-25,1010,"Soto, Suarez and Scott Hospital",New Donald,Nevada,0,0,260,31,168,448,80,14,74,13,Remdesivir,Paracetamol,Oxygen Support,1040,37.5,1
2024-07-26,1013,"Carter, Baker and Carney Hospital",Lake Jamesside,Georgia,4,2,199,20,182,579,55,14,50,11,Amoxicillin,Azithromycin,Cough Syrup,995,31.43,1
2024-07-27,1078,Rivera-Andrews Hospital,South Christopherfort,Wisconsin,1,2,333,50,228,558,121,38,62,22,ORS,Platelets,Paracetamol,1332,40.86,1
2024-07-28,1061,"Wolfe, George and Walton Hospital",Lake Keithville,Illinois,5,2,269,34,247,192,102,16,47,21,Ciprofloxacin,Azithromycin,ORS,1076,128.65,0
2024-07-29,1021,Stephens-Kirby Hospital,West John,California,2,0,150,27,103,380,63,13,23,17,Paracetamol,Azithromycin,Vitamin C,750,27.11,1
2024-07-30,1060,"Frazier, Thornton and Doyle Hospital",Kimberlymouth,Pennsylvania,2,0,468,113,349,498,174,36,92,76,Paracetamol,Azithromycin,Vitamin C,2340,70.08,2
2024-07-31,1024,Bennett-Greene Hospital,Corteztown,Georgia,0,0,350,31,331,338,91,39,84,18,Remdesivir,Paracetamol,Oxygen Support,700,97.93,0
2024-08-01,1054,Perry-King Hospital,Henryland,Montana,1,2,201,33,165,159,59,14,50,19,ORS,Platelets,Paracetamol,402,103.77,0
2024-08-02,1033,Sims-Roberts Hospital,Beasleymouth,Oklahoma,1,0,445,81,399,350,101,27,116,45,ORS,Platelets,Paracetamol,1780,114.0,0
2024-08-03,1056,Knox-Saunders Hospital,West Crystal,North Dakota,5,2,477,47,363,403,135,36,137,20,Ciprofloxacin,Azithromycin,ORS,1431,90.07,0
2024-08-04,1026,"Mccoy, Davis and Rodriguez Hospital",New Kyle,New York,1,0,156,18,119,134,42,13,40,11,ORS,Platelets,Paracetamol,624,88.81,0
2024-08-05,1057,"Strickland, Baker and Terrell Hospital",South Michael,Wyoming,3,0,159,27,147,589,75,9,25,8,Chloroquine,Artemisinin,Primaquine,477,24.96,1
2024-08-06,1095,"West, Boyd and Mitchell Hospital",South Brianland,Georgia,1,2,285,69,181,269,76,21,47,41,ORS,Platelets,Paracetamol,570,67.29,2
2024-08-07,1094,Jordan-Golden Hospital,West Elizabeth,South Dakota,1,1,288,33,204,448,77,29,83,19,ORS,Platelets,Paracetamol,864,45.54,1
2024-08-08,1083,Ferrell-Payne Hospital,Davidstad,California,2,1,165,20,106,584,47,15,32,7,Paracetamol,Azithromycin,Vitamin C,330,18.15,1
2024-08-09,1095,"Wright, James and Garcia Hospital",Port Austin,Virginia,4,1,499,120,306,152,225,34,128,51,Amoxicillin,Azithromycin,Cough Syrup,998,201.32,0
2024-08-10,1073,Mason Group Hospital,East Katherineside,Oregon,5,1,230,29,194,378,67,14,59,17,Ciprofloxacin,Azithromycin,ORS,690,51.32,1
2024-08-11,1046,Hicks-Lee Hospital,Maryfurt,Florida,3,2,492,51,413,211,110,55,87,30,Chloroquine,Artemisinin,Primaquine,1968,195.73,0
2024-08-12,1076,Scott-Weaver Hospital,Richardton,Hawaii,4,2,417,82,354,536,137,41,87,61,Amoxicillin,Azithromycin,Cough Syrup,1668,66.04,2
2024-08-13,1076,"Smith, Krueger and Joseph Hospital",Jamieshire,Mississippi,1,2,185,30,130,578,70,13,55,13,ORS,Platelets,Paracetamol,740,22.49,1
2024-08-14,1083,"Graham, Hayden and Meadows Hospital",Johnville,South Dakota,5,0,87,21,74,382,37,8,21,10,Ciprofloxacin,Azithromycin,ORS,261,19.37,1
2024-08-15,1096,Mueller Group Hospital,North Michaelton,South Dakota,4,1,498,69,318,338,167,29,89,21,Amoxicillin,Azithromycin,Cough Syrup,1992,94.08,0
2024-08-16,1097,Roberts and Sons Hospital,East Catherine,North Carolina,3,0,194,44,170,273,56,17,29,29,Chloroquine,Artemisinin,Primaquine,388,62.27,1
2024-08-17,1095,"Wilson, Bass and Mccullough Hospital",Lake Robin,South Carolina,5,2,417,48,383,472,148,38,82,27,Ciprofloxacin,Azithromycin,ORS,1668,81.14,2
2024-08-18,1003,Chapman Group Hospital,Jennifermouth,Montana,4,1,152,35,102,502,32,17,34,21,Amoxicillin,Azithromycin,Cough Syrup,760,20.32,1
2024-08-19,1003,Gilbert PLC Hospital,Patrickburgh,Alaska,5,1,210,37,196,312,84,18,57,23,Ciprofloxacin,Azithromycin,ORS,1050,62.82,1
2024-08-20,1097,Howard PLC Hospital,North Pamelachester,California,5,1,486,76,440,298,242,26,134,52,Ciprofloxacin,Azithromycin,ORS,1944,147.65,0
2024-08-21,1020,Sparks PLC Hospital,West Matthew,Louisiana,0,0,398,91,354,244,91,28,72,60,Remdesivir,Paracetamol,Oxygen Support,1194,145.08,0
2024-08-22,1024,"Campbell, Zavala and Robertson Hospital",Port Johnville,Arkansas,3,0,74,8,56,242,17,8,21,2,Chloroquine,Artemisinin,Primaquine,222,23.14,1
2024-08-23,1002,Hayes-Bennett Hospital,South Charlesstad,Maryland,3,1,427,81,256,333,113,32,82,33,Chloroquine,Artemisinin,Primaquine,854,76.88,2
2024-08-24,1001,"White, Hess and Hoffman Hospital",North Kaitlyn,Oklahoma,5,0,379,31,305,472,114,37,98,22,Ciprofloxacin,Azithromycin,ORS,1895,64.62,1
2024-08-25,1018,Kennedy LLC Hospital,Hernandezfurt,Massachusetts,1,0,56,9,36,276,20,3,11,6,ORS,Platelets,Paracetamol,280,13.04,1
2024-08-26,1071,Brown-Thompson Hospital,Ortegaborough,Vermont,4,0,261,63,181,434,66,26,67,44,Amoxicillin,Azithromycin,Cough Syrup,783,41.71,1
2024-08-27,1078,Curtis-Chen Hospital,Wardton,Kentucky,4,2,393,83,347,281,96,43,59,65,Amoxicillin,Azithromycin,Cough Syrup,1572,123.49,0
2024-08-28,1098,Hobbs-Adams Hospital,Amandastad,Hawaii,3,0,449,67,317,380,92,49,94,22,Chloroquine,Artemisinin,Primaquine,898,83.42,2
2024-08-29,1011,Moore Ltd Hospital,West Dylanbury,Michigan,2,0,106,9,67,431,24,12,24,3,Paracetamol,Azithromycin,Vitamin C,424,15.55,1
2024-08-30,1027,Oliver and Sons Hospital,North Patrickstad,Kansas,3,0,425,97,301,426,158,46,116,49,Chloroquine,Artemisinin,Primaquine,2125,70.66,2
2024-08-31,1030,Sanders Ltd Hospital,Davisville,Iowa,2,1,495,83,350,367,203,44,105,47,Paracetamol,Azithromycin,Vitamin C,2475,95.37,0
2024-09-01,1083,"Parks, Garcia and Morales Hospital",New Susan,Iowa,2,0,475,41,413,397,100,24,111,26,Paracetamol,Azithromycin,Vitamin C,950,104.03,0
2024-09-02,1009,Nelson LLC Hospital,North Olivia,Tennessee,4,1,275,30,186,253,112,24,68,16,Amoxicillin,Azithromycin,Cough Syrup,550,73.52,2
2024-09-03,1043,"Rogers, Mckenzie and Gilbert Hospital",North Logan,Florida,5,2,77,8,71,412,18,8,15,3,Ciprofloxacin,Azithromycin,ORS,385,17.23,1
2024-09-04,1007,Mcmillan PLC Hospital,West Amyville,North Carolina,3,0,465,55,376,398,109,36,83,26,Chloroquine,Artemisinin,Primaquine,1395,94.47,0
2024-09-05,1015,"Castillo, Aguirre and Taylor Hospital",Susanfort,Rhode Island,5,2,436,92,393,292,120,34,70,61,Ciprofloxacin,Azithromycin,ORS,1744,134.59,0
2024-09-06,1027,Bryan-Bowen Hospital,South Tyler,New Mexico,2,0,71,7,48,200,20,4,19,3,Paracetamol,Azithromycin,Vitamin C,142,24.0,1
2024-09-07,1045,Freeman-Cardenas Hospital,South Brandonside,Nebraska,3,1,253,41,172,307,51,16,63,32,Chloroquine,Artemisinin,Primaquine,506,56.03,1
2024-09-08,1043,Mckinney Inc Hospital,New Margaretmouth,Texas,3,2,181,22,147,495,53,15,40,7,Chloroquine,Artemisinin,Primaquine,724,29.7,1
2024-09-09,1012,Daniels Inc Hospital,New Dianeside,Wisconsin,5,0,146,27,127,499,35,8,24,15,Ciprofloxacin,Azithromycin,ORS,292,25.45,1
2024-09-10,1044,"Garcia, Lloyd and Roberts Hospital",Rodriguezville,Missouri,4,2,429,57,295,142,180,32,101,41,Amoxicillin,Azithromycin,Cough Syrup,858,207.75,0
2024-09-11,1085,"Conner, Carter and Smith Hospital",Lake Karenchester,Nevada,4,2,191,40,173,251,81,21,46,19,Amoxicillin,Azithromycin,Cough Syrup,382,68.92,2
2024-09-12,1099,Mullen-Anderson Hospital,New Caitlinstad,Idaho,3,1,214,44,153,239,66,14,37,28,Chloroquine,Artemisinin,Primaquine,428,64.02,1
2024-09-13,1022,Sanchez-Green Hospital,New Christopherfurt,Arkansas,2,2,219,52,143,156,57,18,37,20,Paracetamol,Azithromycin,Vitamin C,1095,91.67,0
2024-09-14,1084,Watson Inc Hospital,Jeffersonberg,Oklahoma,5,0,376,32,332,376,109,21,84,17,Ciprofloxacin,Azithromycin,ORS,752,88.3,0
2024-09-15,1050,Rivera PLC Hospital,East Valerie,Vermont,0,1,100,20,72,414,24,6,15,6,Remdesivir,Paracetamol,Oxygen Support,300,17.39,1
2024-09-16,1057,"Tanner, Hernandez and Mata Hospital",North Janetmouth,New Jersey,0,1,459,109,398,191,222,38,91,40,Remdesivir,Paracetamol,Oxygen Support,1377,208.38,0
2024-09-17,1027,Newman Group Hospital,North Karen,South Dakota,3,2,420,72,258,235,202,34,71,37,Chloroquine,Artemisinin,Primaquine,2100,109.79,0
2024-09-18,1079,Bright-Owen Hospital,Johnland,Kentucky,4,2,470,102,401,294,94,52,111,75,Amoxicillin,Azithromycin,Cough Syrup,940,136.39,0
2024-09-19,1016,"Smith, Ryan and Torres Hospital",East Rebeccaburgh,New Jersey,2,1,201,20,136,153,79,12,51,8,Paracetamol,Azithromycin,Vitamin C,1005,88.89,0
2024-09-20,1036,"Brown, Watson and Carroll Hospital",East Markchester,North Carolina,1,1,90,11,67,423,21,5,24,5,ORS,Platelets,Paracetamol,450,15.84,1
2024-09-21,1027,"Allen, Gonzales and Briggs Hospital",Mooreport,North Dakota,3,0,484,60,459,465,125,34,93,31,Chloroquine,Artemisinin,Primaquine,968,98.71,0
2024-09-22,1026,Hernandez-Blevins Hospital,Gregoryfort,Iowa,2,1,275,46,188,406,112,28,56,28,Paracetamol,Azithromycin,Vitamin C,825,46.31,1
2024-09-23,1042,Bell Inc Hospital,South Scottton,Maine,4,2,156,16,135,238,59,18,42,10,Amoxicillin,Azithromycin,Cough Syrup,468,56.72,1
2024-09-24,1049,Ross Ltd Hospital,East Amberside,Missouri,1,0,431,48,391,454,205,34,124,19,ORS,Platelets,Paracetamol,1293,86.12,0
2024-09-25,1087,Singh Ltd Hospital,New James,Texas,1,2,469,75,395,158,228,24,109,37,ORS,Platelets,Paracetamol,938,250.0,0
2024-09-26,1049,Mcpherson Group Hospital,Lake Katherinefurt,Montana,1,1,355,81,298,584,72,22,63,50,ORS,Platelets,Paracetamol,1420,51.03,1
2024-09-27,1080,"Parrish, Carter and Trujillo Hospital",Port Markberg,Iowa,4,0,323,28,216,210,155,23,51,14,Amoxicillin,Azithromycin,Cough Syrup,1292,102.86,0
2024-09-28,1032,Oneal LLC Hospital,Taylorhaven,Idaho,4,2,298,59,183,108,61,20,78,44,Amoxicillin,Azithromycin,Cough Syrup,1192,169.44,0
2024-09-29,1098,Mclean-Aguilar Hospital,Henryshire,Nevada,4,1,217,37,179,410,93,12,55,12,Amoxicillin,Azithromycin,Cough Syrup,434,43.66,1
2024-09-30,1028,"Wright, Lara and Cortez Hospital",North Alexandrahaven,Nebraska,0,2,183,22,119,489,38,15,35,17,Remdesivir,Paracetamol,Oxygen Support,915,24.34,1
2024-10-01,1042,"Allen, Reynolds and Macias Hospital",Colemanside,South Dakota,2,2,136,15,108,585,30,12,39,11,Paracetamol,Azithromycin,Vitamin C,272,18.46,1
2024-10-02,1052,"Alexander, Young and Watkins Hospital",Johnsonside,New Jersey,0,0,50,6,32,210,16,4,12,4,Remdesivir,Paracetamol,Oxygen Support,200,15.24,1
2024-10-03,1083,Bender-Hernandez Hospital,Lake Zachary,Nevada,1,2,280,67,200,225,133,14,81,22,ORS,Platelets,Paracetamol,1120,88.89,0
2024-10-04,1056,White Ltd Hospital,West Margaretstad,South Carolina,1,2,474,40,437,369,200,31,116,16,ORS,Platelets,Paracetamol,1896,118.43,0
2024-10-05,1098,"Jensen, Jones and Smith Hospital",New Kyleborough,Mississippi,2,1,115,11,85,359,26,8,17,3,Paracetamol,Azithromycin,Vitamin C,345,23.68,1
2024-10-06,1062,Wright-Davis Hospital,Timothyview,Vermont,5,2,256,29,222,240,77,24,53,12,Ciprofloxacin,Azithromycin,ORS,768,92.5,0
2024-10-07,1076,"Phelps, Gonzalez and Hanson Hospital",West April,Wisconsin,4,2,117,21,102,577,28,12,19,9,Amoxicillin,Azithromycin,Cough Syrup,234,17.68,1
2024-10-08,1000,Price-Willis Hospital,North Aaronburgh,Indiana,4,0,255,52,200,286,100,26,41,36,Amoxicillin,Azithromycin,Cough Syrup,765,69.93,2
2024-10-09,1023,Johnson-Rodriguez Hospital,Justinshire,Louisiana,3,1,274,37,235,404,68,17,53,15,Chloroquine,Artemisinin,Primaquine,1096,58.17,1
2024-10-10,1032,"Carrillo, Huang and Hardy Hospital",Jaclynport,Rhode Island,1,2,54,10,42,425,23,5,10,6,ORS,Platelets,Paracetamol,162,9.88,1
2024-10-11,1006,"Miranda, Alexander and Lynch Hospital",North Veronica,Nebraska,1,0,240,36,203,466,93,17,68,18,ORS,Platelets,Paracetamol,720,43.56,1
2024-10-12,1073,"Goodman, Daniels and Hartman Hospital",Port Danny,Nebraska,5,1,379,75,269,178,187,40,100,43,Ciprofloxacin,Azithromycin,ORS,1895,151.12,0
2024-10-13,1004,Barry-Greene Hospital,Vazquezside,Wisconsin,3,0,384,78,332,242,182,43,76,47,Chloroquine,Artemisinin,Primaquine,1920,137.19,0
2024-10-14,1003,Strong-Mitchell Hospital,Morganville,Rhode Island,1,1,287,49,189,551,105,30,65,22,ORS,Platelets,Paracetamol,1435,34.3,1
2024-10-15,1100,"Herrera, Snyder and Eaton Hospital",Joannachester,Oregon,2,0,206,40,124,143,41,19,54,15,Paracetamol,Azithromycin,Vitamin C,618,86.71,0
2024-10-16,1036,Bradshaw-Bowman Hospital,West Danielport,Montana,0,1,96,14,71,449,32,9,16,4,Remdesivir,Paracetamol,Oxygen Support,288,15.81,1
2024-10-17,1058,Bates-Campbell Hospital,South Sarah,Maryland,1,2,195,45,121,599,56,18,40,31,ORS,Platelets,Paracetamol,390,20.2,1
2024-10-18,1032,Fitzgerald-Garcia Hospital,New Edward,Florida,2,2,107,11,87,373,31,5,18,5,Paracetamol,Azithromycin,Vitamin C,214,23.32,1
2024-10-19,1049,Richardson Ltd Hospital,Port Amandastad,South Carolina,4,1,120,11,103,262,26,13,25,3,Amoxicillin,Azithromycin,Cough Syrup,600,39.31,1
2024-10-20,1096,"Sanders, Horne and Terry Hospital",South William,Georgia,5,2,320,64,250,171,86,25,57,46,Ciprofloxacin,Azithromycin,ORS,1600,146.2,0
2024-10-21,1034,"Crawford, Lewis and King Hospital",South Michael,New Mexico,3,2,157,15,109,317,39,8,38,11,Chloroquine,Artemisinin,Primaquine,785,34.38,1
2024-10-22,1049,Butler-Warner Hospital,North Shannonfort,Indiana,3,0,490,48,392,398,126,51,81,15,Chloroquine,Artemisinin,Primaquine,2450,98.49,0
2024-10-23,1064,"Fox, Alexander and Perez Hospital",New Markville,Pennsylvania,4,0,265,60,237,321,95,24,59,40,Amoxicillin,Azithromycin,Cough Syrup,795,73.83,2
2024-10-24,1049,Chapman-Brock Hospital,Mayview,Kansas,1,2,105,25,73,434,50,7,29,16,ORS,Platelets,Paracetamol,420,16.82,1
2024-10-25,1093,"Gonzalez, Wright and Taylor Hospital",Catherinestad,Kentucky,0,1,324,44,300,184,144,35,60,29,Remdesivir,Paracetamol,Oxygen Support,972,163.04,0
2024-10-26,1016,"Salinas, Murray and Lewis Hospital",Martinezberg,New Hampshire,3,2,165,19,146,578,73,12,44,12,Chloroquine,Artemisinin,Primaquine,825,25.26,1
2024-10-27,1060,"Evans, Morales and Garcia Hospital",Millerton,North Dakota,2,2,349,73,315,460,138,21,81,39,Paracetamol,Azithromycin,Vitamin C,698,68.48,2
2024-10-28,1036,Caldwell-Fisher Hospital,Sharpland,Kansas,5,0,439,47,318,355,173,32,127,31,Ciprofloxacin,Azithromycin,ORS,1756,89.58,0
2024-10-29,1067,Wheeler Group Hospital,South Justin,Connecticut,1,0,405,54,300,330,200,43,66,17,ORS,Platelets,Paracetamol,2025,90.91,0
2024-10-30,1031,"Blanchard, White and Martin Hospital",Lake Sonyaland,South Dakota,0,1,384,72,327,282,88,35,80,31,Remdesivir,Paracetamol,Oxygen Support,1920,115.96,0
2024-10-31,1047,Edwards and Sons Hospital,East Joseph,Rhode Island,5,1,134,26,112,107,55,10,26,17,Ciprofloxacin,Azithromycin,ORS,536,104.67,0
2024-11-01,1099,Short-Cole Hospital,Lake Christine,Kansas,4,1,378,55,301,450,109,35,66,24,Amoxicillin,Azithromycin,Cough Syrup,1890,66.89,2
2024-11-02,1076,Mcdonald Inc Hospital,Ortizville,Massachusetts,3,1,358,72,253,151,122,31,97,43,Chloroquine,Artemisinin,Primaquine,1432,167.55,0
2024-11-03,1055,Alexander-Brady Hospital,Grantton,New Mexico,1,0,284,38,177,280,112,24,48,25,ORS,Platelets,Paracetamol,1420,63.21,1
2024-11-04,1041,Burns and Sons Hospital,Kristinshire,Kansas,0,2,474,59,408,228,111,27,84,28,Remdesivir,Paracetamol,Oxygen Support,1422,178.95,0
2024-11-05,1004,"Ward, Davis and Weber Hospital",Stevensburgh,Connecticut,5,2,248,49,179,206,89,27,62,16,Ciprofloxacin,Azithromycin,ORS,992,86.89,0
2024-11-06,1056,Hayden Ltd Hospital,Whiteland,Nevada,0,2,207,31,153,352,96,19,45,10,Remdesivir,Paracetamol,Oxygen Support,621,43.47,1
2024-11-07,1039,"Kane, Pineda and Cannon Hospital",West Brian,Kansas,1,2,462,85,295,594,118,24,126,38,ORS,Platelets,Paracetamol,1386,49.66,1
2024-11-08,1100,Taylor Group Hospital,Justinview,New York,3,2,463,98,396,246,128,31,98,30,Chloroquine,Artemisinin,Primaquine,1852,160.98,0
2024-11-09,1000,"Lawrence, Holden and Proctor Hospital",South Gina,Idaho,1,0,126,28,109,192,30,8,19,12,ORS,Platelets,Paracetamol,630,56.77,1
2024-11-10,1076,Sanders-Burke Hospital,New Thomas,Vermont,4,1,357,41,332,238,158,27,62,13,Amoxicillin,Azithromycin,Cough Syrup,1785,139.5,0
2024-11-11,1081,Gaines-Mccoy Hospital,Stephanieville,Iowa,5,1,299,67,280,522,73,21,63,52,Ciprofloxacin,Azithromycin,ORS,1196,53.64,1
2024-11-12,1078,Barnes Ltd Hospital,West Eileen,Oregon,4,0,336,49,255,507,107,38,99,16,Amoxicillin,Azithromycin,Cough Syrup,1680,50.3,1
2024-11-13,1094,"Garza, Harrison and Bowers Hospital",North Molly,Texas,1,2,443,88,282,271,185,35,92,36,ORS,Platelets,Paracetamol,1329,104.06,0
2024-11-14,1079,Turner-Rodriguez Hospital,Lindabury,Florida,3,0,106,21,72,312,32,7,24,8,Chloroquine,Artemisinin,Primaquine,318,23.08,1
2024-11-15,1098,"Ramos, Rodriguez and Martinez Hospital",Schultzstad,Iowa,2,2,57,7,37,581,17,5,16,4,Paracetamol,Azithromycin,Vitamin C,285,6.37,1
2024-11-16,1069,Castillo-Hogan Hospital,West Timothyberg,Indiana,1,0,94,21,85,261,25,6,24,6,ORS,Platelets,Paracetamol,188,32.57,1
2024-11-17,1041,"Martinez, Taylor and Chung Hospital",North Amystad,Utah,4,1,285,44,229,546,135,23,74,33,Amoxicillin,Azithromycin,Cough Syrup,1425,41.94,1
2024-11-18,1043,Blair-Brown Hospital,Ashleyport,West Virginia,5,2,258,44,223,340,89,14,66,28,Ciprofloxacin,Azithromycin,ORS,774,65.59,2
2024-11-19,1060,Smith-Gardner Hospital,West Jeffrey,Oregon,3,0,149,15,115,280,30,10,25,6,Chloroquine,Artemisinin,Primaquine,745,41.07,1
2024-11-20,1058,"Price, Fisher and Mitchell Hospital",Vanessaside,Idaho,0,2,308,31,268,463,77,20,64,15,Remdesivir,Paracetamol,Oxygen Support,1540,57.88,1
2024-11-21,1052,"Morris, Tran and Martinez Hospital",New David,Louisiana,4,2,180,42,143,528,89,9,33,14,Amoxicillin,Azithromycin,Cough Syrup,360,27.08,1
2024-11-22,1081,Smith Ltd Hospital,South Walterville,Maine,5,2,63,8,46,212,17,4,18,4,Ciprofloxacin,Azithromycin,ORS,126,21.7,1
2024-11-23,1039,"Avila, Perry and Robertson Hospital",Port Timothy,North Carolina,3,1,490,43,358,349,243,46,88,32,Chloroquine,Artemisinin,Primaquine,1470,102.58,0
2024-11-24,1005,Brock-Morrow Hospital,New Michaelfort,Oregon,2,1,371,82,285,308,128,33,63,29,Paracetamol,Azithromycin,Vitamin C,1855,92.53,0
2024-11-25,1014,Alvarez-Gregory Hospital,Marktown,Indiana,5,0,218,25,189,249,82,14,63,8,Ciprofloxacin,Azithromycin,ORS,654,75.9,2
2024-11-26,1041,Fernandez and Sons Hospital,Bettystad,Kentucky,2,2,84,10,79,342,26,9,19,4,Paracetamol,Azithromycin,Vitamin C,336,23.1,1
2024-11-27,1048,"Lopez, Smith and Harris Hospital",Thomasville,Arkansas,5,0,205,22,124,527,93,14,38,9,Ciprofloxacin,Azithromycin,ORS,1025,23.53,1
2024-11-28,1018,Burns LLC Hospital,Rayburgh,Connecticut,5,2,317,72,207,549,153,32,74,22,Ciprofloxacin,Azithromycin,ORS,1585,37.7,1
2024-11-29,1094,Wilson-Jackson Hospital,Clarkberg,Connecticut,1,0,66,10,55,318,24,7,14,4,ORS,Platelets,Paracetamol,264,17.3,1
2024-11-30,1050,"Berry, Yates and Walker Hospital",Jamesfort,New Mexico,1,1,207,33,168,239,54,10,36,16,ORS,Platelets,Paracetamol,621,70.29,2
2024-12-01,1016,"Skinner, Robinson and Barajas Hospital",New Patricia,Alabama,0,0,112,22,77,363,27,7,28,8,Remdesivir,Paracetamol,Oxygen Support,224,21.21,1
2024-12-02,1001,"Hill, Ryan and Solomon Hospital",South Frankshire,Massachusetts,2,2,313,46,214,226,151,29,87,22,Paracetamol,Azithromycin,Vitamin C,939,94.69,0
2024-12-03,1093,Lambert-Martinez Hospital,Port Jerometon,Ohio,4,0,432,48,306,245,113,36,76,26,Amoxicillin,Azithromycin,Cough Syrup,1728,124.9,0
2024-12-04,1084,"Flores, Hughes and Johnson Hospital",Port Michaelland,New Hampshire,3,0,270,54,217,241,66,26,73,33,Chloroquine,Artemisinin,Primaquine,810,90.04,0
2024-12-05,1079,Brown-Perez Hospital,Claytonmouth,Georgia,0,0,257,45,201,222,95,19,64,25,Remdesivir,Paracetamol,Oxygen Support,771,90.54,0
2024-12-06,1090,Valentine Inc Hospital,Nicholasshire,Wyoming,2,2,235,47,157,588,88,25,48,36,Paracetamol,Azithromycin,Vitamin C,470,26.7,1
2024-12-07,1033,"Smith, Lewis and Clements Hospital",Lake Isaacborough,Maine,4,0,222,43,141,356,110,25,36,31,Amoxicillin,Azithromycin,Cough Syrup,444,39.61,1
2024-12-08,1039,"Stokes, West and Harper Hospital",Gordonstad,North Carolina,5,2,360,61,321,344,99,21,70,29,Ciprofloxacin,Azithromycin,ORS,1800,93.31,0
2024-12-09,1008,Wagner Inc Hospital,West Raymond,Alaska,2,0,270,53,198,421,109,16,74,21,Paracetamol,Azithromycin,Vitamin C,810,47.03,1
2024-12-10,1045,Lee-Boone Hospital,North Glennborough,New Hampshire,0,1,267,51,236,361,96,20,70,25,Remdesivir,Paracetamol,Oxygen Support,1335,65.37,2
2024-12-11,1040,Harvey and Sons Hospital,Jacobsmouth,Illinois,1,1,160,34,121,155,73,8,43,19,ORS,Platelets,Paracetamol,640,78.06,2
2024-12-12,1035,Moore-Lewis Hospital,Burnsmouth,New Hampshire,5,2,307,28,234,143,151,18,78,16,Ciprofloxacin,Azithromycin,ORS,921,163.64,0
2024-12-13,1001,Turner-Richards Hospital,Lake Rodney,Florida,5,0,243,19,215,336,116,13,63,12,Ciprofloxacin,Azithromycin,ORS,1215,63.99,1
2024-12-14,1056,Neal LLC Hospital,Lake Davidstad,Arizona,1,0,289,53,175,474,96,32,74,33,ORS,Platelets,Paracetamol,1156,36.92,1
2024-12-15,1079,"Johnson, Kirk and Davis Hospital",North Elizabethton,Nebraska,2,2,264,40,173,549,105,20,71,19,Paracetamol,Azithromycin,Vitamin C,1056,31.51,1
2024-12-16,1012,Tucker LLC Hospital,Torresbury,South Dakota,1,2,305,52,240,346,128,31,52,37,ORS,Platelets,Paracetamol,1525,69.36,2
2024-12-17,1066,"Zamora, Hammond and Morris Hospital",West Jill,Wyoming,1,2,361,35,307,300,102,32,88,11,ORS,Platelets,Paracetamol,722,102.33,0
2024-12-18,1052,Jackson-Martinez Hospital,Lake Lynn,Oregon,5,1,213,35,134,547,60,18,61,24,Ciprofloxacin,Azithromycin,ORS,1065,24.5,1
2024-12-19,1068,Johnson-Moore Hospital,Collinston,Wisconsin,4,0,371,38,311,521,150,43,105,21,Amoxicillin,Azithromycin,Cough Syrup,742,59.69,1
2024-12-20,1056,Fitzpatrick-Fernandez Hospital,New Cassandrahaven,West Virginia,3,2,434,96,319,233,126,30,128,54,Chloroquine,Artemisinin,Primaquine,1302,136.91,0
2024-12-21,1050,Townsend-Kelly Hospital,North Angela,Colorado,1,1,116,24,90,528,50,8,24,18,ORS,Platelets,Paracetamol,580,17.05,1
2024-12-22,1015,Wise-Jones Hospital,Michaelmouth,Washington,4,2,396,61,259,252,154,43,100,47,Amoxicillin,Azithromycin,Cough Syrup,792,102.78,0
2024-12-23,1083,"Harris, Lambert and Mayo Hospital",Robertborough,Alaska,4,1,289,26,220,201,128,29,47,8,Amoxicillin,Azithromycin,Cough Syrup,1445,109.45,0
2024-12-24,1086,Harris-Nelson Hospital,Cherylchester,Arkansas,2,1,96,10,70,322,36,7,19,7,Paracetamol,Azithromycin,Vitamin C,384,21.74,1
2024-12-25,1014,Williams LLC Hospital,Leestad,Montana,0,2,181,33,142,126,48,14,52,16,Remdesivir,Paracetamol,Oxygen Support,543,112.7,0
2024-12-26,1090,Pena Ltd Hospital,New Kimberly,Georgia,2,1,134,13,125,210,39,13,23,8,Paracetamol,Azithromycin,Vitamin C,670,59.52,1
2024-12-27,1043,Rosales-Ramirez Hospital,Lake Anthonyport,Arizona,4,2,162,13,137,306,74,10,28,8,Amoxicillin,Azithromycin,Cough Syrup,324,44.77,1
2024-12-28,1024,Lee PLC Hospital,Williamstown,Louisiana,1,0,176,41,143,411,46,10,38,30,ORS,Platelets,Paracetamol,704,34.79,1
2024-12-29,1088,Larsen-Johnson Hospital,Hardyside,Alabama,2,1,253,30,179,360,102,24,45,18,Paracetamol,Azithromycin,Vitamin C,759,49.72,1
2024-12-30,1093,Hernandez-Parker Hospital,Cooperburgh,Colorado,4,1,447,86,416,510,97,35,127,27,Amoxicillin,Azithromycin,Cough Syrup,2235,81.57,2
2024-01-01,1025,"Brown, Baker and Massey Hospital",Markport,North Dakota,4,0,259,44,229,414,114,27,62,13,Amoxicillin,Azithromycin,Cough Syrup,1036,55.31,1
2024-01-02,1097,"Holloway, Fuentes and Jarvis Hospital",South Kennethberg,Kansas,4,2,85,11,69,486,37,9,25,4,Amoxicillin,Azithromycin,Cough Syrup,255,14.2,1
2024-01-03,1034,Gallagher PLC Hospital,Oconnormouth,Missouri,4,2,255,39,186,343,67,20,56,27,Amoxicillin,Azithromycin,Cough Syrup,510,54.23,1
2024-01-04,1078,Murray PLC Hospital,West Julie,Nebraska,2,2,458,57,355,404,147,53,106,34,Paracetamol,Azithromycin,Vitamin C,2290,87.87,0
2024-01-05,1030,Lawson Ltd Hospital,North Aliciamouth,North Dakota,3,1,461,70,363,506,195,50,134,28,Chloroquine,Artemisinin,Primaquine,1844,71.74,2
2024-01-06,1007,"Sullivan, Medina and Wilson Hospital",Powellhaven,Georgia,4,0,262,33,199,439,117,24,46,12,Amoxicillin,Azithromycin,Cough Syrup,786,45.33,1
2024-01-07,1049,Baker Ltd Hospital,Lake Phillipfurt,Alabama,5,2,195,19,147,474,63,22,56,11,Ciprofloxacin,Azithromycin,ORS,390,31.01,1
2024-01-08,1085,Hernandez-Hanson Hospital,North Tinafort,Louisiana,4,2,104,23,69,438,48,6,29,17,Amoxicillin,Azithromycin,Cough Syrup,520,15.75,1
2024-01-09,1073,"Watts, Nichols and Nichols Hospital",South Ashleystad,Georgia,2,1,356,45,330,235,148,36,73,22,Paracetamol,Azithromycin,Vitamin C,712,140.43,0
2024-01-10,1056,Smith-Mora Hospital,Elizabethhaven,South Carolina,2,1,72,16,68,341,24,7,17,6,Paracetamol,Azithromycin,Vitamin C,216,19.94,1
2024-01-11,1033,Sims PLC Hospital,East Stephen,Georgia,2,1,255,30,208,213,112,26,61,19,Paracetamol,Azithromycin,Vitamin C,1275,97.65,0
2024-01-12,1061,Walker Group Hospital,Brendaport,Hawaii,0,0,215,36,179,165,106,22,37,27,Remdesivir,Paracetamol,Oxygen Support,430,108.48,0
2024-01-13,1066,Stone PLC Hospital,North Jessicamouth,Kansas,3,1,429,41,291,197,167,37,75,27,Chloroquine,Artemisinin,Primaquine,2145,147.72,0
2024-01-14,1016,Adams-Spencer Hospital,Sheltonland,Kansas,5,2,322,48,230,540,159,22,68,33,Ciprofloxacin,Azithromycin,ORS,1610,42.59,1
2024-01-15,1042,Fisher Ltd Hospital,Hayesberg,Connecticut,0,2,208,24,131,343,76,22,52,14,Remdesivir,Paracetamol,Oxygen Support,416,38.19,1
2024-01-16,1045,Williams-Lopez Hospital,Ashleymouth,New Hampshire,4,0,146,29,120,565,33,7,28,10,Amoxicillin,Azithromycin,Cough Syrup,584,21.24,1
2024-01-17,1046,Martinez LLC Hospital,North Dianafort,Minnesota,4,2,148,24,119,437,31,16,27,13,Amoxicillin,Azithromycin,Cough Syrup,740,27.23,1
2024-01-18,1052,Gonzalez-Hudson Hospital,Malloryhaven,Virginia,5,2,450,59,425,188,172,26,105,39,Ciprofloxacin,Azithromycin,ORS,1350,226.06,0
2024-01-19,1091,Kelley Inc Hospital,Lake Juliechester,Montana,4,2,353,83,263,305,93,34,100,56,Amoxicillin,Azithromycin,Cough Syrup,1412,86.23,0
2024-01-20,1039,Freeman-Elliott Hospital,New Rachelside,Michigan,0,1,262,39,158,240,65,27,61,19,Remdesivir,Paracetamol,Oxygen Support,1310,65.83,2
2024-01-21,1035,"Robles, Spencer and Wright Hospital",Smithburgh,Georgia,4,2,285,43,265,231,130,16,47,13,Amoxicillin,Azithromycin,Cough Syrup,570,114.72,0
2024-01-22,1072,Hill LLC Hospital,Washingtonshire,Wyoming,2,0,163,29,149,442,39,12,44,9,Paracetamol,Azithromycin,Vitamin C,326,33.71,1
2024-01-23,1012,Smith-Lawrence Hospital,Heathermouth,Louisiana,0,2,210,51,176,286,92,14,33,33,Remdesivir,Paracetamol,Oxygen Support,630,61.54,1
2024-01-24,1000,"Webster, Morrow and Brock Hospital",Isabellabury,Florida,1,0,446,57,330,334,109,33,124,34,ORS,Platelets,Paracetamol,1338,98.8,0
2024-01-25,1091,Perez Inc Hospital,Blakeville,Nevada,1,0,295,42,260,233,121,34,69,23,ORS,Platelets,Paracetamol,1475,111.59,0
2024-01-26,1002,"Levy, Zamora and Peck Hospital",New Jacobmouth,Pennsylvania,4,0,264,60,222,174,115,18,59,45,Amoxicillin,Azithromycin,Cough Syrup,1056,127.59,0
2024-01-27,1002,Hobbs-Martin Hospital,New Brianmouth,Illinois,4,1,101,22,64,129,30,8,18,11,Amoxicillin,Azithromycin,Cough Syrup,404,49.61,1
2024-01-28,1028,"Allen, Smith and Lee Hospital",West Anthony,West Virginia,0,1,405,33,292,521,181,27,102,22,Remdesivir,Paracetamol,Oxygen Support,1620,56.05,1
2024-01-29,1028,Thomas-Moreno Hospital,Lake Amandaport,Maryland,1,1,302,75,264,113,143,19,79,43,ORS,Platelets,Paracetamol,1208,233.63,0
2024-01-30,1013,Coleman PLC Hospital,Jessicafurt,Oregon,0,0,417,48,316,261,137,32,82,32,Remdesivir,Paracetamol,Oxygen Support,834,121.07,0
2024-01-31,1084,Henry-Garcia Hospital,Amandashire,Arizona,4,2,257,38,219,198,106,22,60,13,Amoxicillin,Azithromycin,Cough Syrup,1028,110.61,0
2024-02-01,1045,"Terry, Ross and Johnson Hospital",Lake Miranda,Maryland,5,2,164,34,116,365,73,12,33,14,Ciprofloxacin,Azithromycin,ORS,820,31.78,1
2024-02-02,1033,"Clayton, Henderson and Cervantes Hospital",Angelafort,Georgia,2,1,349,85,252,406,76,29,79,58,Paracetamol,Azithromycin,Vitamin C,1396,62.07,1
2024-02-03,1093,Nixon-Williams Hospital,North Taylormouth,Mississippi,5,2,498,78,305,251,177,36,96,31,Ciprofloxacin,Azithromycin,ORS,2490,121.51,0
2024-02-04,1060,Carpenter-Welch Hospital,Martinhaven,Oregon,3,0,232,38,167,502,110,18,41,18,Chloroquine,Artemisinin,Primaquine,464,33.27,1
2024-02-05,1069,Downs-Cervantes Hospital,New Danielborough,Kentucky,2,0,487,50,442,504,149,48,109,28,Paracetamol,Azithromycin,Vitamin C,974,87.7,0
2024-02-06,1070,"Beck, Reid and Hoffman Hospital",Cindyville,Texas,1,0,491,59,375,265,221,46,104,29,ORS,Platelets,Paracetamol,982,141.51,0
2024-02-07,1013,Young-Kirby Hospital,Georgeton,North Carolina,0,0,125,18,94,350,30,6,21,10,Remdesivir,Paracetamol,Oxygen Support,625,26.86,1
2024-02-08,1100,Flores-Adkins Hospital,Wilsonport,West Virginia,5,1,420,81,342,252,85,46,86,35,Ciprofloxacin,Azithromycin,ORS,2100,135.71,0
2024-02-09,1080,"Torres, Bryant and Anderson Hospital",Karenfurt,Idaho,3,1,367,49,320,323,117,40,101,31,Chloroquine,Artemisinin,Primaquine,734,99.07,0
2024-02-10,1036,"Galloway, Hernandez and Anderson Hospital",Samuelberg,Utah,2,1,171,37,138,158,50,11,42,26,Paracetamol,Azithromycin,Vitamin C,684,87.34,0
2024-02-11,1006,"Craig, Riley and Mahoney Hospital",West Margarettown,Georgia,5,2,73,14,56,594,27,5,14,10,Ciprofloxacin,Azithromycin,ORS,292,9.43,1
2024-02-12,1021,"Hoffman, Ray and Patrick Hospital",Scottstad,New York,3,1,241,40,167,376,66,23,38,29,Chloroquine,Artemisinin,Primaquine,964,44.41,1
2024-02-13,1085,"Perez, Williams and Taylor Hospital",West Jill,Kentucky,5,1,403,47,243,572,175,27,112,34,Ciprofloxacin,Azithromycin,ORS,1209,42.48,1
2024-02-14,1026,"Rivas, Johnson and Mcdowell Hospital",Kimberlyshire,Georgia,5,2,254,23,213,414,123,24,44,17,Ciprofloxacin,Azithromycin,ORS,1270,51.45,1
2024-02-15,1000,Pitts-Mills Hospital,Port Kelseyborough,Georgia,1,1,433,68,306,593,132,43,86,46,ORS,Platelets,Paracetamol,866,51.6,1
2024-02-16,1061,Miller Ltd Hospital,Lake Jessicaberg,North Dakota,3,1,206,29,188,139,102,10,42,16,Chloroquine,Artemisinin,Primaquine,1030,135.25,0
2024-02-17,1016,Wheeler-Sharp Hospital,Thompsonmouth,South Carolina,0,1,190,17,127,456,47,21,43,9,Remdesivir,Paracetamol,Oxygen Support,760,27.85,1
2024-02-18,1095,Hudson Group Hospital,Port Russell,Iowa,4,2,107,15,95,190,40,7,16,8,Amoxicillin,Azithromycin,Cough Syrup,321,50.0,1
2024-02-19,1053,Butler PLC Hospital,South Denise,Washington,0,0,347,74,223,222,106,25,70,32,Remdesivir,Paracetamol,Oxygen Support,694,100.45,0
2024-02-20,1013,Yates-Liu Hospital,Amandastad,Michigan,3,1,413,74,374,336,112,48,108,56,Chloroquine,Artemisinin,Primaquine,1239,111.31,0
2024-02-21,1098,"Best, Morris and Merritt Hospital",Lake Henryhaven,Idaho,2,2,331,58,294,117,106,16,57,26,Paracetamol,Azithromycin,Vitamin C,1655,251.28,0
2024-02-22,1025,"Lewis, Robertson and Campbell Hospital",New Susanland,New Jersey,2,0,321,29,204,222,71,28,67,20,Paracetamol,Azithromycin,Vitamin C,1284,91.89,0
2024-02-23,1035,Lopez-Guzman Hospital,Bernardfurt,Idaho,3,0,324,40,197,141,109,30,93,22,Chloroquine,Artemisinin,Primaquine,1620,139.72,0
2024-02-24,1026,Peterson-Dunn Hospital,Poolefurt,Mississippi,3,1,115,18,96,525,26,8,27,11,Chloroquine,Artemisinin,Primaquine,460,18.29,1
2024-02-25,1059,Adams-Thornton Hospital,West Michelleview,Missouri,0,2,235,40,199,497,108,14,57,25,Remdesivir,Paracetamol,Oxygen Support,470,40.04,1
2024-02-26,1010,Pace-Hall Hospital,New Regina,Idaho,5,0,464,61,365,405,204,31,79,38,Ciprofloxacin,Azithromycin,ORS,2320,90.12,0
2024-02-27,1071,White and Sons Hospital,New Barbara,Oklahoma,3,2,319,65,287,287,118,23,92,20,Chloroquine,Artemisinin,Primaquine,957,100.0,0
2024-02-28,1090,"Mahoney, Jones and Wade Hospital",East Toddfort,Iowa,0,1,396,80,370,309,171,29,66,59,Remdesivir,Paracetamol,Oxygen Support,792,119.74,0
2024-02-29,1047,Wilson-Gutierrez Hospital,Jonesport,New Jersey,2,0,202,42,155,224,59,16,57,21,Paracetamol,Azithromycin,Vitamin C,808,69.2,2
2024-03-01,1049,"Moreno, Parker and Murphy Hospital",East Rachel,Minnesota,1,1,472,48,367,553,211,45,140,22,ORS,Platelets,Paracetamol,1888,66.37,2
2024-03-02,1079,"Alexander, Webb and Miller Hospital",Petersenton,Alabama,1,0,366,88,267,533,171,34,75,59,ORS,Platelets,Paracetamol,732,50.09,1
2024-03-03,1080,Harrison Ltd Hospital,Lynchhaven,Maryland,5,1,242,57,150,429,117,13,38,19,Ciprofloxacin,Azithromycin,ORS,1210,34.97,1
2024-03-04,1017,"Soto, Molina and Briggs Hospital",Maryfort,Montana,1,1,424,69,371,262,207,39,72,39,ORS,Platelets,Paracetamol,1696,141.6,0
2024-03-05,1064,Raymond LLC Hospital,New Wyatt,Arizona,4,2,472,106,433,150,203,30,111,44,Amoxicillin,Azithromycin,Cough Syrup,1888,288.67,0
2024-03-06,1068,Garcia-Castro Hospital,East Connie,Nebraska,0,2,412,96,280,104,196,37,114,68,Remdesivir,Paracetamol,Oxygen Support,2060,269.23,0
2024-03-07,1031,"Moore, Mccoy and Turner Hospital",East Kimberly,Iowa,0,0,326,68,225,218,137,31,64,26,Remdesivir,Paracetamol,Oxygen Support,1630,103.21,0
2024-03-08,1047,"Richardson, Harris and Henderson Hospital",New Lisamouth,Pennsylvania,5,2,492,113,439,181,168,57,127,82,Ciprofloxacin,Azithromycin,ORS,984,242.54,0
2024-03-09,1065,"Stewart, Murray and Bush Hospital",East Lisaville,Indiana,4,2,74,12,60,118,24,5,20,9,Amoxicillin,Azithromycin,Cough Syrup,222,50.85,1
2024-03-10,1049,Lopez Ltd Hospital,Jasonville,Ohio,5,1,337,80,261,409,148,19,100,43,Ciprofloxacin,Azithromycin,ORS,674,63.81,1
2024-03-11,1012,"West, Barajas and Gibson Hospital",North Derek,Oklahoma,1,2,150,32,109,295,61,12,43,12,ORS,Platelets,Paracetamol,300,36.95,1
2024-03-12,1078,Young LLC Hospital,East Georgeshire,South Dakota,2,1,218,25,133,558,99,12,52,15,Paracetamol,Azithromycin,Vitamin C,436,23.84,1
2024-03-13,1064,Harris-Anderson Hospital,Port Deanna,Kansas,2,1,205,43,189,571,59,24,57,28,Paracetamol,Azithromycin,Vitamin C,820,33.1,1
2024-03-14,1071,Archer-Coleman Hospital,North Jasonshire,Utah,2,2,96,23,90,159,42,7,22,12,Paracetamol,Azithromycin,Vitamin C,288,56.6,1
2024-03-15,1089,Watts Inc Hospital,Tammyville,South Dakota,4,2,173,40,139,573,70,9,43,28,Amoxicillin,Azithromycin,Cough Syrup,519,24.26,1
2024-03-16,1006,"Williams, Jones and Johnson Hospital",Valenzuelatown,Oregon,2,1,50,10,47,430,24,5,14,3,Paracetamol,Azithromycin,Vitamin C,250,10.93,1
2024-03-17,1034,"Robinson, Reed and Carlson Hospital",Wallertown,Louisiana,1,0,91,21,65,509,23,8,14,13,ORS,Platelets,Paracetamol,364,12.77,1
2024-03-18,1088,Russell Inc Hospital,West Georgeton,Massachusetts,3,2,473,98,337,454,215,24,128,45,Chloroquine,Artemisinin,Primaquine,946,74.23,2
2024-03-19,1075,"Bradford, Hall and Kennedy Hospital",West Christineberg,New Jersey,1,2,221,51,207,580,63,22,40,34,ORS,Platelets,Paracetamol,884,35.69,1
2024-03-20,1048,Miller-Berg Hospital,Erikaborough,Louisiana,5,0,348,58,281,564,144,36,100,26,Ciprofloxacin,Azithromycin,ORS,1044,49.82,1
2024-03-21,1019,Conway LLC Hospital,Jonesfort,Utah,1,2,418,77,377,153,123,43,110,55,ORS,Platelets,Paracetamol,836,246.41,0
2024-03-22,1089,"Floyd, Schmidt and Hall Hospital",Connorside,Pennsylvania,0,2,317,77,225,595,99,28,88,28,Remdesivir,Paracetamol,Oxygen Support,634,37.82,1
2024-03-23,1063,Russell Inc Hospital,Peterfort,Wyoming,5,2,99,14,70,322,23,7,29,10,Ciprofloxacin,Azithromycin,ORS,198,21.74,1
2024-03-24,1096,"Jordan, Houston and Fisher Hospital",Kirkside,Arkansas,1,0,312,37,266,560,108,24,65,12,ORS,Platelets,Paracetamol,936,47.5,1
2024-03-25,1027,Morris-Hart Hospital,West Allenville,Hawaii,2,0,217,42,153,575,104,11,42,20,Paracetamol,Azithromycin,Vitamin C,868,26.61,1
2024-03-26,1045,Mcgee-Guzman Hospital,Duranmouth,Wisconsin,5,1,405,66,256,151,140,45,81,33,Ciprofloxacin,Azithromycin,ORS,1215,169.54,0
2024-03-27,1016,Weaver-Henson Hospital,Port Michaelville,Ohio,3,1,289,41,224,314,71,17,69,24,Chloroquine,Artemisinin,Primaquine,867,71.34,2
2024-03-28,1067,"Smith, Robbins and Perez Hospital",Gabriellestad,Massachusetts,2,2,251,20,193,376,89,17,58,13,Paracetamol,Azithromycin,Vitamin C,502,51.33,1
2024-03-29,1046,Mitchell Group Hospital,Williamsside,Iowa,2,0,123,29,95,503,36,8,24,19,Paracetamol,Azithromycin,Vitamin C,246,18.89,1
2024-03-30,1092,Reyes Ltd Hospital,East Betty,New Mexico,0,1,71,9,56,437,17,5,13,7,Remdesivir,Paracetamol,Oxygen Support,284,12.81,1
2024-03-31,1066,Hernandez-Dunn Hospital,East Erica,Maine,3,0,374,87,254,444,79,40,95,38,Chloroquine,Artemisinin,Primaquine,1496,57.21,1
2024-04-01,1052,Hill Inc Hospital,Jessicahaven,Tennessee,4,0,340,72,255,557,145,37,87,31,Amoxicillin,Azithromycin,Cough Syrup,680,45.78,1
2024-04-02,1001,Flores Inc Hospital,New Nicholas,Iowa,2,2,266,48,194,394,110,16,78,26,Paracetamol,Azithromycin,Vitamin C,532,49.24,1
2024-04-03,1082,"Archer, Adams and Copeland Hospital",Riverafort,North Carolina,3,0,207,44,151,442,52,14,60,20,Chloroquine,Artemisinin,Primaquine,621,34.16,1
2024-04-04,1037,Mills and Sons Hospital,Lake Nicholas,Utah,5,1,170,28,114,458,39,11,30,9,Ciprofloxacin,Azithromycin,ORS,680,24.89,1
2024-04-05,1082,Cooke Inc Hospital,New Ambershire,Minnesota,4,2,435,41,329,384,143,34,68,25,Amoxicillin,Azithromycin,Cough Syrup,2175,85.68,0
2024-04-06,1091,"Anderson, Garrison and Fletcher Hospital",Adamfort,Connecticut,1,1,168,23,135,215,35,19,27,12,ORS,Platelets,Paracetamol,840,62.79,1
2024-04-07,1031,Huang-Randolph Hospital,Garciafurt,New Hampshire,4,0,326,80,248,235,131,25,54,37,Amoxicillin,Azithromycin,Cough Syrup,1630,105.53,0
2024-04-08,1013,"Ross, Wright and Hines Hospital",East Amanda,Massachusetts,0,1,195,20,141,374,71,22,34,6,Remdesivir,Paracetamol,Oxygen Support,585,37.7,1
2024-04-09,1063,"Thomas, Roberts and Morales Hospital",Ericport,Colorado,5,1,142,26,105,334,67,15,34,16,Ciprofloxacin,Azithromycin,ORS,710,31.44,1
2024-04-10,1098,Yang-Wilson Hospital,Meyersport,Alaska,3,2,398,62,280,269,172,27,93,23,Chloroquine,Artemisinin,Primaquine,796,104.09,0
2024-04-11,1035,Murray-Barton Hospital,Smithfort,Arkansas,5,1,388,72,346,477,96,24,100,48,Ciprofloxacin,Azithromycin,ORS,776,72.54,2
2024-04-12,1019,"Berry, Tran and Vargas Hospital",Hunterhaven,Massachusetts,2,1,196,18,161,438,90,11,54,6,Paracetamol,Azithromycin,Vitamin C,588,36.76,1
2024-04-13,1068,Chapman-Allen Hospital,Ericmouth,Indiana,3,2,109,15,97,223,40,12,29,10,Chloroquine,Artemisinin,Primaquine,218,43.5,1
2024-04-14,1030,Price-Owens Hospital,New Savannahchester,Tennessee,0,0,210,21,128,158,101,24,52,15,Remdesivir,Paracetamol,Oxygen Support,630,81.01,2
2024-04-15,1041,Harvey-Wright Hospital,South Robertchester,New Hampshire,4,0,152,29,94,447,39,10,32,21,Amoxicillin,Azithromycin,Cough Syrup,304,21.03,1
2024-04-16,1034,Schwartz PLC Hospital,New Tyler,Indiana,2,0,461,86,403,481,94,36,132,32,Paracetamol,Azithromycin,Vitamin C,922,83.78,2
2024-04-17,1068,Miller PLC Hospital,East Stephenburgh,Missouri,2,2,447,38,391,243,197,29,86,23,Paracetamol,Azithromycin,Vitamin C,1788,160.91,0
2024-04-18,1087,Wiggins Inc Hospital,North Jacqueline,Vermont,4,0,382,70,237,121,81,25,114,21,Amoxicillin,Azithromycin,Cough Syrup,1910,195.87,0
2024-04-19,1082,May-Grant Hospital,Rhodesmouth,Maine,3,0,348,69,300,442,151,25,69,28,Chloroquine,Artemisinin,Primaquine,696,67.87,2
2024-04-20,1058,"Parker, Whitney and Calhoun Hospital",New Raymond,Idaho,3,0,294,65,210,543,122,32,55,33,Chloroquine,Artemisinin,Primaquine,1176,38.67,1
2024-04-21,1056,Price Ltd Hospital,Juanhaven,Alaska,1,2,269,29,223,505,66,24,80,9,ORS,Platelets,Paracetamol,538,44.16,1
2024-04-22,1068,Donovan and Sons Hospital,Lake Michelle,Texas,1,2,474,65,441,162,130,56,116,51,ORS,Platelets,Paracetamol,1896,272.22,0
2024-04-23,1014,French Ltd Hospital,Port Karen,Montana,4,0,379,84,275,186,170,39,73,53,Amoxicillin,Azithromycin,Cough Syrup,1895,147.85,0
2024-04-24,1006,"Stephenson, Thompson and Farmer Hospital",Wrightborough,Oklahoma,4,1,287,28,256,474,115,15,72,12,Amoxicillin,Azithromycin,Cough Syrup,1148,54.01,1
2024-04-25,1044,Larson-Holmes Hospital,Amandafort,Louisiana,3,1,329,69,255,285,157,16,58,33,Chloroquine,Artemisinin,Primaquine,987,89.47,0
2024-04-26,1077,Reynolds-Fox Hospital,Waltersfort,Colorado,5,1,454,47,368,109,223,40,89,22,Ciprofloxacin,Azithromycin,ORS,1362,337.61,0
2024-04-27,1098,Boyd Inc Hospital,Patriciastad,Nebraska,4,0,196,38,133,493,48,10,47,19,Amoxicillin,Azithromycin,Cough Syrup,980,26.98,1
2024-04-28,1074,"Webb, Robles and Miller Hospital",South Michaelfort,Washington,2,1,87,7,78,262,40,7,14,2,Paracetamol,Azithromycin,Vitamin C,174,29.77,1
2024-04-29,1057,Sanchez Inc Hospital,Port Erinport,Louisiana,5,0,329,48,242,569,114,26,81,25,Ciprofloxacin,Azithromycin,ORS,987,42.53,1
2024-04-30,1029,"Johnson, Harrison and Myers Hospital",West Theresaside,South Carolina,5,1,322,45,299,531,67,19,77,27,Ciprofloxacin,Azithromycin,ORS,1288,56.31,1
2024-05-01,1017,Johns PLC Hospital,Port Frankburgh,Arkansas,3,1,147,36,135,402,65,16,35,21,Chloroquine,Artemisinin,Primaquine,441,33.58,1
2024-05-02,1100,Rogers-Williamson Hospital,Lake Lee,Wyoming,4,0,110,18,79,539,40,10,30,6,Amoxicillin,Azithromycin,Cough Syrup,550,14.66,1
2024-05-03,1070,"Benitez, Rivers and Macdonald Hospital",Klineland,Iowa,5,0,482,46,301,403,143,37,91,26,Ciprofloxacin,Azithromycin,ORS,2410,74.69,2
2024-05-04,1071,Rogers Ltd Hospital,Francistown,Vermont,3,1,217,25,145,597,94,24,51,11,Chloroquine,Artemisinin,Primaquine,868,24.29,1
2024-05-05,1069,Diaz and Sons Hospital,Davischester,Virginia,0,0,385,58,317,285,109,44,64,20,Remdesivir,Paracetamol,Oxygen Support,770,111.23,0
2024-05-06,1051,"Nguyen, Gonzalez and King Hospital",East Ellenhaven,Missouri,1,0,79,16,74,502,38,7,16,5,ORS,Platelets,Paracetamol,237,14.74,1
2024-05-07,1033,Gonzales Inc Hospital,Christopherhaven,Rhode Island,3,1,117,10,85,490,29,8,20,7,Chloroquine,Artemisinin,Primaquine,234,17.35,1
2024-05-08,1037,James and Sons Hospital,West Latasha,Iowa,4,2,471,77,397,447,101,44,80,30,Amoxicillin,Azithromycin,Cough Syrup,2355,88.81,0
2024-05-09,1055,Jackson-Harper Hospital,Bradfordburgh,North Carolina,0,0,66,14,53,159,19,5,11,7,Remdesivir,Paracetamol,Oxygen Support,264,33.33,1
2024-05-10,1018,Wallace Group Hospital,Port Jason,Delaware,5,2,448,104,415,262,162,41,94,64,Ciprofloxacin,Azithromycin,ORS,1792,158.4,0
2024-05-11,1009,"Burns, Johnson and Harding Hospital",New Samuel,Mississippi,1,0,224,28,144,581,56,23,64,15,ORS,Platelets,Paracetamol,896,24.78,1
2024-05-12,1041,Simmons PLC Hospital,Lake Rebeccahaven,Tennessee,4,2,156,13,106,162,61,16,41,8,Amoxicillin,Azithromycin,Cough Syrup,780,65.43,2
2024-05-13,1070,Norton-Johns Hospital,Josephborough,Indiana,3,0,423,80,270,429,130,44,84,60,Chloroquine,Artemisinin,Primaquine,1692,62.94,1
2024-05-14,1068,Roth Ltd Hospital,Gregoryview,Oregon,0,2,407,96,336,275,182,48,82,34,Remdesivir,Paracetamol,Oxygen Support,814,122.18,0
2024-05-15,1019,Terry and Sons Hospital,East Lindaland,Illinois,4,1,434,102,277,150,123,45,115,77,Amoxicillin,Azithromycin,Cough Syrup,868,184.67,0
2024-05-16,1095,"Wright, Schmidt and Moreno Hospital",Davidview,New York,2,1,280,44,190,355,108,24,50,23,Paracetamol,Azithromycin,Vitamin C,560,53.52,1
2024-05-17,1064,"Moon, Vega and Adkins Hospital",Scottberg,Wyoming,0,1,219,17,157,453,79,18,39,6,Remdesivir,Paracetamol,Oxygen Support,876,34.66,1
2024-05-18,1065,"Garrett, Cooley and Jennings Hospital",East Lancefort,Michigan,4,2,289,25,195,434,79,24,61,17,Amoxicillin,Azithromycin,Cough Syrup,578,44.93,1
2024-05-19,1020,Chung-Rivas Hospital,New Justinport,Utah,5,2,325,71,237,592,92,29,97,24,Ciprofloxacin,Azithromycin,ORS,650,40.03,1
2024-05-20,1051,Johnson LLC Hospital,Sarahport,Minnesota,2,2,308,24,197,419,153,31,69,9,Paracetamol,Azithromycin,Vitamin C,924,47.02,1
2024-05-21,1007,Myers Group Hospital,Marshallstad,Oklahoma,2,2,455,70,342,276,154,26,94,43,Paracetamol,Azithromycin,Vitamin C,2275,123.91,0
2024-05-22,1040,Miller-Holmes Hospital,Brucehaven,Maine,3,2,239,41,166,556,70,26,62,17,Chloroquine,Artemisinin,Primaquine,478,29.86,1
2024-05-23,1063,Jensen LLC Hospital,Amyton,Florida,5,1,224,24,202,188,56,25,64,18,Ciprofloxacin,Azithromycin,ORS,896,107.45,0
2024-05-24,1015,Douglas PLC Hospital,East Deanmouth,Idaho,0,1,337,70,311,373,93,17,81,37,Remdesivir,Paracetamol,Oxygen Support,1685,83.38,2
2024-05-25,1010,Graves-Young Hospital,New Zachary,Hawaii,2,1,317,26,265,104,92,19,71,17,Paracetamol,Azithromycin,Vitamin C,1585,254.81,0
2024-05-26,1060,Curtis and Sons Hospital,Millerport,Vermont,5,1,221,19,143,584,72,19,58,7,Ciprofloxacin,Azithromycin,ORS,442,24.49,1
2024-05-27,1057,Miles Inc Hospital,North Kristinatown,New Jersey,5,2,264,43,173,284,120,25,45,18,Ciprofloxacin,Azithromycin,ORS,1056,60.92,1
2024-05-28,1052,Hill Inc Hospital,Michelestad,Rhode Island,1,2,211,43,136,218,96,14,38,18,ORS,Platelets,Paracetamol,422,62.39,1
2024-05-29,1083,Macdonald Group Hospital,New Tinamouth,Indiana,0,2,483,56,418,458,213,47,127,17,Remdesivir,Paracetamol,Oxygen Support,2415,91.27,0
2024-05-30,1097,Jones and Sons Hospital,South Timothyside,Mississippi,2,2,160,27,105,339,79,10,41,17,Paracetamol,Azithromycin,Vitamin C,800,30.97,1
2024-05-31,1050,Barnes Group Hospital,Howardview,Maryland,5,0,349,51,239,311,170,31,99,28,Ciprofloxacin,Azithromycin,ORS,1745,76.85,2
2024-06-01,1041,"Jenkins, Smith and Anderson Hospital",Port Cynthia,Massachusetts,1,2,345,59,249,116,148,32,76,37,ORS,Platelets,Paracetamol,1725,214.66,0
2024-06-02,1026,Vasquez LLC Hospital,Joshuafort,Oregon,3,1,240,26,161,376,84,27,53,15,Chloroquine,Artemisinin,Primaquine,960,42.82,1
2024-06-03,1067,French Group Hospital,East Eric,Missouri,3,1,237,23,207,109,94,25,52,14,Chloroquine,Artemisinin,Primaquine,948,189.91,0
2024-06-04,1066,Rivera-Ray Hospital,Herreraland,Delaware,0,0,171,32,152,499,64,17,28,17,Remdesivir,Paracetamol,Oxygen Support,342,30.46,1
2024-06-05,1017,Sims-Harmon Hospital,South John,Texas,1,0,468,80,369,542,210,35,96,62,ORS,Platelets,Paracetamol,2340,68.08,2
2024-06-06,1076,Ruiz Ltd Hospital,Frazierfort,Kentucky,0,0,416,90,340,297,140,25,84,30,Remdesivir,Paracetamol,Oxygen Support,2080,114.48,0
2024-06-07,1094,Norman-Baker Hospital,East Kiara,Idaho,0,2,333,72,301,364,166,31,98,29,Remdesivir,Paracetamol,Oxygen Support,999,82.69,2
2024-06-08,1053,"Contreras, Olson and Smith Hospital",Anthonytown,Montana,0,2,460,59,297,107,214,52,85,22,Remdesivir,Paracetamol,Oxygen Support,1840,277.57,0
2024-06-09,1068,Adams Group Hospital,Michaelland,Louisiana,2,2,364,76,311,431,108,30,82,38,Paracetamol,Azithromycin,Vitamin C,728,72.16,2
2024-06-10,1048,Bates-Brown Hospital,Marissashire,Missouri,2,1,146,24,108,180,48,16,29,9,Paracetamol,Azithromycin,Vitamin C,730,60.0,1
2024-06-11,1095,"Lopez, Dalton and Hart Hospital",Chelseafurt,West Virginia,5,0,313,32,208,165,102,17,55,23,Ciprofloxacin,Azithromycin,ORS,1565,126.06,0
2024-06-12,1032,Martinez Group Hospital,Bensonstad,Illinois,5,2,392,76,371,161,133,27,98,51,Ciprofloxacin,Azithromycin,ORS,1176,230.43,0
2024-06-13,1042,Maddox Inc Hospital,Bryanchester,Illinois,4,0,134,29,119,498,53,12,29,19,Amoxicillin,Azithromycin,Cough Syrup,670,23.9,1
2024-06-14,1055,"Lewis, Jordan and Hudson Hospital",Russellmouth,New Hampshire,3,2,116,22,79,360,26,13,18,10,Chloroquine,Artemisinin,Primaquine,580,21.94,1
2024-06-15,1028,Coleman Inc Hospital,North Omar,Rhode Island,3,0,467,66,341,266,105,24,84,47,Chloroquine,Artemisinin,Primaquine,934,128.2,0
2024-06-16,1064,Hardy and Sons Hospital,Leblanctown,Maine,3,2,347,73,245,149,148,19,85,44,Chloroquine,Artemisinin,Primaquine,1388,164.43,0
2024-06-17,1015,Strickland-Johnson Hospital,Port Angelachester,Arizona,5,2,227,44,201,383,63,21,35,29,Ciprofloxacin,Azithromycin,ORS,681,52.48,1
2024-06-18,1032,Davis-Pacheco Hospital,Wendymouth,Michigan,1,1,249,32,163,407,102,22,39,15,ORS,Platelets,Paracetamol,747,40.05,1
2024-06-19,1017,"Nash, Sanchez and Jordan Hospital",Port Ryanberg,South Dakota,1,2,276,46,170,157,119,24,47,26,ORS,Platelets,Paracetamol,828,108.28,0
2024-06-20,1089,Harrison-Stokes Hospital,New Shannonhaven,Rhode Island,0,2,405,33,303,106,117,38,108,15,Remdesivir,Paracetamol,Oxygen Support,810,285.85,0
2024-06-21,1041,Lewis-Miller Hospital,Port Andrewtown,West Virginia,1,0,318,45,237,498,118,38,61,28,ORS,Platelets,Paracetamol,1272,47.59,1
2024-06-22,1068,"Bishop, George and Nelson Hospital",Michelleshire,Massachusetts,5,1,252,46,184,519,122,17,49,29,Ciprofloxacin,Azithromycin,ORS,756,35.45,1
2024-06-23,1045,Howell and Sons Hospital,East Jacob,Rhode Island,1,0,415,90,373,234,123,28,81,37,ORS,Platelets,Paracetamol,2075,159.4,0
2024-06-24,1095,"King, Mcguire and Dennis Hospital",Kennethland,Arkansas,0,1,307,41,211,438,103,30,88,27,Remdesivir,Paracetamol,Oxygen Support,1535,48.17,1
2024-06-25,1013,"Diaz, Stevens and Campbell Hospital",Port Manuel,South Dakota,2,0,240,41,206,471,119,14,49,22,Paracetamol,Azithromycin,Vitamin C,480,43.74,1
2024-06-26,1022,"Ross, Wilson and Jones Hospital",Lake Scott,Michigan,2,1,386,81,290,541,116,42,96,33,Paracetamol,Azithromycin,Vitamin C,772,53.6,1
2024-06-27,1023,Robinson Ltd Hospital,Lake Lukeberg,Connecticut,4,2,417,51,327,590,130,45,124,31,Amoxicillin,Azithromycin,Cough Syrup,2085,55.42,1
2024-06-28,1075,"Williams, Beck and Williams Hospital",West Eddietown,Maryland,2,0,221,36,197,515,94,19,55,13,Paracetamol,Azithromycin,Vitamin C,884,38.25,1
2024-06-29,1062,Joyce Inc Hospital,East Melissaburgh,Virginia,5,0,207,35,126,512,53,20,37,23,Ciprofloxacin,Azithromycin,ORS,621,24.61,1
2024-06-30,1022,Turner LLC Hospital,Stephanieport,Illinois,2,1,374,76,340,145,117,19,90,26,Paracetamol,Azithromycin,Vitamin C,1496,234.48,0
2024-07-01,1053,"Salazar, Diaz and Kemp Hospital",East Williamland,Georgia,3,0,56,7,48,550,13,5,14,3,Chloroquine,Artemisinin,Primaquine,112,8.73,1
2024-07-02,1065,Brooks PLC Hospital,Port Michaelton,Wyoming,1,1,87,20,69,260,38,8,20,9,ORS,Platelets,Paracetamol,348,26.54,1
2024-07-03,1054,Stokes-Mora Hospital,Port Seanton,West Virginia,2,1,120,11,110,322,55,7,29,8,Paracetamol,Azithromycin,Vitamin C,240,34.16,1
2024-07-04,1091,"Wall, Fischer and Kim Hospital",Jamiechester,Hawaii,1,2,261,32,213,565,84,26,68,23,ORS,Platelets,Paracetamol,1044,37.7,1
2024-07-05,1042,Morris-White Hospital,North Heather,Massachusetts,5,1,64,8,43,481,17,3,9,5,Ciprofloxacin,Azithromycin,ORS,320,8.94,1
2024-07-06,1054,Dennis-Henderson Hospital,Vaughanside,West Virginia,0,1,439,95,390,229,216,33,81,30,Remdesivir,Paracetamol,Oxygen Support,1756,170.31,0
2024-07-07,1052,Travis-Scott Hospital,Anthonyhaven,Nevada,5,2,286,43,178,418,138,15,81,28,Ciprofloxacin,Azithromycin,ORS,1430,42.58,1
2024-07-08,1097,"Long, Hall and Jones Hospital",Floreshaven,Nebraska,4,0,444,87,361,358,93,49,78,40,Amoxicillin,Azithromycin,Cough Syrup,2220,100.84,0
2024-07-09,1040,Sanders Inc Hospital,East Gregory,Arkansas,4,0,219,42,171,164,105,25,41,19,Amoxicillin,Azithromycin,Cough Syrup,438,104.27,0
2024-07-10,1024,Horton-Rice Hospital,Petersonborough,Utah,0,2,279,67,194,164,94,33,47,30,Remdesivir,Paracetamol,Oxygen Support,1116,118.29,0
2024-07-11,1081,"Vasquez, Mays and Humphrey Hospital",East Kimberly,Wyoming,1,0,388,73,335,336,127,32,105,36,ORS,Platelets,Paracetamol,776,99.7,0
2024-07-12,1073,Rojas and Sons Hospital,New Jasminebury,West Virginia,3,1,441,54,360,491,172,25,93,37,Chloroquine,Artemisinin,Primaquine,882,73.32,2
2024-07-13,1011,Espinoza LLC Hospital,Mariomouth,Kentucky,1,2,78,19,64,582,36,4,20,13,ORS,Platelets,Paracetamol,312,11.0,1
2024-07-14,1034,Carroll-Gilmore Hospital,East Shannon,Missouri,4,2,404,59,255,307,162,31,101,39,Amoxicillin,Azithromycin,Cough Syrup,1212,83.06,2
2024-07-15,1056,Rosales-Morales Hospital,North Harrychester,Utah,5,2,474,53,360,456,202,49,106,38,Ciprofloxacin,Azithromycin,ORS,2370,78.95,2
2024-07-16,1019,Daniels Group Hospital,North Jordan,North Dakota,3,2,420,90,327,436,142,46,120,69,Chloroquine,Artemisinin,Primaquine,840,75.0,2
2024-07-17,1042,"Sanchez, Smith and Woods Hospital",East Lisaport,Texas,4,2,357,74,217,207,160,21,104,50,Amoxicillin,Azithromycin,Cough Syrup,1071,104.83,0
2024-07-18,1000,Berger Ltd Hospital,Lake Edwardtown,North Dakota,3,0,241,47,200,374,102,16,67,17,Chloroquine,Artemisinin,Primaquine,1205,53.48,1
2024-07-19,1048,Johnson PLC Hospital,Lake Joshuaburgh,Michigan,5,2,470,102,372,517,176,44,113,36,Ciprofloxacin,Azithromycin,ORS,2350,71.95,2
2024-07-20,1033,"Stewart, Carey and Davis Hospital",Hansonshire,Alaska,2,0,369,72,266,399,125,32,71,34,Paracetamol,Azithromycin,Vitamin C,738,66.67,2
2024-07-21,1035,Miller-Martinez Hospital,West Nicholaschester,Massachusetts,1,1,50,7,42,142,20,3,9,5,ORS,Platelets,Paracetamol,250,29.58,1
2024-07-22,1017,Mercado-Jones Hospital,Hollandstad,Nevada,0,1,233,31,146,343,54,27,39,19,Remdesivir,Paracetamol,Oxygen Support,932,42.57,1
2024-07-23,1070,"Taylor, Stewart and Rhodes Hospital",Port Roger,Michigan,1,0,444,89,420,359,164,31,132,44,ORS,Platelets,Paracetamol,1332,116.99,0
2024-07-24,1086,Greene PLC Hospital,Port Terri,Montana,3,2,344,38,271,420,100,24,98,12,Chloroquine,Artemisinin,Primaquine,688,64.52,1
2024-07-25,1002,Thomas PLC Hospital,Lake Stephaniebury,North Dakota,5,2,438,86,409,216,158,44,103,30,Ciprofloxacin,Azithromycin,ORS,1752,189.35,0
2024-07-26,1012,Foster Group Hospital,Wilsonview,Iowa,2,0,491,70,464,284,205,32,98,28,Paracetamol,Azithromycin,Vitamin C,2455,163.38,0
2024-07-27,1091,Myers-Griffin Hospital,North Ashley,North Dakota,1,2,73,10,56,349,20,8,14,5,ORS,Platelets,Paracetamol,219,16.05,1
2024-07-28,1053,Farrell Group Hospital,Port Amy,Arizona,1,2,467,102,307,181,188,32,78,81,ORS,Platelets,Paracetamol,1868,169.61,0
2024-07-29,1023,Smith Ltd Hospital,East Dawn,Wisconsin,5,2,205,48,177,221,101,14,54,36,Ciprofloxacin,Azithromycin,ORS,615,80.09,2
2024-07-30,1048,Valdez PLC Hospital,East Louis,Louisiana,0,0,406,93,333,330,96,30,72,59,Remdesivir,Paracetamol,Oxygen Support,812,100.91,0
2024-07-31,1027,"Coleman, Kim and Davis Hospital",Jonesside,Maine,5,1,102,24,67,439,27,5,17,10,Ciprofloxacin,Azithromycin,ORS,408,15.26,1
2024-08-01,1071,Valdez PLC Hospital,Lake Jody,Wyoming,0,1,235,53,213,118,97,18,65,26,Remdesivir,Paracetamol,Oxygen Support,940,180.51,0
2024-08-02,1096,Daniels-Wagner Hospital,Kellytown,Alabama,0,1,351,66,219,556,108,32,63,32,Remdesivir,Paracetamol,Oxygen Support,1755,39.39,1
2024-08-03,1013,Patel-Diaz Hospital,Robertton,Arizona,2,1,370,44,304,575,83,33,86,20,Paracetamol,Azithromycin,Vitamin C,1110,52.87,1
2024-08-04,1060,Davis Group Hospital,Owensstad,Maine,0,0,220,45,154,311,86,19,53,28,Remdesivir,Paracetamol,Oxygen Support,1100,49.52,1
2024-08-05,1033,"Watson, Warner and Burgess Hospital",East Gregoryhaven,Kentucky,2,0,136,20,106,508,57,8,25,14,Paracetamol,Azithromycin,Vitamin C,680,20.87,1
2024-08-06,1074,"Zimmerman, Salazar and Martinez Hospital",Allenport,Tennessee,1,1,247,31,181,314,69,18,50,11,ORS,Platelets,Paracetamol,741,57.64,1
2024-08-07,1018,Mcclure-Terry Hospital,Robertfurt,Iowa,5,0,457,100,367,158,140,53,104,42,Ciprofloxacin,Azithromycin,ORS,1371,232.28,0
2024-08-08,1098,Cole-Lewis Hospital,West Paul,Virginia,1,2,181,31,166,410,74,20,45,18,ORS,Platelets,Paracetamol,905,40.49,1
2024-08-09,1045,Wu Group Hospital,Craigburgh,Pennsylvania,4,1,494,48,379,544,121,39,111,35,Amoxicillin,Azithromycin,Cough Syrup,988,69.67,2
2024-08-10,1049,Serrano-Ortiz Hospital,Hodgesberg,Idaho,0,1,277,32,219,171,104,29,82,11,Remdesivir,Paracetamol,Oxygen Support,554,128.07,0
2024-08-11,1013,Lewis Inc Hospital,Payneshire,Nevada,4,2,470,47,318,342,202,32,71,31,Amoxicillin,Azithromycin,Cough Syrup,1880,92.98,0
2024-08-12,1071,Chavez Ltd Hospital,Garretttown,Virginia,0,1,478,50,340,236,112,39,132,22,Remdesivir,Paracetamol,Oxygen Support,1912,144.07,0
2024-08-13,1028,"Munoz, Wolf and Hudson Hospital",Michaeltown,Missouri,4,0,88,17,60,511,17,6,21,6,Amoxicillin,Azithromycin,Cough Syrup,176,11.74,1
2024-08-14,1054,Burgess Inc Hospital,West Philip,Florida,1,0,375,37,274,169,136,35,101,29,ORS,Platelets,Paracetamol,1500,162.13,0
2024-08-15,1032,Smith and Sons Hospital,Perryside,Missouri,0,2,465,112,353,415,206,36,106,36,Remdesivir,Paracetamol,Oxygen Support,1860,85.06,0
2024-08-16,1004,Sanchez Ltd Hospital,Lydiabury,Mississippi,0,0,296,48,202,443,96,18,71,31,Remdesivir,Paracetamol,Oxygen Support,1184,45.6,1
2024-08-17,1050,Sawyer-Ball Hospital,New Kathryn,Ohio,5,1,123,22,79,344,30,12,32,16,Ciprofloxacin,Azithromycin,ORS,492,22.97,1
2024-08-18,1093,Castro-Castro Hospital,Lake Jasonfurt,Alaska,5,2,489,71,387,524,141,48,134,33,Ciprofloxacin,Azithromycin,ORS,2445,73.85,2
2024-08-19,1095,"Wright, Adams and Long Hospital",West Samanthaville,Florida,1,2,120,12,91,114,32,10,25,5,ORS,Platelets,Paracetamol,360,79.82,2
2024-08-20,1084,"Williams, Rosales and Robertson Hospital",North Lindaberg,South Carolina,5,2,161,36,111,218,46,15,30,23,Ciprofloxacin,Azithromycin,ORS,322,50.92,1
2024-08-21,1093,Greene-Hughes Hospital,Jeffreyshire,Kentucky,1,2,158,28,95,507,44,12,24,20,ORS,Platelets,Paracetamol,790,18.74,1
2024-08-22,1088,Dawson-Garcia Hospital,Brandibury,Vermont,0,0,412,98,343,182,181,23,115,66,Remdesivir,Paracetamol,Oxygen Support,1648,188.46,0
2024-08-23,1086,Schmidt-Lam Hospital,Wilkersonberg,Oregon,2,1,67,6,50,583,16,5,14,3,Paracetamol,Azithromycin,Vitamin C,335,8.58,1
2024-08-24,1083,"Snyder, Gonzalez and Rodriguez Hospital",Timothymouth,Connecticut,5,0,340,57,260,391,164,36,69,21,Ciprofloxacin,Azithromycin,ORS,1020,66.5,2
2024-08-25,1052,Silva and Sons Hospital,Perezberg,Georgia,3,1,92,12,56,177,24,10,27,4,Chloroquine,Artemisinin,Primaquine,184,31.64,1
2024-08-26,1082,"Acosta, Hodge and Bond Hospital",Jordantown,Rhode Island,4,0,124,28,88,546,54,14,27,9,Amoxicillin,Azithromycin,Cough Syrup,496,16.12,1
2024-08-27,1011,White-Simpson Hospital,Lake Carolynmouth,Colorado,5,2,102,23,77,240,33,6,26,9,Ciprofloxacin,Azithromycin,ORS,510,32.08,1
2024-08-28,1069,Gomez-Floyd Hospital,Port John,Nebraska,1,2,163,15,138,127,33,15,44,10,ORS,Platelets,Paracetamol,652,108.66,0
2024-08-29,1091,Mayer-Evans Hospital,North Kimberly,Minnesota,5,2,78,11,51,428,31,5,13,5,Ciprofloxacin,Azithromycin,ORS,234,11.92,1
2024-08-30,1087,Roberts-Chang Hospital,South Jeremymouth,Rhode Island,0,2,354,31,277,311,79,21,54,14,Remdesivir,Paracetamol,Oxygen Support,1770,89.07,0
2024-08-31,1075,"Garcia, Newton and Garcia Hospital",Brownview,Montana,2,2,382,47,329,557,174,38,69,25,Paracetamol,Azithromycin,Vitamin C,1528,59.07,1
2024-09-01,1066,Walker PLC Hospital,East Matthewfurt,Hawaii,4,1,300,37,278,385,108,17,47,27,Amoxicillin,Azithromycin,Cough Syrup,600,72.21,2
2024-09-02,1018,Taylor-Gregory Hospital,New Royshire,South Dakota,1,1,370,45,269,245,181,21,79,14,ORS,Platelets,Paracetamol,1110,109.8,0
2024-09-03,1057,Henderson-Winters Hospital,East Elizabeth,New Mexico,0,0,253,60,187,462,103,19,59,30,Remdesivir,Paracetamol,Oxygen Support,1012,40.48,1
2024-09-04,1005,Espinoza-Martin Hospital,Lambertmouth,Kansas,1,1,448,96,269,188,167,40,128,54,ORS,Platelets,Paracetamol,1344,143.09,0
2024-09-05,1058,Rice LLC Hospital,Lake Jonathonport,Delaware,1,1,126,21,76,546,61,7,37,14,ORS,Platelets,Paracetamol,252,13.92,1
2024-09-06,1012,Phillips PLC Hospital,North Davidtown,Georgia,1,2,498,54,335,421,126,41,115,40,ORS,Platelets,Paracetamol,1992,79.57,2
2024-09-07,1031,Greene LLC Hospital,South Jacob,Arizona,3,0,218,52,149,108,55,14,58,36,Chloroquine,Artemisinin,Primaquine,436,137.96,0
2024-09-08,1032,Clark-Villanueva Hospital,North Isaac,Minnesota,4,0,447,100,398,431,102,45,101,77,Amoxicillin,Azithromycin,Cough Syrup,1788,92.34,0
2024-09-09,1017,Mercer Group Hospital,Montoyabury,Connecticut,5,2,260,58,242,233,107,16,40,31,Ciprofloxacin,Azithromycin,ORS,1300,103.86,0
2024-09-10,1011,Adams-Henderson Hospital,West Deanna,North Dakota,0,1,303,42,230,310,120,35,58,29,Remdesivir,Paracetamol,Oxygen Support,1212,74.19,2
2024-09-11,1074,Chandler and Sons Hospital,Kevinview,Kentucky,3,0,337,47,291,537,105,25,90,21,Chloroquine,Artemisinin,Primaquine,1685,54.19,1
2024-09-12,1090,Jones-Hanson Hospital,East Leah,Utah,2,0,361,80,268,448,118,23,84,29,Paracetamol,Azithromycin,Vitamin C,722,59.82,1
2024-09-13,1091,Dunn Group Hospital,West Mario,South Carolina,0,2,328,32,290,416,134,21,57,12,Remdesivir,Paracetamol,Oxygen Support,1312,69.71,2
2024-09-14,1095,Steele-Ellis Hospital,Greerland,Florida,5,0,295,68,261,214,134,29,68,21,Ciprofloxacin,Azithromycin,ORS,590,121.96,0
2024-09-15,1014,"Hensley, Duarte and Baker Hospital",West Brendaport,Georgia,2,1,238,46,207,405,89,28,68,22,Paracetamol,Azithromycin,Vitamin C,714,51.11,1
2024-09-16,1011,Hughes-Reynolds Hospital,Melendezburgh,Iowa,0,1,204,39,182,513,55,20,50,18,Remdesivir,Paracetamol,Oxygen Support,612,35.48,1
2024-09-17,1057,Garza-Griffith Hospital,Amberburgh,Nevada,4,1,437,57,319,253,181,32,105,32,Amoxicillin,Azithromycin,Cough Syrup,2185,126.09,0
2024-09-18,1002,"Jennings, Hopkins and Anderson Hospital",Wendyfort,Alaska,3,2,374,51,252,547,105,37,110,27,Chloroquine,Artemisinin,Primaquine,1122,46.07,1
2024-09-19,1097,Estes-Stephens Hospital,Reginaldhaven,Pennsylvania,2,1,473,60,393,429,187,27,138,23,Paracetamol,Azithromycin,Vitamin C,1892,91.61,0
2024-09-20,1074,Jordan-Gregory Hospital,Johnsonview,South Carolina,3,1,357,32,220,558,119,20,96,23,Chloroquine,Artemisinin,Primaquine,1071,39.43,1
2024-09-21,1001,Williams and Sons Hospital,Frytown,New Jersey,1,0,88,20,71,483,32,10,24,13,ORS,Platelets,Paracetamol,176,14.7,1
2024-09-22,1060,"Bailey, Todd and Cortez Hospital",Pettymouth,North Carolina,5,2,322,75,229,332,90,35,79,53,Ciprofloxacin,Azithromycin,ORS,644,68.98,2
2024-09-23,1041,Haas PLC Hospital,North Michael,Oregon,3,0,234,33,177,481,94,17,60,17,Chloroquine,Artemisinin,Primaquine,1170,36.8,1
2024-09-24,1088,Cain-Martin Hospital,South Mia,Montana,2,2,113,12,76,478,40,11,25,7,Paracetamol,Azithromycin,Vitamin C,452,15.9,1
2024-09-25,1065,"Li, Bonilla and Hall Hospital",New Rogerside,West Virginia,4,0,214,41,177,478,52,16,53,13,Amoxicillin,Azithromycin,Cough Syrup,856,37.03,1
2024-09-26,1041,"Smith, Randolph and Oliver Hospital",Coreyfurt,Iowa,3,2,455,108,291,195,112,23,120,69,Chloroquine,Artemisinin,Primaquine,2275,149.23,0
2024-09-27,1017,"Gomez, Brooks and Villanueva Hospital",West Erin,Delaware,0,1,248,34,203,195,64,25,63,17,Remdesivir,Paracetamol,Oxygen Support,744,104.1,0
2024-09-28,1055,Gonzalez-Bush Hospital,Port Justinview,Arkansas,4,0,88,17,52,574,25,6,14,12,Amoxicillin,Azithromycin,Cough Syrup,440,9.06,1
2024-09-29,1012,Castro-Collins Hospital,Lake Jacobbury,South Dakota,4,2,386,87,236,335,94,32,93,67,Amoxicillin,Azithromycin,Cough Syrup,1930,70.45,2
2024-09-30,1034,"Giles, Richardson and Moses Hospital",Samuelchester,South Dakota,1,2,76,11,57,461,21,7,21,8,ORS,Platelets,Paracetamol,380,12.36,1
2024-10-01,1077,Hughes PLC Hospital,Mcleanmouth,Utah,0,0,146,20,91,545,51,9,29,6,Remdesivir,Paracetamol,Oxygen Support,730,16.7,1
2024-10-02,1087,"Torres, Mason and Taylor Hospital",Rebeccamouth,North Dakota,4,0,236,57,217,287,95,26,50,28,Amoxicillin,Azithromycin,Cough Syrup,1180,75.61,2
2024-10-03,1019,"Mejia, Lee and Garrett Hospital",Parkstad,Kentucky,4,1,115,24,73,394,24,11,30,14,Amoxicillin,Azithromycin,Cough Syrup,575,18.53,1
2024-10-04,1100,Davis-Mitchell Hospital,Washingtonshire,South Carolina,1,0,225,51,183,574,46,25,35,18,ORS,Platelets,Paracetamol,900,31.88,1
2024-10-05,1031,Bailey Ltd Hospital,Williamberg,West Virginia,5,2,94,14,72,317,20,8,16,7,Ciprofloxacin,Azithromycin,ORS,470,22.71,1
2024-10-06,1087,Herrera-Suarez Hospital,East Rebeccachester,Idaho,1,2,267,24,231,204,85,14,75,10,ORS,Platelets,Paracetamol,801,113.24,0
2024-10-07,1081,Bishop-Hernandez Hospital,Lake Antoniotown,Indiana,3,0,454,109,385,241,105,48,83,46,Chloroquine,Artemisinin,Primaquine,1816,159.75,0
2024-10-08,1032,Patel Inc Hospital,Blackville,New Mexico,0,1,72,6,56,216,35,7,18,2,Remdesivir,Paracetamol,Oxygen Support,144,25.93,1
2024-10-09,1051,Brown Group Hospital,Frostberg,Georgia,1,0,287,37,211,335,118,16,64,23,ORS,Platelets,Paracetamol,1148,62.99,1
2024-10-10,1041,Gardner-Haney Hospital,New Donald,Washington,2,2,206,45,185,313,82,16,35,20,Paracetamol,Azithromycin,Vitamin C,824,59.11,1
2024-10-11,1041,"Taylor, Phillips and Scott Hospital",Sanchezfurt,Wyoming,5,2,417,60,306,361,144,39,100,25,Ciprofloxacin,Azithromycin,ORS,1251,84.76,2
2024-10-12,1088,Morales-Dunn Hospital,Thomastown,Vermont,1,0,224,19,144,117,70,19,61,6,ORS,Platelets,Paracetamol,672,123.08,0
2024-10-13,1016,Velez-Bradford Hospital,Rebeccashire,Iowa,0,0,137,25,102,322,37,14,24,9,Remdesivir,Paracetamol,Oxygen Support,411,31.68,1
2024-10-14,1100,Strong and Sons Hospital,East Sydney,Vermont,5,0,390,36,234,285,95,44,87,23,Ciprofloxacin,Azithromycin,ORS,780,82.11,2
2024-10-15,1058,"Thompson, Anderson and Rodriguez Hospital",Gravesborough,New Jersey,0,0,394,62,249,412,109,23,66,27,Remdesivir,Paracetamol,Oxygen Support,788,60.44,1
2024-10-16,1041,Oconnor LLC Hospital,North Steven,California,3,2,271,35,231,396,63,14,49,13,Chloroquine,Artemisinin,Primaquine,1355,58.33,1
2024-10-17,1061,Harrison-Caldwell Hospital,Sarahmouth,Arkansas,5,2,233,21,215,197,107,26,67,11,Ciprofloxacin,Azithromycin,ORS,932,109.14,0
2024-10-18,1076,Fields-Davis Hospital,New Sharonfort,Montana,2,1,457,66,335,480,121,34,119,37,Paracetamol,Azithromycin,Vitamin C,1371,69.79,2
2024-10-19,1033,Young-Turner Hospital,Biancaville,Nevada,1,1,313,50,229,552,123,35,62,28,ORS,Platelets,Paracetamol,939,41.49,1
2024-10-20,1082,"Bishop, Anderson and Romero Hospital",Cooperport,Florida,3,0,330,61,200,347,152,24,51,30,Chloroquine,Artemisinin,Primaquine,660,57.64,1
2024-10-21,1004,Burgess LLC Hospital,East Ryan,Iowa,3,1,217,48,139,349,67,13,57,33,Chloroquine,Artemisinin,Primaquine,434,39.83,1
2024-10-22,1000,"Vega, Smith and Horton Hospital",Lake Kristishire,Maryland,3,1,269,53,181,584,127,24,76,19,Chloroquine,Artemisinin,Primaquine,1345,30.99,1
2024-10-23,1088,Williams-Bolton Hospital,East Patriciaport,Missouri,2,1,330,48,269,595,162,38,85,20,Paracetamol,Azithromycin,Vitamin C,990,45.21,1
2024-10-24,1094,Meadows-Johnson Hospital,Aaronmouth,Florida,1,1,386,45,297,286,133,23,60,34,ORS,Platelets,Paracetamol,1930,103.85,0
2024-10-25,1031,"Adams, Lambert and Roberts Hospital",South Nathan,Nevada,3,0,69,12,42,467,15,4,10,7,Chloroquine,Artemisinin,Primaquine,207,8.99,1
2024-10-26,1071,"West, Hernandez and Miller Hospital",Robertberg,Michigan,4,2,109,14,72,527,29,11,16,4,Amoxicillin,Azithromycin,Cough Syrup,545,13.66,1
2024-10-27,1026,Price PLC Hospital,East Jessicamouth,Minnesota,1,1,315,63,285,589,129,35,89,46,ORS,Platelets,Paracetamol,1260,48.39,1
2024-10-28,1048,Stein-Goodwin Hospital,North Melissamouth,New Hampshire,5,0,422,34,257,492,154,44,123,16,Ciprofloxacin,Azithromycin,ORS,844,52.24,1
2024-10-29,1066,"Shelton, Erickson and Henderson Hospital",Cochranmouth,Michigan,4,1,73,9,54,466,21,4,21,5,Amoxicillin,Azithromycin,Cough Syrup,292,11.59,1
2024-10-30,1090,Lee-Gilmore Hospital,Craigbury,Indiana,3,2,118,15,70,312,30,7,24,10,Chloroquine,Artemisinin,Primaquine,590,22.44,1
2024-10-31,1075,Dean PLC Hospital,Lake Patrick,Hawaii,3,1,462,114,369,579,154,35,127,54,Chloroquine,Artemisinin,Primaquine,1848,63.73,1
2024-11-01,1055,Shields-Rodriguez Hospital,Port Stephen,Virginia,4,0,113,24,70,492,54,9,17,14,Amoxicillin,Azithromycin,Cough Syrup,565,14.23,1
2024-11-02,1072,Fernandez-Garcia Hospital,Vincentshire,Hawaii,1,1,443,58,404,186,159,37,123,36,ORS,Platelets,Paracetamol,2215,217.2,0
2024-11-03,1061,Ramos-Cook Hospital,Lake Kelli,Vermont,0,0,114,19,88,306,27,6,26,6,Remdesivir,Paracetamol,Oxygen Support,228,28.76,1
2024-11-04,1073,"Williams, Tapia and Thomas Hospital",Brownhaven,Louisiana,0,0,225,40,188,132,86,20,62,26,Remdesivir,Paracetamol,Oxygen Support,900,142.42,0
2024-11-05,1036,"Johnson, Wells and Collins Hospital",Lawsonburgh,Ohio,4,2,343,71,284,395,165,37,98,49,Amoxicillin,Azithromycin,Cough Syrup,1715,71.9,2
2024-11-06,1026,Lee PLC Hospital,Cochranview,Wyoming,1,0,477,89,359,493,231,47,122,39,ORS,Platelets,Paracetamol,1431,72.82,2
2024-11-07,1002,Herrera-Cannon Hospital,East Brandonborough,Indiana,0,0,441,85,337,531,108,32,78,53,Remdesivir,Paracetamol,Oxygen Support,1764,63.47,1
2024-11-08,1069,"Lam, Knapp and Hanson Hospital",Parkerside,Tennessee,2,0,484,112,346,476,235,36,94,40,Paracetamol,Azithromycin,Vitamin C,1936,72.69,2
2024-11-09,1028,Landry LLC Hospital,North Benjaminstad,Wyoming,5,1,131,12,90,453,27,11,30,6,Ciprofloxacin,Azithromycin,ORS,655,19.87,1
2024-11-10,1041,Brown Ltd Hospital,Georgefort,Florida,2,2,313,50,188,593,89,32,67,18,Paracetamol,Azithromycin,Vitamin C,1252,31.7,1
2024-11-11,1070,Park-Delacruz Hospital,Port Deborah,Oregon,2,0,114,18,84,436,53,10,33,12,Paracetamol,Azithromycin,Vitamin C,342,19.27,1
2024-11-12,1066,Garcia Inc Hospital,Heatherchester,Virginia,1,1,306,65,221,314,145,28,90,38,ORS,Platelets,Paracetamol,1530,70.38,2
2024-11-13,1084,"Summers, Bass and Garcia Hospital",Carlosland,New Hampshire,5,1,153,30,126,149,60,8,25,13,Ciprofloxacin,Azithromycin,ORS,765,84.56,2
2024-11-14,1006,Lamb-Robles Hospital,Watkinshaven,Ohio,0,1,115,23,71,366,27,11,21,11,Remdesivir,Paracetamol,Oxygen Support,345,19.4,1
2024-11-15,1094,Dawson Ltd Hospital,West Joseph,California,0,0,425,64,310,429,111,30,69,47,Remdesivir,Paracetamol,Oxygen Support,1275,72.26,2
2024-11-16,1089,Powers-Baxter Hospital,Carlosshire,Alabama,0,2,125,17,108,189,33,7,21,6,Remdesivir,Paracetamol,Oxygen Support,625,57.14,1
2024-11-17,1041,Chung-Potter Hospital,Lake Kellyton,Michigan,3,0,407,94,366,502,180,35,85,53,Chloroquine,Artemisinin,Primaquine,2035,72.91,2
2024-11-18,1033,Taylor-Lang Hospital,East Louis,New York,4,1,367,82,329,315,99,40,75,57,Amoxicillin,Azithromycin,Cough Syrup,1468,104.44,0
2024-11-19,1031,"Cochran, Hall and Cooke Hospital",North Crystal,Illinois,3,0,444,45,276,260,154,43,70,27,Chloroquine,Artemisinin,Primaquine,1332,106.15,0
2024-11-20,1093,Paul-Butler Hospital,Justinberg,Mississippi,3,0,454,54,307,174,130,31,84,28,Chloroquine,Artemisinin,Primaquine,2270,176.44,0
2024-11-21,1062,Calhoun-Francis Hospital,Kimberlyshire,Rhode Island,1,2,156,24,115,370,44,13,34,18,ORS,Platelets,Paracetamol,624,31.08,1
2024-11-22,1078,Wright-Garrison Hospital,Smithville,Colorado,4,1,417,76,325,104,112,49,112,26,Amoxicillin,Azithromycin,Cough Syrup,2085,312.5,0
2024-11-23,1052,Wilson-Reynolds Hospital,South Kelli,New Jersey,1,1,264,24,231,112,69,24,77,15,ORS,Platelets,Paracetamol,1056,206.25,0
2024-11-24,1072,Morales Group Hospital,East Nicoleside,Nevada,2,2,163,18,103,248,71,12,39,13,Paracetamol,Azithromycin,Vitamin C,815,41.53,1
2024-11-25,1074,Carlson Group Hospital,Port Ruth,Ohio,3,0,199,16,185,136,73,14,49,12,Chloroquine,Artemisinin,Primaquine,597,136.03,0
2024-11-26,1041,"Blair, Rowe and Poole Hospital",Trevorstad,Utah,3,1,475,65,352,361,140,47,71,20,Chloroquine,Artemisinin,Primaquine,2375,97.51,0
2024-11-27,1000,Thomas Group Hospital,Robertburgh,Massachusetts,5,1,406,68,268,119,115,33,98,34,Ciprofloxacin,Azithromycin,ORS,1218,225.21,0
2024-11-28,1055,Davis LLC Hospital,North Jenny,Vermont,4,0,329,70,305,325,133,22,94,34,Amoxicillin,Azithromycin,Cough Syrup,658,93.85,0
2024-11-29,1087,Armstrong-Larson Hospital,Rogersport,Alabama,0,0,395,61,248,154,193,44,85,47,Remdesivir,Paracetamol,Oxygen Support,1580,161.04,0
2024-11-30,1062,Mann Inc Hospital,Rebekahport,South Dakota,2,2,246,46,185,165,74,26,59,36,Paracetamol,Azithromycin,Vitamin C,984,112.12,0
2024-12-01,1097,Vaughn Ltd Hospital,Campbellburgh,Arkansas,0,2,100,24,82,174,46,10,17,17,Remdesivir,Paracetamol,Oxygen Support,300,47.13,1
2024-12-02,1090,"Fletcher, Gutierrez and Gonzales Hospital",Austinview,New York,3,2,149,24,117,471,63,10,37,8,Chloroquine,Artemisinin,Primaquine,745,24.84,1
2024-12-03,1014,"Decker, Ford and Browning Hospital",Bobbyfort,Alabama,4,2,183,28,167,532,64,13,39,9,Amoxicillin,Azithromycin,Cough Syrup,915,31.39,1
2024-12-04,1071,"Cain, Khan and Taylor Hospital",Toddstad,Tennessee,4,0,197,24,170,336,40,23,47,12,Amoxicillin,Azithromycin,Cough Syrup,591,50.6,1
2024-12-05,1094,Villarreal Group Hospital,Port Andrewbury,Maine,0,0,371,32,239,101,81,21,72,15,Remdesivir,Paracetamol,Oxygen Support,742,236.63,0
2024-12-06,1074,"Parker, Nelson and Lee Hospital",Martineztown,Washington,1,0,80,9,72,377,39,7,13,3,ORS,Platelets,Paracetamol,320,19.1,1
2024-12-07,1057,Long-Torres Hospital,Wattsview,Oregon,2,2,452,57,382,354,96,42,95,38,Paracetamol,Azithromycin,Vitamin C,1808,107.91,0
2024-12-08,1000,Mann-Barber Hospital,East Lydia,Alabama,1,2,141,18,88,500,35,11,25,8,ORS,Platelets,Paracetamol,423,17.6,1
2024-12-09,1088,Wagner-Brady Hospital,South Vickieborough,Oklahoma,4,2,358,34,326,142,151,36,63,26,Amoxicillin,Azithromycin,Cough Syrup,1790,229.58,0
2024-12-10,1063,Wilson LLC Hospital,New Mitchell,Iowa,3,0,275,22,203,491,84,16,46,10,Chloroquine,Artemisinin,Primaquine,1100,41.34,1
2024-12-11,1067,Curry-Simpson Hospital,South Kimberlymouth,Mississippi,3,0,494,113,449,357,157,48,83,40,Chloroquine,Artemisinin,Primaquine,2470,125.77,0
2024-12-12,1074,Roberts-Wiggins Hospital,New Lindamouth,Connecticut,5,0,167,37,158,212,68,10,28,29,Ciprofloxacin,Azithromycin,ORS,835,74.53,2
2024-12-13,1096,Morris LLC Hospital,Douglasstad,South Dakota,0,1,153,29,125,464,61,9,33,19,Remdesivir,Paracetamol,Oxygen Support,612,26.94,1
2024-12-14,1019,"Chavez, Ayala and Garcia Hospital",Michaelaview,Texas,3,0,303,59,238,484,141,28,68,20,Chloroquine,Artemisinin,Primaquine,1212,49.17,1
2024-12-15,1027,Holmes Ltd Hospital,West Samantha,Oregon,4,0,457,50,418,238,200,29,136,32,Amoxicillin,Azithromycin,Cough Syrup,1371,175.63,0
2024-12-16,1014,Garza LLC Hospital,Veronicaport,New Hampshire,0,0,102,17,78,270,47,10,29,6,Remdesivir,Paracetamol,Oxygen Support,408,28.89,1
2024-12-17,1043,Warren-Bush Hospital,Blanchardstad,Ohio,4,1,229,26,151,572,48,23,58,20,Amoxicillin,Azithromycin,Cough Syrup,1145,26.4,1
2024-12-18,1068,White-Christian Hospital,Jacksonmouth,Kansas,5,0,488,94,450,474,200,38,91,53,Ciprofloxacin,Azithromycin,ORS,976,94.94,0
2024-12-19,1019,"Moreno, Hall and Fernandez Hospital",Washingtonberg,Arizona,2,1,304,66,203,449,68,27,51,30,Paracetamol,Azithromycin,Vitamin C,1216,45.21,1
2024-12-20,1023,"Mason, Joseph and Shields Hospital",West Tammy,Michigan,2,1,322,68,232,155,152,35,49,54,Paracetamol,Azithromycin,Vitamin C,1288,149.68,0
2024-12-21,1037,James PLC Hospital,South Walter,Maryland,3,0,401,60,249,108,177,33,91,37,Chloroquine,Artemisinin,Primaquine,1203,230.56,0
2024-12-22,1017,"White, Cruz and Caldwell Hospital",East Leslie,New Mexico,0,1,484,83,305,597,193,26,124,63,Remdesivir,Paracetamol,Oxygen Support,968,51.09,1
2024-12-23,1097,Schwartz Group Hospital,East Mary,California,3,2,53,11,45,346,14,3,11,3,Chloroquine,Artemisinin,Primaquine,212,13.01,1
2024-12-24,1096,"Cummings, Patrick and Wagner Hospital",Adkinsfurt,Utah,2,2,278,66,255,261,122,21,61,48,Paracetamol,Azithromycin,Vitamin C,1112,97.7,0
2024-12-25,1015,Crawford and Sons Hospital,Kevinshire,Montana,1,2,301,70,279,520,122,31,76,35,ORS,Platelets,Paracetamol,602,53.65,1
2024-12-26,1086,"Williams, Potts and Berry Hospital",Glennview,New Mexico,5,0,172,20,141,183,73,10,37,10,Ciprofloxacin,Azithromycin,ORS,516,77.05,2
2024-12-27,1083,Rollins-Cobb Hospital,West Amanda,New Mexico,1,0,59,8,47,471,25,4,9,3,ORS,Platelets,Paracetamol,236,9.98,1
2024-12-28,1046,Vincent Group Hospital,Lake Jason,Missouri,1,2,456,86,320,261,188,54,80,42,ORS,Platelets,Paracetamol,1824,122.61,0
2024-12-29,1050,Washington-Mccullough Hospital,New Aaron,Oklahoma,0,0,250,24,216,403,86,24,38,17,Remdesivir,Paracetamol,Oxygen Support,500,53.6,1
2024-12-30,1012,"Ryan, Smith and Gonzales Hospital",New Jerryshire,North Dakota,1,0,116,21,96,150,47,13,27,6,ORS,Platelets,Paracetamol,348,64.0,1
2024-01-01,1005,Clark Group Hospital,Randyton,Oklahoma,5,2,334,72,288,405,153,21,72,23,Ciprofloxacin,Azithromycin,ORS,1002,71.11,2
2024-01-02,1034,Williams Inc Hospital,New Theresa,Illinois,0,1,449,89,392,579,130,25,95,42,Remdesivir,Paracetamol,Oxygen Support,1347,67.7,2
2024-01-03,1088,Mann Inc Hospital,East Calvinland,Tennessee,0,2,287,70,212,171,139,31,71,23,Remdesivir,Paracetamol,Oxygen Support,861,123.98,0
2024-01-04,1022,"Ho, Pace and Santos Hospital",Foxtown,Georgia,1,1,115,17,98,511,53,12,22,10,ORS,Platelets,Paracetamol,230,19.18,1
2024-01-05,1033,"Morrison, Smith and Koch Hospital",Morrisonview,Indiana,2,0,122,16,111,287,37,6,23,9,Paracetamol,Azithromycin,Vitamin C,244,38.68,1
2024-01-06,1093,Harris Ltd Hospital,East Christopherbury,Mississippi,0,2,442,109,351,364,199,44,105,57,Remdesivir,Paracetamol,Oxygen Support,1768,96.43,0
2024-01-07,1010,Ford PLC Hospital,Hillport,Ohio,3,1,325,43,262,488,82,25,53,13,Chloroquine,Artemisinin,Primaquine,1300,53.69,1
2024-01-08,1093,"Williams, Mclaughlin and Roberts Hospital",Port Richardmouth,Wisconsin,5,2,283,45,178,397,72,25,60,16,Ciprofloxacin,Azithromycin,ORS,1415,44.84,1
2024-01-09,1005,"Owens, Hayes and Wilson Hospital",Garciamouth,New Jersey,0,0,68,13,63,183,30,6,13,8,Remdesivir,Paracetamol,Oxygen Support,204,34.43,1
2024-01-10,1009,Carter-Anderson Hospital,Lake Shawnbury,Kansas,5,2,226,42,161,313,81,25,46,16,Ciprofloxacin,Azithromycin,ORS,904,51.44,1
2024-01-11,1039,"Weber, Wilson and Martinez Hospital",North Michael,South Carolina,0,1,468,94,328,380,99,34,130,57,Remdesivir,Paracetamol,Oxygen Support,1404,86.32,0
2024-01-12,1060,Rosales-Kelly Hospital,East Renee,Delaware,4,1,326,74,227,513,135,19,83,32,Amoxicillin,Azithromycin,Cough Syrup,978,44.25,1
2024-01-13,1002,Turner-Williams Hospital,Kingside,Florida,5,1,353,44,311,289,89,38,97,23,Ciprofloxacin,Azithromycin,ORS,1059,107.61,0
2024-01-14,1043,Thornton PLC Hospital,South Antoniofort,North Carolina,5,1,152,29,111,174,37,11,27,16,Ciprofloxacin,Azithromycin,ORS,608,63.79,1
2024-01-15,1007,"Acosta, Goodman and Rodriguez Hospital",New Natalietown,Idaho,1,0,179,34,146,329,36,13,28,11,ORS,Platelets,Paracetamol,537,44.38,1
2024-01-16,1076,Golden-Shelton Hospital,East Heather,Virginia,0,0,66,8,48,103,22,7,11,5,Remdesivir,Paracetamol,Oxygen Support,132,46.6,1
2024-01-17,1011,York-Curry Hospital,Pughside,Illinois,5,0,369,89,322,198,125,39,82,52,Ciprofloxacin,Azithromycin,ORS,1476,162.63,0
2024-01-18,1014,"Jennings, Henry and Phillips Hospital",Samanthashire,North Dakota,1,0,485,108,311,271,162,30,133,56,ORS,Platelets,Paracetamol,1940,114.76,0
2024-01-19,1069,Johnson-Townsend Hospital,Charlesfort,Massachusetts,4,2,360,58,259,535,146,18,78,29,Amoxicillin,Azithromycin,Cough Syrup,1080,48.41,1
2024-01-20,1058,Lang and Sons Hospital,Fordshire,West Virginia,4,2,205,49,182,225,96,21,41,33,Amoxicillin,Azithromycin,Cough Syrup,820,80.89,2
2024-01-21,1100,Rodriguez-Rodriguez Hospital,Amandatown,Delaware,4,2,238,29,150,261,66,15,60,18,Amoxicillin,Azithromycin,Cough Syrup,714,57.47,1
2024-01-22,1022,Byrd-Andersen Hospital,Carrollchester,Maine,3,1,449,49,411,184,128,30,96,25,Chloroquine,Artemisinin,Primaquine,1347,223.37,0
2024-01-23,1061,Adams-Jones Hospital,Joseside,Massachusetts,5,1,466,87,343,217,125,30,107,42,Ciprofloxacin,Azithromycin,ORS,2330,158.06,0
2024-01-24,1041,"Kerr, Baker and Carter Hospital",Escobarside,Michigan,2,2,415,37,378,553,165,22,105,12,Paracetamol,Azithromycin,Vitamin C,1660,68.35,2
2024-01-25,1051,Wheeler-Cooper Hospital,North Jasonland,Missouri,5,0,177,38,133,563,84,16,51,23,Ciprofloxacin,Azithromycin,ORS,354,23.62,1
2024-01-26,1001,Graves LLC Hospital,South Thomas,Colorado,1,1,201,21,152,598,59,19,51,7,ORS,Platelets,Paracetamol,402,25.42,1
2024-01-27,1081,"Jimenez, Dominguez and Johnson Hospital",Isaiahport,Wisconsin,3,2,58,6,35,242,13,5,14,4,Chloroquine,Artemisinin,Primaquine,174,14.46,1
2024-01-28,1010,"Miller, Lee and Schneider Hospital",West Charles,West Virginia,2,2,420,43,286,385,119,27,79,32,Paracetamol,Azithromycin,Vitamin C,1260,74.29,2
2024-01-29,1022,Brown Ltd Hospital,Port Justin,Arkansas,4,1,306,66,258,149,107,31,68,45,Amoxicillin,Azithromycin,Cough Syrup,612,173.15,0
2024-01-30,1093,Winters Ltd Hospital,West Jasonbury,New York,5,2,287,58,187,582,92,15,50,46,Ciprofloxacin,Azithromycin,ORS,1435,32.13,1
2024-01-31,1071,Young-Brown Hospital,Christinaborough,Kansas,5,0,273,43,240,480,71,20,71,19,Ciprofloxacin,Azithromycin,ORS,1365,50.0,1
2024-02-01,1061,"Perry, Garcia and Williams Hospital",South Angela,Montana,5,0,359,37,222,581,164,33,90,25,Ciprofloxacin,Azithromycin,ORS,718,38.21,1
2024-02-02,1033,Kirby Inc Hospital,New Gregory,North Carolina,4,0,414,92,338,406,150,33,85,67,Amoxicillin,Azithromycin,Cough Syrup,828,83.25,2
2024-02-03,1095,"Gillespie, Mclean and Patton Hospital",North Lindaport,Vermont,0,2,54,9,47,295,24,4,9,3,Remdesivir,Paracetamol,Oxygen Support,270,15.93,1
2024-02-04,1045,"Nunez, Cortez and Christian Hospital",North Sarah,Virginia,1,2,343,43,287,323,99,23,102,30,ORS,Platelets,Paracetamol,1372,88.85,0
2024-02-05,1029,"Riley, Smith and Diaz Hospital",Ellisfort,Colorado,5,2,101,13,72,385,32,8,16,6,Ciprofloxacin,Azithromycin,ORS,303,18.7,1
2024-02-06,1013,"Reyes, Adams and Stokes Hospital",West Travis,Minnesota,5,2,398,98,351,381,116,33,70,30,Ciprofloxacin,Azithromycin,ORS,1194,92.13,0
2024-02-07,1029,Lowe-Sanders Hospital,Jenniferside,Utah,2,1,80,11,55,445,38,9,19,7,Paracetamol,Azithromycin,Vitamin C,320,12.36,1
2024-02-08,1099,"Macias, Adams and Gregory Hospital",North Jonathan,Indiana,4,0,310,27,241,311,119,29,62,17,Amoxicillin,Azithromycin,Cough Syrup,1550,77.49,2
2024-02-09,1027,Acosta-Nunez Hospital,South Christopher,Louisiana,1,2,343,62,265,352,130,22,81,49,ORS,Platelets,Paracetamol,1372,75.28,2
2024-02-10,1021,"Munoz, Blake and Gray Hospital",Evansport,Kansas,5,2,460,104,339,149,196,35,93,75,Ciprofloxacin,Azithromycin,ORS,920,227.52,0
2024-02-11,1010,"Harrington, Beck and Morris Hospital",Loganmouth,Vermont,3,0,445,100,304,366,219,26,123,32,Chloroquine,Artemisinin,Primaquine,1335,83.06,2
2024-02-12,1008,Baxter and Sons Hospital,Taylormouth,Minnesota,4,0,271,66,227,318,75,18,75,44,Amoxicillin,Azithromycin,Cough Syrup,1355,71.38,2
2024-02-13,1028,Mathis-Jacobs Hospital,Cunninghamburgh,Colorado,5,0,182,45,122,577,67,16,30,26,Ciprofloxacin,Azithromycin,ORS,728,21.14,1
2024-02-14,1056,Robertson-Aguirre Hospital,Port James,Wisconsin,5,2,77,11,49,269,19,6,12,7,Ciprofloxacin,Azithromycin,ORS,231,18.22,1
2024-02-15,1044,Gonzalez Ltd Hospital,North Chelsea,Vermont,0,1,114,12,94,160,27,7,29,7,Remdesivir,Paracetamol,Oxygen Support,456,58.75,1
2024-02-16,1017,Mcgrath-Johnson Hospital,Aprilbury,Texas,0,2,110,17,73,593,28,7,18,10,Remdesivir,Paracetamol,Oxygen Support,220,12.31,1
2024-02-17,1060,"Harris, Sullivan and Lucas Hospital",East Marioland,South Carolina,5,2,182,41,119,556,89,10,43,31,Ciprofloxacin,Azithromycin,ORS,728,21.4,1
2024-02-18,1015,George PLC Hospital,Edwardhaven,Alabama,0,0,250,44,199,513,74,12,48,26,Remdesivir,Paracetamol,Oxygen Support,1000,38.79,1
2024-02-19,1022,"Horton, Craig and Fuentes Hospital",New Rebecca,New York,3,1,87,18,53,226,41,4,16,9,Chloroquine,Artemisinin,Primaquine,261,23.45,1
2024-02-20,1058,"Cruz, Bryant and Wilson Hospital",Wendytown,Indiana,2,2,365,63,258,195,104,32,65,36,Paracetamol,Azithromycin,Vitamin C,1095,132.31,0
2024-02-21,1071,"Thomas, Smith and Hart Hospital",Robertstad,Delaware,2,1,389,35,348,358,109,19,111,25,Paracetamol,Azithromycin,Vitamin C,1945,97.21,0
2024-02-22,1001,"Hale, Martin and Peterson Hospital",West Brendaside,North Dakota,2,1,446,94,274,267,109,46,73,36,Paracetamol,Azithromycin,Vitamin C,1338,102.62,0
2024-02-23,1087,Sanchez-Farmer Hospital,Mooreborough,Kansas,0,0,449,43,402,517,154,48,82,20,Remdesivir,Paracetamol,Oxygen Support,1347,77.76,2
2024-02-24,1024,Warren-Li Hospital,New Judyborough,Kentucky,0,2,437,64,408,177,170,50,89,22,Remdesivir,Paracetamol,Oxygen Support,2185,230.51,0
2024-02-25,1069,Carpenter-Sandoval Hospital,East Tonychester,Pennsylvania,0,0,395,75,306,394,183,38,111,53,Remdesivir,Paracetamol,Oxygen Support,790,77.66,2
2024-02-26,1069,"Smith, Williamson and Jennings Hospital",East Joeville,Arizona,2,1,407,42,268,451,131,26,87,27,Paracetamol,Azithromycin,Vitamin C,1221,59.42,1
2024-02-27,1027,Garcia-Weaver Hospital,Port Chadborough,Ohio,1,2,286,58,234,154,127,24,43,42,ORS,Platelets,Paracetamol,572,151.95,0
2024-02-28,1000,Garner-Wright Hospital,Port Juanview,Idaho,0,0,167,41,136,243,59,15,46,23,Remdesivir,Paracetamol,Oxygen Support,835,55.97,1
2024-02-29,1036,Lyons Ltd Hospital,East Danny,Iowa,3,2,352,37,319,503,92,19,78,28,Chloroquine,Artemisinin,Primaquine,1408,63.42,1
2024-03-01,1063,Russell PLC Hospital,Edwardbury,Kentucky,5,2,302,26,208,451,136,32,84,19,Ciprofloxacin,Azithromycin,ORS,1208,46.12,1
2024-03-02,1018,Moore-Shelton Hospital,North Brianfurt,Vermont,2,1,406,97,267,396,151,33,117,40,Paracetamol,Azithromycin,Vitamin C,812,67.42,2
2024-03-03,1006,Sampson-Harrington Hospital,Lake Nicholasbury,Nebraska,3,1,348,62,214,546,86,35,96,38,Chloroquine,Artemisinin,Primaquine,1044,39.19,1
2024-03-04,1059,Duncan and Sons Hospital,Lake Gregoryshire,Hawaii,5,0,178,32,168,451,48,11,32,10,Ciprofloxacin,Azithromycin,ORS,534,37.25,1
2024-03-05,1001,Russell-Jenkins Hospital,East Christina,Nevada,4,0,185,15,140,328,54,18,43,11,Amoxicillin,Azithromycin,Cough Syrup,370,42.68,1
2024-03-06,1051,Le-Lewis Hospital,Huntermouth,Oregon,4,1,308,58,237,584,119,32,47,19,Amoxicillin,Azithromycin,Cough Syrup,1540,40.58,1
2024-03-07,1092,Hall-Meyer Hospital,Michaelhaven,Louisiana,5,2,324,26,245,320,98,17,69,19,Ciprofloxacin,Azithromycin,ORS,1296,76.56,2
2024-03-08,1025,Lozano Inc Hospital,North Matthew,North Carolina,4,2,220,28,180,463,80,21,36,21,Amoxicillin,Azithromycin,Cough Syrup,660,38.88,1
2024-03-09,1098,Adams-Smith Hospital,Lake Jamesside,Maine,5,0,411,72,336,494,147,21,97,46,Ciprofloxacin,Azithromycin,ORS,1233,68.02,2
2024-03-10,1066,"Henry, Garcia and Lin Hospital",West Karen,Iowa,0,0,183,26,173,136,55,21,34,13,Remdesivir,Paracetamol,Oxygen Support,366,127.21,0
2024-03-11,1086,Stanley Group Hospital,North Jonathan,South Dakota,3,1,488,84,411,203,224,34,88,36,Chloroquine,Artemisinin,Primaquine,2440,202.46,0
2024-03-12,1024,"Sheppard, Cox and Dixon Hospital",South Lisa,Pennsylvania,3,1,226,31,175,154,80,19,61,14,Chloroquine,Artemisinin,Primaquine,1130,113.64,0
2024-03-13,1042,Jacobson Ltd Hospital,Lake Christopher,Indiana,3,1,380,83,297,386,126,26,76,30,Chloroquine,Artemisinin,Primaquine,1520,76.94,2
2024-03-14,1070,Lam LLC Hospital,Zacharymouth,Utah,0,0,474,70,309,524,227,38,113,35,Remdesivir,Paracetamol,Oxygen Support,948,58.97,1
2024-03-15,1027,Small-Atkinson Hospital,Timothychester,Florida,3,0,332,45,266,153,152,29,63,21,Chloroquine,Artemisinin,Primaquine,664,173.86,0
2024-03-16,1009,Hammond and Sons Hospital,Brandonport,Vermont,0,1,353,74,326,584,170,31,83,45,Remdesivir,Paracetamol,Oxygen Support,1765,55.82,1
2024-03-17,1065,"Jackson, Bennett and Bailey Hospital",Hillberg,Iowa,0,0,296,26,208,158,62,15,75,11,Remdesivir,Paracetamol,Oxygen Support,1184,131.65,0
2024-03-18,1064,"Hickman, Smith and Brennan Hospital",Port Andreafurt,Pennsylvania,0,0,202,18,126,207,73,18,55,9,Remdesivir,Paracetamol,Oxygen Support,606,60.87,1
2024-03-19,1033,Morales Ltd Hospital,Christophertown,North Carolina,4,2,383,49,244,220,170,41,81,30,Amoxicillin,Azithromycin,Cough Syrup,1532,110.91,0
2024-03-20,1064,"Johnson, Beltran and Alexander Hospital",Conniebury,Maine,2,0,446,93,308,570,153,47,73,63,Paracetamol,Azithromycin,Vitamin C,2230,54.04,1
2024-03-21,1096,Kane Inc Hospital,Jaclynmouth,Delaware,0,0,138,32,98,384,36,9,21,17,Remdesivir,Paracetamol,Oxygen Support,690,25.52,1
2024-03-22,1051,"Davis, Frost and Buchanan Hospital",East Robert,Arkansas,0,2,473,89,337,450,128,42,75,48,Remdesivir,Paracetamol,Oxygen Support,1419,74.89,2
2024-03-23,1020,"Avila, Dyer and Pollard Hospital",West Bryanland,Maine,2,0,256,41,179,448,104,18,56,25,Paracetamol,Azithromycin,Vitamin C,512,39.96,1
2024-03-24,1080,"Francis, Lewis and Gallagher Hospital",New Michaelport,Rhode Island,3,2,107,24,87,471,42,12,18,17,Chloroquine,Artemisinin,Primaquine,321,18.47,1
2024-03-25,1051,Jones-Robles Hospital,Mathisbury,Missouri,3,2,84,9,59,384,24,4,15,6,Chloroquine,Artemisinin,Primaquine,168,15.36,1
2024-03-26,1012,Austin-Maxwell Hospital,Lake Alejandra,Alaska,3,0,244,46,167,205,107,15,56,30,Chloroquine,Artemisinin,Primaquine,732,81.46,2
2024-03-27,1083,Lutz-Garcia Hospital,North Douglas,Nebraska,1,0,390,81,245,407,97,30,85,59,ORS,Platelets,Paracetamol,1950,60.2,1
2024-03-28,1036,"Barrett, Lynch and Hale Hospital",North Jenna,Rhode Island,0,1,82,10,53,171,20,4,13,7,Remdesivir,Paracetamol,Oxygen Support,410,30.99,1
2024-03-29,1027,Benson-Huang Hospital,Julieside,Oregon,0,1,279,57,203,224,85,19,62,36,Remdesivir,Paracetamol,Oxygen Support,558,90.62,0
2024-03-30,1051,Flynn and Sons Hospital,East Camerontown,Pennsylvania,3,2,283,47,224,343,91,20,64,21,Chloroquine,Artemisinin,Primaquine,1132,65.31,2
2024-03-31,1007,Moreno-Medina Hospital,Leland,Ohio,0,2,421,49,263,534,89,27,105,15,Remdesivir,Paracetamol,Oxygen Support,842,49.25,1
2024-04-01,1047,Johnson-Barton Hospital,Richardtown,South Dakota,2,1,301,64,208,190,131,27,56,34,Paracetamol,Azithromycin,Vitamin C,1204,109.47,0
2024-04-02,1083,Ross Group Hospital,West Ashley,South Dakota,4,0,348,79,221,491,167,28,65,52,Amoxicillin,Azithromycin,Cough Syrup,1392,45.01,1
2024-04-03,1001,Lester-Powell Hospital,Samuelstad,Pennsylvania,1,1,423,37,275,213,184,27,116,12,ORS,Platelets,Paracetamol,1692,129.11,0
2024-04-04,1006,"Taylor, Taylor and Wright Hospital",Toddville,Missouri,5,1,343,72,211,138,95,19,52,53,Ciprofloxacin,Azithromycin,ORS,1715,152.9,0
2024-04-05,1100,Salazar Inc Hospital,East Paula,Maryland,1,0,497,92,322,240,156,37,92,33,ORS,Platelets,Paracetamol,1988,134.17,0
2024-04-06,1021,"Diaz, Campbell and Holmes Hospital",East Davidton,Indiana,3,0,138,16,120,351,45,10,37,8,Chloroquine,Artemisinin,Primaquine,414,34.19,1
2024-04-07,1009,Stone and Sons Hospital,South Andrea,Oklahoma,3,2,263,37,183,307,67,28,60,12,Chloroquine,Artemisinin,Primaquine,1052,59.61,1
2024-04-08,1050,Sanchez-Contreras Hospital,North Alyssaburgh,Minnesota,4,2,95,10,86,476,44,8,21,3,Amoxicillin,Azithromycin,Cough Syrup,380,18.07,1
2024-04-09,1070,Weeks-Cooley Hospital,Thomasstad,Texas,5,1,437,56,385,357,129,29,70,29,Ciprofloxacin,Azithromycin,ORS,874,107.84,0
2024-04-10,1087,Blair-Hamilton Hospital,Carrieshire,Nebraska,3,0,228,55,171,386,85,21,58,26,Chloroquine,Artemisinin,Primaquine,1140,44.3,1
2024-04-11,1012,Cox Group Hospital,Port Josephmouth,Alabama,0,1,245,31,161,319,53,26,43,11,Remdesivir,Paracetamol,Oxygen Support,980,50.47,1
2024-04-12,1075,Carrillo-Graves Hospital,Lake Eric,Louisiana,1,2,340,58,263,225,137,21,52,45,ORS,Platelets,Paracetamol,1700,116.89,0
2024-04-13,1000,"Morris, Werner and Ellis Hospital",Brandonhaven,Idaho,1,1,153,17,117,149,57,15,29,11,ORS,Platelets,Paracetamol,612,78.52,2
2024-04-14,1055,"Martin, Roberts and Hester Hospital",Lauraton,North Dakota,5,1,205,26,169,105,71,12,42,13,Ciprofloxacin,Azithromycin,ORS,1025,160.95,0
2024-04-15,1062,Paul Ltd Hospital,East Melanie,Maine,5,1,231,38,186,338,108,17,52,23,Ciprofloxacin,Azithromycin,ORS,693,55.03,1
2024-04-16,1020,"Jimenez, Booth and Nunez Hospital",Webstermouth,Washington,4,1,449,60,411,191,141,51,102,42,Amoxicillin,Azithromycin,Cough Syrup,1347,215.18,0
2024-04-17,1030,"Bridges, Roberts and Nelson Hospital",Andreatown,West Virginia,2,0,54,11,35,375,12,4,12,4,Paracetamol,Azithromycin,Vitamin C,270,9.33,1
2024-04-18,1048,Murphy PLC Hospital,Jasonbury,Michigan,3,2,166,36,108,507,45,18,29,14,Chloroquine,Artemisinin,Primaquine,830,21.3,1
2024-04-19,1059,"Brown, Greene and Campbell Hospital",Johnsonport,Arizona,4,1,251,44,180,293,89,14,41,18,Amoxicillin,Azithromycin,Cough Syrup,753,61.43,1
2024-04-20,1061,"Alvarado, Nelson and Guerra Hospital",Cooleyton,Oregon,1,1,442,92,382,246,92,23,88,34,ORS,Platelets,Paracetamol,1768,155.28,0
2024-04-21,1008,"Edwards, Osborn and Ballard Hospital",Pattersonchester,Kansas,5,1,444,63,322,553,160,25,132,31,Ciprofloxacin,Azithromycin,ORS,1776,58.23,1
2024-04-22,1089,Martinez-Smith Hospital,North Rachel,Nevada,2,1,166,20,153,528,57,12,31,9,Paracetamol,Azithromycin,Vitamin C,498,28.98,1
2024-04-23,1042,"Orozco, Miller and White Hospital",Evanston,Oregon,2,1,361,64,301,378,95,33,100,34,Paracetamol,Azithromycin,Vitamin C,722,79.63,2
2024-04-24,1066,Ramos PLC Hospital,Johntown,New Jersey,1,0,343,51,240,502,110,17,75,38,ORS,Platelets,Paracetamol,686,47.81,1
2024-04-25,1095,"Grant, Tanner and Jones Hospital",North Paulmouth,Louisiana,5,0,237,52,209,283,103,25,64,31,Ciprofloxacin,Azithromycin,ORS,1185,73.85,2
2024-04-26,1061,Sanford Inc Hospital,Thomasport,Colorado,3,1,253,45,238,321,64,17,44,30,Chloroquine,Artemisinin,Primaquine,1012,74.14,2
2024-04-27,1056,Thomas Inc Hospital,Buckleyberg,Rhode Island,2,2,64,13,57,554,27,4,14,4,Paracetamol,Azithromycin,Vitamin C,128,10.29,1
2024-04-28,1050,Vargas-Smith Hospital,South Douglas,Utah,0,0,207,33,126,390,89,17,40,16,Remdesivir,Paracetamol,Oxygen Support,621,32.31,1
2024-04-29,1039,Parker PLC Hospital,Port Jessicachester,South Carolina,1,1,148,27,139,107,34,17,31,9,ORS,Platelets,Paracetamol,296,129.91,0
2024-04-30,1074,Williams-Buchanan Hospital,New Robert,Alabama,5,2,362,51,244,275,73,18,65,34,Ciprofloxacin,Azithromycin,ORS,724,88.73,0
2024-05-01,1050,Jackson and Sons Hospital,Lake Courtney,Illinois,0,2,134,26,116,327,66,13,37,16,Remdesivir,Paracetamol,Oxygen Support,536,35.47,1
2024-05-02,1070,Robinson-Nelson Hospital,Lake Marissaberg,California,1,1,144,14,112,218,44,14,30,10,ORS,Platelets,Paracetamol,576,51.38,1
2024-05-03,1016,Thompson-Dickerson Hospital,Hallside,North Dakota,5,2,386,91,264,380,93,38,59,44,Ciprofloxacin,Azithromycin,ORS,1930,69.47,2
2024-05-04,1083,Velazquez-Walter Hospital,North Deannamouth,Oregon,5,1,108,15,72,322,50,12,27,6,Ciprofloxacin,Azithromycin,ORS,324,22.36,1
2024-05-05,1042,Davis PLC Hospital,South Johnmouth,New Jersey,3,2,233,22,206,212,64,16,63,17,Chloroquine,Artemisinin,Primaquine,466,97.17,0
2024-05-06,1099,Jones and Sons Hospital,East Anthonyview,Illinois,0,2,51,6,30,531,18,4,13,2,Remdesivir,Paracetamol,Oxygen Support,153,5.65,1
2024-05-07,1028,"Soto, Jones and Wilkerson Hospital",Port James,New Jersey,4,1,341,37,226,219,91,39,96,11,Amoxicillin,Azithromycin,Cough Syrup,1705,103.2,0
2024-05-08,1024,"Smith, Ingram and Ramirez Hospital",Pettyside,Minnesota,0,0,58,12,36,548,12,6,10,5,Remdesivir,Paracetamol,Oxygen Support,116,6.57,1
2024-05-09,1079,Brooks and Sons Hospital,Williamschester,Alabama,4,0,183,43,149,596,65,16,36,22,Amoxicillin,Azithromycin,Cough Syrup,366,25.0,1
2024-05-10,1063,Navarro Inc Hospital,Williamside,Virginia,2,2,372,34,277,210,178,18,83,26,Paracetamol,Azithromycin,Vitamin C,744,131.9,0
2024-05-11,1031,"Johnson, Dunlap and Vasquez Hospital",Ashleychester,Kentucky,5,0,358,73,218,347,74,37,88,44,Ciprofloxacin,Azithromycin,ORS,716,62.82,1
2024-05-12,1021,"Dean, Wiggins and Beard Hospital",North Paula,Nevada,0,0,278,67,193,325,73,20,78,21,Remdesivir,Paracetamol,Oxygen Support,1390,59.38,1
2024-05-13,1033,"Perry, Carter and Wilson Hospital",East Colleenville,New York,4,2,192,45,157,437,42,20,29,35,Amoxicillin,Azithromycin,Cough Syrup,960,35.93,1
2024-05-14,1097,Humphrey and Sons Hospital,Nealland,Colorado,2,0,89,17,70,227,31,8,15,10,Paracetamol,Azithromycin,Vitamin C,445,30.84,1
2024-05-15,1037,Farmer-Wise Hospital,Christopherborough,Virginia,3,1,151,34,119,248,70,8,32,25,Chloroquine,Artemisinin,Primaquine,755,47.98,1
2024-05-16,1045,Bradley and Sons Hospital,West Jamieburgh,Michigan,2,0,194,23,154,477,43,13,31,16,Paracetamol,Azithromycin,Vitamin C,582,32.29,1
2024-05-17,1080,"Garcia, Parker and Hudson Hospital",Alanborough,Mississippi,1,2,175,31,105,523,81,11,47,20,ORS,Platelets,Paracetamol,350,20.08,1
2024-05-18,1080,"Hansen, Wilson and Miller Hospital",Hendersonchester,Pennsylvania,3,2,137,32,85,241,67,9,29,10,Chloroquine,Artemisinin,Primaquine,274,35.27,1
2024-05-19,1009,"Arnold, Murphy and Spencer Hospital",Lake Tiffanyville,Alaska,5,2,384,33,295,277,118,21,110,10,Ciprofloxacin,Azithromycin,ORS,1536,106.5,0
2024-05-20,1086,Carson Inc Hospital,Morsechester,Alaska,3,0,63,14,49,123,28,3,18,10,Chloroquine,Artemisinin,Primaquine,252,39.84,1
2024-05-21,1001,Jenkins-Jones Hospital,Barnesborough,Idaho,4,1,292,44,213,283,76,32,49,18,Amoxicillin,Azithromycin,Cough Syrup,876,75.27,2
2024-05-22,1082,Barnett-Hobbs Hospital,Josephchester,Vermont,0,0,452,108,386,427,221,28,120,76,Remdesivir,Paracetamol,Oxygen Support,904,90.4,0
2024-05-23,1036,Reed-Robinson Hospital,East Stephenside,Illinois,5,1,360,53,289,359,80,37,66,38,Ciprofloxacin,Azithromycin,ORS,720,80.5,2
2024-05-24,1000,Rhodes Inc Hospital,New Katherine,New Hampshire,3,2,137,28,96,419,67,7,38,16,Chloroquine,Artemisinin,Primaquine,685,22.91,1
2024-05-25,1100,Carter-Howell Hospital,Jasonview,Washington,1,2,310,43,188,113,126,34,75,13,ORS,Platelets,Paracetamol,1550,166.37,0
2024-05-26,1068,Myers Ltd Hospital,Hayeshaven,New Jersey,1,1,429,92,404,371,155,35,68,69,ORS,Platelets,Paracetamol,858,108.89,0
2024-05-27,1062,Barnett-Terrell Hospital,West Mark,Vermont,1,2,320,32,283,506,84,26,91,12,ORS,Platelets,Paracetamol,640,55.93,1
2024-05-28,1048,Hodge-King Hospital,New Katherineburgh,Kentucky,1,2,268,41,236,161,76,20,52,25,ORS,Platelets,Paracetamol,1340,146.58,0
2024-05-29,1066,Cruz Ltd Hospital,Turnerview,New York,4,0,119,11,106,318,26,8,25,7,Amoxicillin,Azithromycin,Cough Syrup,357,33.33,1
2024-05-30,1062,Jones Group Hospital,Conradhaven,New Jersey,2,2,359,54,249,115,138,40,79,40,Paracetamol,Azithromycin,Vitamin C,1436,216.52,0
2024-05-31,1006,Deleon Inc Hospital,Dwayneside,Montana,3,2,185,17,116,500,37,21,41,9,Chloroquine,Artemisinin,Primaquine,370,23.2,1
2024-06-01,1070,"Johnston, Lee and Lee Hospital",Port Kelly,Utah,1,1,478,103,322,155,148,42,132,47,ORS,Platelets,Paracetamol,1912,207.74,0
2024-06-02,1044,Jones and Sons Hospital,North Whitneychester,West Virginia,3,2,150,12,115,345,57,17,39,6,Chloroquine,Artemisinin,Primaquine,600,33.33,1
2024-06-03,1054,"Lowe, Wagner and Hayes Hospital",North Derekburgh,Colorado,2,2,156,19,114,131,60,17,28,14,Paracetamol,Azithromycin,Vitamin C,468,87.02,0
2024-06-04,1053,Wilkinson Inc Hospital,Jenniferborough,West Virginia,5,1,275,22,228,261,128,19,42,11,Ciprofloxacin,Azithromycin,ORS,1100,87.36,0
2024-06-05,1079,Jackson-Bowman Hospital,Maytown,Arizona,4,1,63,8,37,203,13,6,17,3,Amoxicillin,Azithromycin,Cough Syrup,252,18.23,1
2024-06-06,1092,"Frank, Harris and Horton Hospital",New Peterfort,Colorado,2,2,475,94,433,407,130,52,116,57,Paracetamol,Azithromycin,Vitamin C,950,106.39,0
2024-06-07,1057,Paul-Barton Hospital,Lake William,Oklahoma,3,0,478,98,360,398,216,27,77,46,Chloroquine,Artemisinin,Primaquine,1434,90.45,0
2024-06-08,1095,Gutierrez Group Hospital,Kennedyville,Connecticut,0,0,221,47,173,559,87,20,49,30,Remdesivir,Paracetamol,Oxygen Support,884,30.95,1
2024-06-09,1069,"Jimenez, Jones and Kennedy Hospital",Swansonton,Connecticut,2,1,394,39,318,515,112,46,102,16,Paracetamol,Azithromycin,Vitamin C,1182,61.75,1
2024-06-10,1040,"Castillo, Rice and Curtis Hospital",Kimberlychester,Kansas,4,1,318,65,249,116,73,26,53,31,Amoxicillin,Azithromycin,Cough Syrup,1590,214.66,0
2024-06-11,1077,Nelson Ltd Hospital,South Lisa,North Carolina,0,2,442,104,317,279,168,47,121,34,Remdesivir,Paracetamol,Oxygen Support,884,113.62,0
2024-06-12,1050,Campbell-Hernandez Hospital,North Timothytown,New Jersey,1,2,287,50,260,583,91,26,57,18,ORS,Platelets,Paracetamol,1435,44.6,1
2024-06-13,1000,Miller-Cox Hospital,East Stephanieland,Wisconsin,0,0,380,79,305,594,180,21,106,42,Remdesivir,Paracetamol,Oxygen Support,1900,51.35,1
2024-06-14,1047,"Jimenez, Rhodes and Hernandez Hospital",Brennanbury,Washington,5,2,218,25,132,305,55,18,54,11,Ciprofloxacin,Azithromycin,ORS,1090,43.28,1
2024-06-15,1095,Munoz-Kelley Hospital,Garciaborough,Iowa,5,0,295,49,277,376,77,28,70,35,Ciprofloxacin,Azithromycin,ORS,1180,73.67,2
2024-06-16,1017,Caldwell-Nelson Hospital,Espinozachester,Pennsylvania,5,2,263,57,198,371,119,19,50,36,Ciprofloxacin,Azithromycin,ORS,526,53.37,1
2024-06-17,1049,"Hernandez, Patterson and Cantrell Hospital",Brittanyton,Michigan,5,1,300,41,237,519,100,35,76,15,Ciprofloxacin,Azithromycin,ORS,1500,45.66,1
2024-06-18,1095,Hamilton Inc Hospital,New Amy,New York,4,1,385,50,308,506,90,29,60,39,Amoxicillin,Azithromycin,Cough Syrup,1155,60.87,1
2024-06-19,1073,Kim-Gonzales Hospital,Port Rebecca,Indiana,5,2,445,36,396,400,131,46,73,11,Ciprofloxacin,Azithromycin,ORS,2225,99.0,0
2024-06-20,1040,Wright-Young Hospital,Port Nancy,Michigan,2,1,319,30,200,213,77,16,63,10,Paracetamol,Azithromycin,Vitamin C,1595,93.9,0
2024-06-21,1041,"Brown, Stewart and Cooper Hospital",Ivanville,Massachusetts,4,1,314,44,289,439,144,30,70,18,Amoxicillin,Azithromycin,Cough Syrup,628,65.83,2
2024-06-22,1030,Jones-Fuller Hospital,Port Philip,New Mexico,0,1,148,27,126,112,53,9,28,15,Remdesivir,Paracetamol,Oxygen Support,740,112.5,0
2024-06-23,1061,Hardin Inc Hospital,Williamsborough,Montana,1,1,330,77,249,265,140,20,70,58,ORS,Platelets,Paracetamol,660,93.96,0
2024-06-24,1081,Porter PLC Hospital,North Stephanieville,Michigan,2,0,68,6,48,581,21,5,16,3,Paracetamol,Azithromycin,Vitamin C,204,8.26,1
2024-06-25,1043,Brown-House Hospital,East Derek,Delaware,5,1,155,17,125,420,46,10,32,12,Ciprofloxacin,Azithromycin,ORS,465,29.76,1
2024-06-26,1083,Fletcher-Dixon Hospital,Collinsborough,New Jersey,2,0,184,43,113,384,63,13,30,17,Paracetamol,Azithromycin,Vitamin C,736,29.43,1
2024-06-27,1014,"Martinez, Hernandez and Marks Hospital",South Jennifer,Connecticut,1,0,221,24,209,268,68,21,50,18,ORS,Platelets,Paracetamol,442,77.99,2
2024-06-28,1013,"Kim, Serrano and Santos Hospital",Mcdowellstad,Arkansas,3,2,238,41,167,137,73,12,69,21,Chloroquine,Artemisinin,Primaquine,1190,121.9,0
2024-06-29,1092,Dalton PLC Hospital,Joshuaview,Maryland,3,1,56,11,38,536,20,5,15,4,Chloroquine,Artemisinin,Primaquine,112,7.09,1
2024-06-30,1005,Shaw Inc Hospital,Lake Johnburgh,Delaware,1,1,431,53,265,109,204,30,90,32,ORS,Platelets,Paracetamol,1724,243.12,0
2024-07-01,1003,Lynch-Palmer Hospital,Patriciachester,Washington,5,0,52,12,37,297,13,3,10,7,Ciprofloxacin,Azithromycin,ORS,208,12.46,1
2024-07-02,1054,Anderson-Wolfe Hospital,Port Geoffrey,Alabama,5,1,458,50,283,347,203,32,80,27,Ciprofloxacin,Azithromycin,ORS,2290,81.56,2
2024-07-03,1097,Schaefer-Sanders Hospital,North Amanda,Kansas,5,2,53,11,41,185,16,5,14,7,Ciprofloxacin,Azithromycin,ORS,106,22.16,1
2024-07-04,1067,Davidson-May Hospital,South Richardport,Indiana,5,2,59,14,46,547,28,4,9,5,Ciprofloxacin,Azithromycin,ORS,236,8.41,1
2024-07-05,1052,Hill-Mendez Hospital,Scottmouth,New Hampshire,1,1,349,83,277,331,74,24,88,56,ORS,Platelets,Paracetamol,1047,83.69,2
2024-07-06,1005,Taylor-Mcmahon Hospital,Lake Edward,Vermont,5,1,364,31,343,516,79,40,63,15,Ciprofloxacin,Azithromycin,ORS,1456,66.47,2
2024-07-07,1010,"Hanson, Christian and Jones Hospital",East Davidmouth,Montana,1,1,81,9,60,551,36,7,17,3,ORS,Platelets,Paracetamol,243,10.89,1
2024-07-08,1067,Wallace and Sons Hospital,North Nathanielville,Michigan,5,2,464,66,427,352,111,50,127,38,Ciprofloxacin,Azithromycin,ORS,2320,121.31,0
2024-07-09,1074,Spencer-Brown Hospital,New Alisonview,California,1,0,158,27,117,156,59,16,26,21,ORS,Platelets,Paracetamol,790,75.0,2
2024-07-10,1079,Tucker Ltd Hospital,Jonburgh,Maryland,5,2,315,36,221,468,135,16,74,24,Ciprofloxacin,Azithromycin,ORS,630,47.22,1
2024-07-11,1005,Hale LLC Hospital,Jensenchester,Nevada,1,0,355,70,305,397,94,27,106,35,ORS,Platelets,Paracetamol,1775,76.83,2
2024-07-12,1066,"Boone, Peters and White Hospital",South Robertshire,Wisconsin,4,0,312,63,228,566,82,18,83,20,Amoxicillin,Azithromycin,Cough Syrup,624,40.28,1
2024-07-13,1012,Chavez-Harrington Hospital,New Rebeccaberg,Oklahoma,1,0,152,15,118,196,61,13,35,7,ORS,Platelets,Paracetamol,456,60.2,1
2024-07-14,1048,Henderson PLC Hospital,Chavezshire,Utah,1,0,171,30,105,338,80,19,37,12,ORS,Platelets,Paracetamol,684,31.07,1
2024-07-15,1023,"Vargas, Rogers and Watson Hospital",Bowersport,Washington,3,1,134,27,87,224,36,8,26,12,Chloroquine,Artemisinin,Primaquine,670,38.84,1
2024-07-16,1051,Nelson and Sons Hospital,New Ashley,Wisconsin,4,0,358,29,322,430,109,30,65,19,Amoxicillin,Azithromycin,Cough Syrup,1790,74.88,2
2024-07-17,1069,Downs Group Hospital,Kristenberg,South Carolina,1,2,58,6,52,175,23,3,12,4,ORS,Platelets,Paracetamol,116,29.71,1
2024-07-18,1077,"Herman, Delgado and Gomez Hospital",West Claire,Missouri,4,1,186,20,173,238,45,16,43,8,Amoxicillin,Azithromycin,Cough Syrup,558,72.69,2
2024-07-19,1060,Edwards and Sons Hospital,South Gabrielachester,Nebraska,1,2,69,13,48,503,23,5,11,4,ORS,Platelets,Paracetamol,345,9.54,1
2024-07-20,1038,"Anderson, Morris and Smith Hospital",West Nicole,Idaho,0,0,191,35,119,171,79,18,40,16,Remdesivir,Paracetamol,Oxygen Support,382,69.59,2
2024-07-21,1086,Gray-Jimenez Hospital,Snydershire,New Jersey,5,2,111,9,66,308,51,12,29,2,Ciprofloxacin,Azithromycin,ORS,555,21.43,1
2024-07-22,1001,Mckenzie and Sons Hospital,South Sara,New York,5,0,248,32,164,460,121,14,59,22,Ciprofloxacin,Azithromycin,ORS,1240,35.65,1
2024-07-23,1096,"Snow, Carter and Collins Hospital",South Christina,Connecticut,2,0,89,10,53,519,28,7,18,4,Paracetamol,Azithromycin,Vitamin C,178,10.21,1
2024-07-24,1039,Strickland Ltd Hospital,Hernandezland,South Dakota,2,1,163,13,124,489,60,16,29,9,Paracetamol,Azithromycin,Vitamin C,815,25.36,1
2024-07-25,1068,Garcia-Leonard Hospital,West Amy,Montana,1,0,485,38,354,522,122,37,89,27,ORS,Platelets,Paracetamol,1455,67.82,2
2024-07-26,1047,"Howard, Brown and Hernandez Hospital",New Darrell,Kentucky,0,1,392,77,346,341,139,26,89,59,Remdesivir,Paracetamol,Oxygen Support,1960,101.47,0
2024-07-27,1013,Rich LLC Hospital,Dustinfort,Connecticut,3,0,62,8,40,476,21,7,14,5,Chloroquine,Artemisinin,Primaquine,124,8.4,1
2024-07-28,1027,Gentry Group Hospital,East Antonio,Washington,5,0,383,30,302,118,167,31,85,13,Ciprofloxacin,Azithromycin,ORS,1915,255.93,0
2024-07-29,1083,"Morrison, Greene and Coleman Hospital",New Michellemouth,Mississippi,0,1,299,41,281,294,134,27,78,25,Remdesivir,Paracetamol,Oxygen Support,897,95.58,0
2024-07-30,1016,"Thornton, Mora and Martinez Hospital",Lake Brian,Montana,3,2,411,84,300,329,186,33,61,63,Chloroquine,Artemisinin,Primaquine,2055,91.19,0
2024-07-31,1034,Baker-Berg Hospital,Jessicamouth,Vermont,4,0,202,42,179,172,78,15,57,16,Amoxicillin,Azithromycin,Cough Syrup,1010,104.07,0
2024-08-01,1061,"Kelley, Nelson and Oneal Hospital",Maureenfort,Vermont,1,2,463,55,368,495,168,24,120,32,ORS,Platelets,Paracetamol,926,74.34,2
2024-08-02,1095,Porter-Jackson Hospital,East Lynn,Minnesota,3,2,368,80,226,262,94,24,101,36,Chloroquine,Artemisinin,Primaquine,736,86.26,0
2024-08-03,1067,Wyatt PLC Hospital,North Michaela,Iowa,1,1,459,59,276,266,146,38,135,45,ORS,Platelets,Paracetamol,1377,103.76,0
2024-08-04,1090,Munoz LLC Hospital,Greenmouth,Alaska,0,2,305,76,216,244,85,30,69,56,Remdesivir,Paracetamol,Oxygen Support,610,88.52,0
2024-08-05,1039,"Hawkins, Weeks and Hansen Hospital",Hopkinsville,North Carolina,3,1,182,21,149,288,50,19,30,15,Chloroquine,Artemisinin,Primaquine,910,51.74,1
2024-08-06,1018,"Phillips, Kane and Martinez Hospital",East Amy,Indiana,4,0,156,13,114,212,55,17,24,4,Amoxicillin,Azithromycin,Cough Syrup,312,53.77,1
2024-08-07,1096,Williams Ltd Hospital,West Elijahtown,Pennsylvania,3,1,468,73,390,181,207,31,93,24,Chloroquine,Artemisinin,Primaquine,1404,215.47,0
2024-08-08,1059,Beck-Cervantes Hospital,Lake Gregorymouth,North Carolina,4,0,298,32,185,378,108,17,73,9,Amoxicillin,Azithromycin,Cough Syrup,596,48.94,1
2024-08-09,1002,Collier-Shaw Hospital,Robertstad,Michigan,4,1,303,29,274,576,149,34,65,16,Amoxicillin,Azithromycin,Cough Syrup,1515,47.57,1
2024-08-10,1015,Brown PLC Hospital,Jessicaside,Nevada,2,0,484,61,389,512,233,49,83,39,Paracetamol,Azithromycin,Vitamin C,968,75.98,2
2024-08-11,1074,Wood-Mack Hospital,Jessicaville,Vermont,2,2,428,49,392,177,132,31,98,18,Paracetamol,Azithromycin,Vitamin C,2140,221.47,0
2024-08-12,1049,"Miller, Rivera and Smith Hospital",New Andrea,Alaska,1,2,220,31,159,309,64,21,45,18,ORS,Platelets,Paracetamol,440,51.46,1
2024-08-13,1081,Mueller Group Hospital,Jacksonmouth,New Jersey,3,0,351,65,318,131,146,27,64,30,Chloroquine,Artemisinin,Primaquine,1755,242.75,0
2024-08-14,1089,Singh-King Hospital,Nealbury,New Mexico,5,2,325,75,275,258,150,29,96,36,Ciprofloxacin,Azithromycin,ORS,650,106.59,0
2024-08-15,1045,Shaw Ltd Hospital,Rachaelburgh,Washington,0,0,243,36,217,597,121,22,49,27,Remdesivir,Paracetamol,Oxygen Support,729,36.35,1
2024-08-16,1061,Schmitt Ltd Hospital,Christopherburgh,Tennessee,3,0,313,41,293,509,72,26,70,20,Chloroquine,Artemisinin,Primaquine,1252,57.56,1
2024-08-17,1065,Hudson Group Hospital,Pittsfurt,New Hampshire,4,2,461,66,295,428,122,42,133,41,Amoxicillin,Azithromycin,Cough Syrup,1383,68.93,2
2024-08-18,1075,Glass-Williams Hospital,Teresahaven,California,4,0,433,85,336,368,105,50,115,59,Amoxicillin,Azithromycin,Cough Syrup,2165,91.3,0
2024-08-19,1050,Williams-Daniels Hospital,North Gavin,Pennsylvania,5,2,123,29,110,571,55,8,21,23,Ciprofloxacin,Azithromycin,ORS,246,19.26,1
2024-08-20,1037,"Barber, Gould and Smith Hospital",Bryanmouth,Oregon,1,1,408,83,333,478,130,25,102,36,ORS,Platelets,Paracetamol,2040,69.67,2
2024-08-21,1068,Lewis-Mcknight Hospital,Estesborough,Wyoming,2,0,315,78,210,519,70,23,64,25,Paracetamol,Azithromycin,Vitamin C,1260,40.46,1
2024-08-22,1011,"Duncan, Salazar and Smith Hospital",Josephmouth,South Dakota,0,0,176,15,114,121,57,15,47,10,Remdesivir,Paracetamol,Oxygen Support,528,94.21,0
2024-08-23,1028,Turner-Moore Hospital,Donaldshire,Tennessee,4,2,203,32,141,346,84,22,52,23,Amoxicillin,Azithromycin,Cough Syrup,812,40.75,1
2024-08-24,1087,Powell and Sons Hospital,East Susanborough,Nebraska,3,0,328,63,223,556,131,35,63,38,Chloroquine,Artemisinin,Primaquine,656,40.11,1
2024-08-25,1093,Hardin Group Hospital,Walkerside,New York,3,1,264,52,209,584,115,15,41,22,Chloroquine,Artemisinin,Primaquine,1320,35.79,1
2024-08-26,1064,Herring Inc Hospital,Thompsontown,Arizona,5,1,249,43,180,322,112,26,47,14,Ciprofloxacin,Azithromycin,ORS,1245,55.9,1
2024-08-27,1001,Walker and Sons Hospital,North Jared,Illinois,5,0,475,59,296,152,206,26,85,46,Ciprofloxacin,Azithromycin,ORS,1900,194.74,0
2024-08-28,1048,Wilkerson Inc Hospital,Kathleenborough,Kansas,1,2,67,11,62,391,17,6,15,5,ORS,Platelets,Paracetamol,268,15.86,1
2024-08-29,1006,"Davidson, Madden and Baker Hospital",Jeffreychester,Utah,2,1,322,74,263,517,158,20,61,24,Paracetamol,Azithromycin,Vitamin C,966,50.87,1
2024-08-30,1003,Patterson-Schmitt Hospital,Port Katherineshire,Connecticut,2,0,89,11,80,234,40,8,18,3,Paracetamol,Azithromycin,Vitamin C,445,34.19,1
2024-08-31,1034,Zavala-Olson Hospital,South Jonathanburgh,Washington,2,1,284,31,220,209,99,27,51,14,Paracetamol,Azithromycin,Vitamin C,568,105.26,0
2024-09-01,1052,Bishop-Gonzalez Hospital,North Katherinefurt,North Carolina,3,2,335,49,317,342,71,34,54,28,Chloroquine,Artemisinin,Primaquine,1675,92.69,0
2024-09-02,1085,"Vasquez, Jones and Castillo Hospital",South Marvinchester,North Carolina,3,2,472,95,447,404,123,30,117,64,Chloroquine,Artemisinin,Primaquine,944,110.64,0
2024-09-03,1047,Hudson-Elliott Hospital,North Jeffrey,Hawaii,3,0,193,38,165,232,83,22,56,19,Chloroquine,Artemisinin,Primaquine,965,71.12,2
2024-09-04,1006,"Williams, Bishop and White Hospital",Shellyberg,New Hampshire,5,2,243,44,191,231,66,24,55,27,Ciprofloxacin,Azithromycin,ORS,486,82.68,2
2024-09-05,1033,Arroyo-Kerr Hospital,Lindsaybury,Minnesota,3,0,224,38,139,170,82,13,35,18,Chloroquine,Artemisinin,Primaquine,448,81.76,2
2024-09-06,1059,Riley and Sons Hospital,North Christopherfurt,South Carolina,1,2,383,73,337,506,180,44,96,50,ORS,Platelets,Paracetamol,766,66.6,2
2024-09-07,1028,Fischer-Hart Hospital,West Jennifer,Virginia,3,0,98,16,65,280,37,10,16,9,Chloroquine,Artemisinin,Primaquine,490,23.21,1
2024-09-08,1058,"Trujillo, Alvarado and Weeks Hospital",Lake Isaac,Georgia,0,1,447,100,330,316,138,34,100,36,Remdesivir,Paracetamol,Oxygen Support,1341,104.43,0
2024-09-09,1044,Williams-Ortiz Hospital,South Kirk,Wisconsin,4,1,337,57,275,128,98,25,58,43,Amoxicillin,Azithromycin,Cough Syrup,1011,214.84,0
2024-09-10,1085,"Neal, Morgan and Jones Hospital",East Sara,Indiana,4,0,215,42,135,149,50,15,47,29,Amoxicillin,Azithromycin,Cough Syrup,645,90.6,0
2024-09-11,1031,Hardy and Sons Hospital,North Sean,Nevada,2,0,326,71,244,422,151,16,92,53,Paracetamol,Azithromycin,Vitamin C,652,57.82,1
2024-09-12,1033,Morris-Ball Hospital,East Jennifermouth,Maryland,3,0,57,11,52,553,27,5,11,4,Chloroquine,Artemisinin,Primaquine,114,9.4,1
2024-09-13,1081,Howard-Watkins Hospital,Johnchester,New York,3,1,333,72,212,580,67,39,76,38,Chloroquine,Artemisinin,Primaquine,666,36.55,1
2024-09-14,1063,"Wilson, Henson and Raymond Hospital",Cortezberg,Ohio,1,0,93,19,68,234,43,6,19,10,ORS,Platelets,Paracetamol,186,29.06,1
2024-09-15,1056,Lewis-Hall Hospital,Port Jacqueline,Hawaii,1,2,256,22,229,305,65,16,68,14,ORS,Platelets,Paracetamol,1024,75.08,2
2024-09-16,1010,Nguyen-Davis Hospital,Port Tiffanyshire,Nebraska,4,1,243,40,229,133,99,25,67,23,Amoxicillin,Azithromycin,Cough Syrup,729,172.18,0
2024-09-17,1024,"Johnson, Campbell and Taylor Hospital",Greenchester,Louisiana,2,2,408,66,301,377,197,37,87,38,Paracetamol,Azithromycin,Vitamin C,2040,79.84,2
2024-09-18,1073,Clark PLC Hospital,Amymouth,Michigan,1,0,291,65,255,280,92,17,49,45,ORS,Platelets,Paracetamol,582,91.07,0
2024-09-19,1079,"Estrada, Roman and Hunter Hospital",Jamesview,South Dakota,3,2,148,14,100,571,52,15,35,7,Chloroquine,Artemisinin,Primaquine,592,17.51,1
2024-09-20,1007,Chan Group Hospital,Gabrielview,Washington,2,2,232,39,141,231,106,16,59,20,Paracetamol,Azithromycin,Vitamin C,1160,61.04,1
2024-09-21,1048,Valdez LLC Hospital,Clarktown,Connecticut,5,0,324,64,297,196,115,20,64,27,Ciprofloxacin,Azithromycin,ORS,648,151.53,0
2024-09-22,1024,Tanner-Griffith Hospital,West Stephenmouth,Georgia,2,1,209,31,158,299,74,14,45,18,Paracetamol,Azithromycin,Vitamin C,418,52.84,1
2024-09-23,1028,French-Mcpherson Hospital,East Graceberg,Idaho,4,1,282,47,199,492,61,17,83,26,Amoxicillin,Azithromycin,Cough Syrup,1128,40.45,1
2024-09-24,1023,Kemp-Maldonado Hospital,Janetfort,Utah,1,1,113,21,69,192,36,6,24,10,ORS,Platelets,Paracetamol,452,35.94,1
2024-09-25,1006,"Flores, Lamb and Murray Hospital",Thomasland,Iowa,4,1,328,72,229,315,158,18,72,44,Amoxicillin,Azithromycin,Cough Syrup,656,72.7,2
2024-09-26,1092,Phillips-Bennett Hospital,Waltonport,Ohio,3,1,112,24,92,166,40,12,31,15,Chloroquine,Artemisinin,Primaquine,560,55.42,1
2024-09-27,1085,"Wright, Evans and Simmons Hospital",Anthonyland,Connecticut,4,2,446,95,341,257,168,44,113,52,Amoxicillin,Azithromycin,Cough Syrup,1784,132.68,0
2024-09-28,1032,Brown Group Hospital,West Earl,Vermont,0,1,485,112,334,156,194,24,116,76,Remdesivir,Paracetamol,Oxygen Support,1940,214.1,0
2024-09-29,1021,Hooper and Sons Hospital,Patriciaburgh,Montana,3,0,411,90,309,493,176,29,71,32,Chloroquine,Artemisinin,Primaquine,1233,62.68,1
2024-09-30,1000,Lewis and Sons Hospital,Port Cody,Alabama,5,1,213,51,165,176,84,15,57,29,Ciprofloxacin,Azithromycin,ORS,639,93.75,0
2024-10-01,1099,Mejia-Ewing Hospital,North Kenneth,Idaho,5,0,346,35,284,415,154,24,94,12,Ciprofloxacin,Azithromycin,ORS,1730,68.43,2
2024-10-02,1084,Ray-Brown Hospital,Michellechester,Indiana,0,1,395,34,306,293,116,37,93,22,Remdesivir,Paracetamol,Oxygen Support,1975,104.44,0
2024-10-03,1022,Miller Group Hospital,Melissafort,South Dakota,4,1,50,12,31,345,16,2,14,7,Amoxicillin,Azithromycin,Cough Syrup,150,8.99,1
2024-10-04,1021,"Smith, Woodward and Davis Hospital",Harperstad,Hawaii,2,1,97,17,70,550,30,9,22,8,Paracetamol,Azithromycin,Vitamin C,388,12.73,1
2024-10-05,1066,Day Ltd Hospital,Vazquezmouth,New Jersey,3,2,437,40,326,227,166,33,106,20,Chloroquine,Artemisinin,Primaquine,1748,143.61,0
2024-10-06,1006,Harrison Inc Hospital,Perezborough,North Dakota,0,2,415,53,252,518,171,38,90,18,Remdesivir,Paracetamol,Oxygen Support,830,48.65,1
2024-10-07,1097,"Cameron, Lewis and Morse Hospital",Carlosside,Kansas,3,2,218,39,137,231,81,21,51,12,Chloroquine,Artemisinin,Primaquine,872,59.31,1
2024-10-08,1024,Navarro-Dudley Hospital,North Marcus,Georgia,0,1,469,92,397,144,123,27,136,30,Remdesivir,Paracetamol,Oxygen Support,1407,275.69,0
2024-10-09,1043,Richardson-Stevens Hospital,New Ambermouth,Mississippi,4,1,391,53,311,186,175,30,99,15,Amoxicillin,Azithromycin,Cough Syrup,782,167.2,0
2024-10-10,1064,Alvarado-Snyder Hospital,North Johnport,Montana,1,1,123,26,98,423,48,14,35,15,ORS,Platelets,Paracetamol,492,23.17,1
2024-10-11,1001,Hunter PLC Hospital,Stevenmouth,California,2,1,177,34,166,139,72,14,47,26,Paracetamol,Azithromycin,Vitamin C,531,119.42,0
2024-10-12,1071,Burns-Thomas Hospital,New Christinaburgh,Iowa,1,1,235,44,181,204,75,27,44,18,ORS,Platelets,Paracetamol,940,88.73,0
2024-10-13,1010,"Tucker, Calderon and Donovan Hospital",Deannaport,Georgia,4,1,454,71,277,288,175,40,91,31,Amoxicillin,Azithromycin,Cough Syrup,1362,96.18,0
2024-10-14,1067,"Pierce, Costa and Miller Hospital",Mitchellmouth,Michigan,4,0,110,15,99,550,39,9,23,6,Amoxicillin,Azithromycin,Cough Syrup,440,18.0,1
2024-10-15,1042,Bond-Wallace Hospital,South Kimberly,South Dakota,3,1,66,16,48,237,25,3,17,12,Chloroquine,Artemisinin,Primaquine,330,20.25,1
2024-10-16,1021,Johnson LLC Hospital,South Matthew,Maine,4,1,492,108,434,300,126,32,117,75,Amoxicillin,Azithromycin,Cough Syrup,984,144.67,0
2024-10-17,1060,"Oneal, Allen and Perry Hospital",Mooreberg,Delaware,0,0,393,94,321,145,154,45,104,55,Remdesivir,Paracetamol,Oxygen Support,786,221.38,0
2024-10-18,1026,Turner-Gilbert Hospital,Albertland,Kansas,2,1,260,51,231,350,99,15,49,36,Paracetamol,Azithromycin,Vitamin C,1040,66.0,2
2024-10-19,1006,Hart PLC Hospital,Bakerland,Colorado,5,1,383,40,343,187,148,27,86,22,Ciprofloxacin,Azithromycin,ORS,766,183.42,0
2024-10-20,1054,"Romero, Wood and Carroll Hospital",Madisonville,Nebraska,0,0,204,44,174,248,43,12,49,28,Remdesivir,Paracetamol,Oxygen Support,612,70.16,2
2024-10-21,1000,"Kerr, Krause and Rangel Hospital",East Jonathan,Ohio,0,1,124,21,95,296,29,9,27,11,Remdesivir,Paracetamol,Oxygen Support,496,32.09,1
2024-10-22,1074,Davis Inc Hospital,Raymondberg,California,0,1,188,31,162,465,85,16,51,21,Remdesivir,Paracetamol,Oxygen Support,752,34.84,1
2024-10-23,1083,"Jackson, Hernandez and Webb Hospital",Karenport,Tennessee,4,2,263,49,204,513,86,24,42,31,Amoxicillin,Azithromycin,Cough Syrup,1315,39.77,1
2024-10-24,1080,Stewart-Peters Hospital,South Ericside,Arkansas,0,1,282,50,176,600,130,26,81,16,Remdesivir,Paracetamol,Oxygen Support,1128,29.33,1
2024-10-25,1019,"Curry, Johnson and Hensley Hospital",South Ericland,Kansas,3,2,103,24,97,193,43,6,21,7,Chloroquine,Artemisinin,Primaquine,515,50.26,1
2024-10-26,1027,"Lewis, Shepherd and White Hospital",North Marc,Wisconsin,4,0,175,19,117,428,63,9,31,11,Amoxicillin,Azithromycin,Cough Syrup,875,27.34,1
2024-10-27,1088,Taylor Inc Hospital,Alisonville,Massachusetts,0,2,228,34,138,281,81,25,49,19,Remdesivir,Paracetamol,Oxygen Support,684,49.11,1
2024-10-28,1090,Snow-Wall Hospital,Ramirezport,Virginia,3,2,232,44,214,366,60,20,48,20,Chloroquine,Artemisinin,Primaquine,696,58.47,1
2024-10-29,1063,Harris Group Hospital,East Kristenborough,Ohio,3,0,494,62,311,292,225,50,112,39,Chloroquine,Artemisinin,Primaquine,2470,106.51,0
2024-10-30,1014,Sullivan PLC Hospital,Foxhaven,Oregon,1,1,286,40,241,342,81,28,77,13,ORS,Platelets,Paracetamol,1144,70.47,2
2024-10-31,1044,"Hammond, Webster and Dixon Hospital",West Monica,North Dakota,3,0,424,93,382,252,195,44,119,30,Chloroquine,Artemisinin,Primaquine,1696,151.59,0
2024-11-01,1028,Hampton-Brown Hospital,North Matthew,Montana,2,1,155,20,110,347,63,15,37,7,Paracetamol,Azithromycin,Vitamin C,465,31.7,1
2024-11-02,1060,Smith-Green Hospital,East Tamaraview,Hawaii,5,2,468,79,373,196,139,38,81,45,Ciprofloxacin,Azithromycin,ORS,2340,190.31,0
2024-11-03,1027,Chase Ltd Hospital,Jenniferland,Delaware,4,2,153,20,106,387,32,17,25,9,Amoxicillin,Azithromycin,Cough Syrup,612,27.39,1
2024-11-04,1052,Sellers-Navarro Hospital,Walkerfurt,New Jersey,0,1,430,88,340,357,185,26,85,57,Remdesivir,Paracetamol,Oxygen Support,2150,95.24,0
2024-11-05,1080,Shannon Ltd Hospital,New Devon,Virginia,5,0,238,34,176,340,108,15,52,14,Ciprofloxacin,Azithromycin,ORS,476,51.76,1
2024-11-06,1057,Evans-Henry Hospital,Jasonville,Wisconsin,2,2,195,25,161,103,45,12,53,9,Paracetamol,Azithromycin,Vitamin C,780,156.31,0
2024-11-07,1014,Duncan Ltd Hospital,Lake Joshualand,Florida,4,0,323,72,293,270,71,37,50,36,Amoxicillin,Azithromycin,Cough Syrup,1292,108.52,0
2024-11-08,1079,Yang-Randolph Hospital,Zacharybury,South Dakota,2,0,340,72,252,443,77,36,67,55,Paracetamol,Azithromycin,Vitamin C,1020,56.88,1
2024-11-09,1042,"Payne, Washington and Ford Hospital",West Jamesmouth,Oklahoma,2,1,169,15,138,150,56,9,46,8,Paracetamol,Azithromycin,Vitamin C,507,92.0,0
2024-11-10,1013,"Hobbs, Pearson and Martinez Hospital",South Thomasport,Kansas,0,2,231,29,207,131,80,13,50,14,Remdesivir,Paracetamol,Oxygen Support,693,158.02,0
2024-11-11,1076,"Hunt, Swanson and Durham Hospital",New Samuel,Colorado,4,1,389,53,337,359,122,26,91,21,Amoxicillin,Azithromycin,Cough Syrup,1945,93.87,0
2024-11-12,1061,Chandler and Sons Hospital,Alexville,Ohio,1,2,479,62,329,487,205,43,121,46,ORS,Platelets,Paracetamol,1916,67.56,2
2024-11-13,1026,Mcneil-Wise Hospital,Michelleland,Michigan,0,2,246,43,192,143,93,22,56,15,Remdesivir,Paracetamol,Oxygen Support,1230,134.27,0
2024-11-14,1074,"Holland, Lee and Norris Hospital",North Danafurt,Vermont,1,1,231,47,206,315,95,25,46,21,ORS,Platelets,Paracetamol,924,65.4,2
2024-11-15,1072,"Holland, Smith and Walker Hospital",Port Kaylahaven,North Carolina,2,2,297,54,244,387,128,19,56,17,Paracetamol,Azithromycin,Vitamin C,594,63.05,1
2024-11-16,1070,Valdez-Lewis Hospital,Port Edward,Idaho,2,1,159,20,127,230,56,15,38,12,Paracetamol,Azithromycin,Vitamin C,477,55.22,1
2024-11-17,1081,Cohen-White Hospital,Jefferyside,Georgia,3,2,200,49,145,165,48,11,41,31,Chloroquine,Artemisinin,Primaquine,1000,87.88,0
2024-11-18,1056,Bonilla LLC Hospital,Robertshire,Rhode Island,2,2,270,51,172,290,108,27,72,27,Paracetamol,Azithromycin,Vitamin C,1080,59.31,1
2024-11-19,1013,"Hahn, Reese and Wade Hospital",Port Stacieland,Washington,3,1,313,50,192,444,64,30,60,22,Chloroquine,Artemisinin,Primaquine,939,43.24,1
2024-11-20,1023,Schroeder Ltd Hospital,Danielborough,Georgia,0,1,235,22,213,152,85,17,63,8,Remdesivir,Paracetamol,Oxygen Support,705,140.13,0
2024-11-21,1005,Foster-Wells Hospital,Marcuston,Rhode Island,1,0,277,31,205,194,67,28,46,15,ORS,Platelets,Paracetamol,1108,105.67,0
2024-11-22,1048,Robertson-Brooks Hospital,South Cameronland,Georgia,5,2,79,18,70,199,26,6,14,6,Ciprofloxacin,Azithromycin,ORS,237,35.18,1
2024-11-23,1083,Chandler-Bartlett Hospital,Robertsonhaven,Massachusetts,2,1,321,59,222,211,92,37,82,24,Paracetamol,Azithromycin,Vitamin C,1284,105.21,0
2024-11-24,1001,Smith-Rich Hospital,Antonioshire,Nevada,3,1,287,63,268,141,72,20,82,42,Chloroquine,Artemisinin,Primaquine,574,190.07,0
2024-11-25,1041,"Anderson, Patterson and Franklin Hospital",East Patrickmouth,Alaska,1,0,387,82,287,543,163,28,75,47,ORS,Platelets,Paracetamol,1161,52.85,1
2024-11-26,1080,Thompson Group Hospital,New Jesse,Kentucky,1,1,126,15,77,333,33,12,24,7,ORS,Platelets,Paracetamol,378,23.12,1
2024-11-27,1100,Byrd-Harvey Hospital,New Kathleenland,North Carolina,1,2,374,67,282,179,79,36,99,51,ORS,Platelets,Paracetamol,1870,157.54,0
2024-11-28,1016,Todd and Sons Hospital,Gilbertton,South Carolina,2,1,195,42,165,149,71,13,33,28,Paracetamol,Azithromycin,Vitamin C,585,110.74,0
2024-11-29,1013,"Anderson, Schwartz and Hicks Hospital",Newtonside,Minnesota,0,0,490,61,426,251,180,50,122,40,Remdesivir,Paracetamol,Oxygen Support,1470,169.72,0
2024-11-30,1067,Jones-Mejia Hospital,Rodneyburgh,New Mexico,5,2,139,32,87,182,38,15,38,12,Ciprofloxacin,Azithromycin,ORS,695,47.8,1
2024-12-01,1069,"Campbell, May and Bell Hospital",South Jonathanburgh,New Jersey,3,1,62,7,42,358,15,4,11,2,Chloroquine,Artemisinin,Primaquine,248,11.73,1
2024-12-02,1078,"Miller, Lam and Ellis Hospital",East Kimberlytown,Maryland,2,0,183,31,151,507,62,13,33,11,Paracetamol,Azithromycin,Vitamin C,366,29.78,1
2024-12-03,1083,Watson-Bender Hospital,Vincentland,North Dakota,1,0,215,52,178,279,88,14,63,35,ORS,Platelets,Paracetamol,645,63.8,1
2024-12-04,1083,Brown-Brown Hospital,Dixonfort,New York,0,1,473,115,330,236,233,51,72,75,Remdesivir,Paracetamol,Oxygen Support,1892,139.83,0
2024-12-05,1026,Kennedy-Flores Hospital,Port Margaret,Texas,1,1,111,20,91,445,55,10,23,12,ORS,Platelets,Paracetamol,555,20.45,1
2024-12-06,1048,Fletcher-Ferguson Hospital,Kimburgh,Arizona,3,0,246,33,218,427,76,14,68,16,Chloroquine,Artemisinin,Primaquine,984,51.05,1
2024-12-07,1014,Floyd and Sons Hospital,Pittsstad,Alaska,3,2,155,12,114,479,32,11,26,7,Chloroquine,Artemisinin,Primaquine,310,23.8,1
2024-12-08,1089,Thompson-Combs Hospital,Woodardstad,Alabama,2,2,493,49,339,259,239,41,83,19,Paracetamol,Azithromycin,Vitamin C,1479,130.89,0
2024-12-09,1072,"Hernandez, Delgado and Wilson Hospital",Sarahfort,North Carolina,3,2,166,31,130,538,81,13,37,23,Chloroquine,Artemisinin,Primaquine,664,24.16,1
2024-12-10,1064,Young Inc Hospital,East Briana,Utah,0,2,52,10,43,274,16,3,14,5,Remdesivir,Paracetamol,Oxygen Support,208,15.69,1
2024-12-11,1002,Thompson-Chen Hospital,North Angela,Delaware,3,0,479,97,418,332,120,36,129,48,Chloroquine,Artemisinin,Primaquine,958,125.9,0
2024-12-12,1046,"Carter, Huff and Cameron Hospital",Janiceside,South Carolina,5,0,132,11,90,323,60,11,26,3,Ciprofloxacin,Azithromycin,ORS,264,27.86,1
2024-12-13,1055,Juarez and Sons Hospital,Carlsonbury,Arkansas,1,0,459,67,310,515,226,46,74,24,ORS,Platelets,Paracetamol,2295,60.19,1
2024-12-14,1022,Smith-Gonzalez Hospital,Watersmouth,Texas,0,2,138,13,90,107,35,12,25,7,Remdesivir,Paracetamol,Oxygen Support,690,84.11,2
2024-12-15,1079,Gonzalez LLC Hospital,New Susanport,Missouri,5,2,69,8,43,208,27,5,17,3,Ciprofloxacin,Azithromycin,ORS,207,20.67,1
2024-12-16,1066,"Peters, Wall and Welch Hospital",Harrismouth,Missouri,3,2,396,39,332,511,167,27,80,12,Chloroquine,Artemisinin,Primaquine,1980,64.97,1
2024-12-17,1045,"Haynes, Taylor and Padilla Hospital",Lake Leslie,Iowa,1,1,475,45,427,100,135,35,86,32,ORS,Platelets,Paracetamol,2375,427.0,0
2024-12-18,1051,Nielsen Group Hospital,Port Alejandroberg,Rhode Island,2,1,448,92,331,575,183,35,87,61,Paracetamol,Azithromycin,Vitamin C,1344,57.57,1
2024-12-19,1068,"Gomez, Ferguson and Lee Hospital",Danielmouth,New Mexico,4,2,400,76,244,597,194,45,92,45,Amoxicillin,Azithromycin,Cough Syrup,2000,40.87,1
2024-12-20,1089,Alexander-Contreras Hospital,South Moniquebury,Nebraska,2,0,377,75,252,450,124,32,70,33,Paracetamol,Azithromycin,Vitamin C,1508,56.0,1
2024-12-21,1031,"Gross, Carroll and Robertson Hospital",Michaelton,Minnesota,2,2,473,117,440,540,112,52,105,76,Paracetamol,Azithromycin,Vitamin C,1419,81.48,2
2024-12-22,1076,Irwin-Norris Hospital,Bautistaton,South Dakota,0,2,92,10,55,526,33,4,26,5,Remdesivir,Paracetamol,Oxygen Support,184,10.46,1
2024-12-23,1034,"Ryan, Duncan and Martinez Hospital",Cindyfort,Tennessee,3,0,211,52,157,136,78,11,48,33,Chloroquine,Artemisinin,Primaquine,844,115.44,0
2024-12-24,1044,Vasquez Group Hospital,West Logan,Massachusetts,5,0,219,38,152,319,89,21,42,22,Ciprofloxacin,Azithromycin,ORS,438,47.65,1
2024-12-25,1036,"Anderson, Sandoval and Moreno Hospital",Port Williamstad,Nebraska,5,1,412,43,248,401,204,23,81,27,Ciprofloxacin,Azithromycin,ORS,824,61.85,1
2024-12-26,1019,"Arnold, White and Moore Hospital",South Davidmouth,Nevada,1,1,307,36,259,276,140,32,49,28,ORS,Platelets,Paracetamol,921,93.84,0
2024-12-27,1094,"Price, Martin and Johnson Hospital",South Elizabeth,South Carolina,0,1,210,28,185,500,71,22,52,11,Remdesivir,Paracetamol,Oxygen Support,840,37.0,1
2024-12-28,1002,"Rice, Barnett and Rocha Hospital",Ashleybury,Nebraska,3,1,496,55,327,355,118,33,119,32,Chloroquine,Artemisinin,Primaquine,1488,92.11,0
2024-12-29,1008,Li-Francis Hospital,Michelleberg,New York,2,2,225,55,184,583,65,13,53,32,Paracetamol,Azithromycin,Vitamin C,900,31.56,1
2024-12-30,1100,Garcia-Simmons Hospital,Harrisville,Alaska,0,0,126,25,113,324,48,14,33,12,Remdesivir,Paracetamol,Oxygen Support,252,34.88,1
2024-01-01,1062,Conley Group Hospital,Johnhaven,South Carolina,2,0,488,42,372,438,108,48,78,27,Paracetamol,Azithromycin,Vitamin C,2440,84.93,2
2024-01-02,1049,Meyer-Schultz Hospital,Carolynfort,Wyoming,4,0,423,98,320,558,88,50,78,64,Amoxicillin,Azithromycin,Cough Syrup,1692,57.35,1
2024-01-03,1065,"Mata, Scott and Rogers Hospital",South Ryan,Virginia,2,0,140,26,91,126,30,9,37,11,Paracetamol,Azithromycin,Vitamin C,280,72.22,2
2024-01-04,1080,"Calhoun, Baldwin and Clark Hospital",East Benjaminshire,Illinois,1,2,322,70,229,396,106,37,49,26,ORS,Platelets,Paracetamol,1288,57.83,1
2024-01-05,1076,"Kennedy, Morales and Perez Hospital",North Wendyview,South Dakota,1,2,417,56,268,355,100,32,101,29,ORS,Platelets,Paracetamol,834,75.49,2
2024-01-06,1069,Estes Inc Hospital,Bruceville,Oregon,2,1,326,60,215,410,124,21,61,19,Paracetamol,Azithromycin,Vitamin C,1304,52.44,1
2024-01-07,1012,Walker and Sons Hospital,Lowefurt,New Hampshire,1,1,203,38,170,288,47,20,38,11,ORS,Platelets,Paracetamol,406,59.03,1
2024-01-08,1057,Mcdonald LLC Hospital,Dominguezhaven,California,3,2,342,78,246,230,152,39,87,58,Chloroquine,Artemisinin,Primaquine,1368,106.96,0
2024-01-09,1069,Fox-Obrien Hospital,North Craig,Delaware,3,0,368,53,263,223,108,35,78,41,Chloroquine,Artemisinin,Primaquine,1104,117.94,0
2024-01-10,1033,"Bennett, Buchanan and Williamson Hospital",Port John,Colorado,2,0,369,83,287,103,93,38,79,58,Paracetamol,Azithromycin,Vitamin C,738,278.64,0
2024-01-11,1097,"Price, Atkinson and Martinez Hospital",Lesliemouth,Delaware,4,2,71,10,56,483,25,6,17,4,Amoxicillin,Azithromycin,Cough Syrup,355,11.59,1
2024-01-12,1024,"Ruiz, Barrett and Robinson Hospital",South Robert,Delaware,1,1,355,50,254,336,106,27,56,22,ORS,Platelets,Paracetamol,710,75.6,2
2024-01-13,1007,Newman-Davis Hospital,South Deborahstad,Maine,5,1,400,52,272,360,174,28,90,31,Ciprofloxacin,Azithromycin,ORS,2000,75.56,2
2024-01-14,1002,"Yang, Gonzales and Sanchez Hospital",West Randy,Arkansas,2,2,376,57,229,570,130,25,110,39,Paracetamol,Azithromycin,Vitamin C,1880,40.18,1
2024-01-15,1015,"Freeman, Valenzuela and White Hospital",New Joseph,Kansas,5,2,369,59,224,511,109,26,60,30,Ciprofloxacin,Azithromycin,ORS,1476,43.84,1
2024-01-16,1065,Cummings PLC Hospital,Reneeburgh,Idaho,0,0,177,17,137,307,73,17,43,12,Remdesivir,Paracetamol,Oxygen Support,531,44.63,1
2024-01-17,1087,Walker Ltd Hospital,Amandabury,Idaho,1,2,158,30,132,244,61,15,34,22,ORS,Platelets,Paracetamol,632,54.1,1
2024-01-18,1004,Lynch Group Hospital,Port Jeffreyland,West Virginia,3,1,500,109,469,320,112,34,147,48,Chloroquine,Artemisinin,Primaquine,2000,146.56,0
2024-01-19,1050,Park Inc Hospital,East Judithtown,Wisconsin,2,2,465,71,293,133,222,24,129,22,Paracetamol,Azithromycin,Vitamin C,1395,220.3,0
2024-01-20,1038,"Johnson, Mann and Wilson Hospital",Lake Donna,Minnesota,3,1,345,32,279,119,86,27,86,13,Chloroquine,Artemisinin,Primaquine,1380,234.45,0
2024-01-21,1029,"Cross, Thompson and Nguyen Hospital",North James,Wisconsin,1,0,469,92,416,127,191,56,130,37,ORS,Platelets,Paracetamol,2345,327.56,0
2024-01-22,1068,Curry-Nelson Hospital,West Kelly,Alaska,4,2,82,15,59,290,36,9,20,6,Amoxicillin,Azithromycin,Cough Syrup,410,20.34,1
2024-01-23,1056,Nelson-Ward Hospital,Johnmouth,North Dakota,3,0,334,59,291,504,91,34,92,17,Chloroquine,Artemisinin,Primaquine,1336,57.74,1
2024-01-24,1075,Larson-Powell Hospital,West Davidport,Arizona,5,2,386,69,362,584,118,26,90,52,Ciprofloxacin,Azithromycin,ORS,1158,61.99,1
2024-01-25,1060,"Blair, Freeman and Spencer Hospital",South Mitchell,Arizona,4,2,68,16,44,181,24,4,18,8,Amoxicillin,Azithromycin,Cough Syrup,204,24.31,1
2024-01-26,1031,Jackson-Swanson Hospital,New Corey,Kentucky,1,1,93,22,75,265,26,8,18,14,ORS,Platelets,Paracetamol,465,28.3,1
2024-01-27,1017,Kelly Ltd Hospital,Davidport,Massachusetts,1,1,500,72,324,165,153,26,95,23,ORS,Platelets,Paracetamol,1500,196.36,0
2024-01-28,1004,James and Sons Hospital,Lake Dominique,Oregon,5,1,108,18,81,401,24,7,20,11,Ciprofloxacin,Azithromycin,ORS,216,20.2,1
2024-01-29,1035,Crawford-Austin Hospital,Jonesbury,Florida,5,0,145,34,97,599,62,8,25,22,Ciprofloxacin,Azithromycin,ORS,290,16.19,1
2024-01-30,1012,Daniels Ltd Hospital,South Russell,South Carolina,5,1,168,39,129,513,61,19,33,15,Ciprofloxacin,Azithromycin,ORS,672,25.15,1
2024-01-31,1017,Waller LLC Hospital,Mccoyburgh,North Dakota,2,2,307,72,184,259,95,25,72,28,Paracetamol,Azithromycin,Vitamin C,614,71.04,2
2024-02-01,1075,Mason Ltd Hospital,Genemouth,Rhode Island,1,0,90,11,54,360,18,6,20,8,ORS,Platelets,Paracetamol,360,15.0,1
2024-02-02,1095,"Lang, Newman and Strickland Hospital",Davisview,Louisiana,1,0,322,27,256,295,129,20,90,12,ORS,Platelets,Paracetamol,1288,86.78,0
2024-02-03,1056,Soto LLC Hospital,Dawntown,Utah,5,0,362,54,279,495,141,28,81,38,Ciprofloxacin,Azithromycin,ORS,724,56.36,1
2024-02-04,1049,Andrews-Fleming Hospital,Dawnmouth,Alaska,1,2,344,29,280,100,121,32,59,10,ORS,Platelets,Paracetamol,1032,280.0,0
2024-02-05,1021,"Hampton, Marshall and Pruitt Hospital",Diazfurt,Florida,0,1,438,41,306,209,170,51,82,13,Remdesivir,Paracetamol,Oxygen Support,1314,146.41,0
2024-02-06,1078,Hamilton-Thomas Hospital,Hickshaven,Idaho,5,2,174,30,160,352,81,12,41,20,Ciprofloxacin,Azithromycin,ORS,348,45.45,1
2024-02-07,1001,Luna-Gonzalez Hospital,East Feliciamouth,Washington,5,1,367,68,287,245,119,27,64,48,Ciprofloxacin,Azithromycin,ORS,1468,117.14,0
2024-02-08,1069,Gutierrez and Sons Hospital,Codyside,New Hampshire,2,2,182,20,147,551,71,19,52,12,Paracetamol,Azithromycin,Vitamin C,728,26.68,1
2024-02-09,1053,Gilbert-Lewis Hospital,Klineburgh,Utah,5,2,214,29,176,409,75,11,44,12,Ciprofloxacin,Azithromycin,ORS,1070,43.03,1
2024-02-10,1054,Hernandez LLC Hospital,Cruztown,Alaska,3,0,264,44,209,217,72,17,39,14,Chloroquine,Artemisinin,Primaquine,1320,96.31,0
2024-02-11,1095,Garcia-Hamilton Hospital,Woodsmouth,Florida,4,0,500,96,385,304,169,39,141,61,Amoxicillin,Azithromycin,Cough Syrup,1500,126.64,0
2024-02-12,1098,Faulkner-Martin Hospital,South Briannaton,New Jersey,1,0,424,84,258,476,126,39,107,34,ORS,Platelets,Paracetamol,848,54.2,1
2024-02-13,1018,Willis-Thompson Hospital,Danielview,Oklahoma,3,0,303,38,263,567,69,16,77,14,Chloroquine,Artemisinin,Primaquine,1515,46.38,1
2024-02-14,1055,Thomas-Reeves Hospital,North Justinberg,Michigan,1,0,265,34,186,169,120,19,52,19,ORS,Platelets,Paracetamol,1325,110.06,0
2024-02-15,1016,Lynch-Newman Hospital,New Holly,Texas,5,0,329,74,312,281,113,18,62,27,Ciprofloxacin,Azithromycin,ORS,987,111.03,0
2024-02-16,1021,Baker Ltd Hospital,Lauraberg,New Hampshire,3,1,320,54,193,102,93,18,87,23,Chloroquine,Artemisinin,Primaquine,640,189.22,0
2024-02-17,1099,"Prince, Stephenson and Weber Hospital",New Nicholasfort,Hawaii,2,1,286,26,265,543,84,15,66,16,Paracetamol,Azithromycin,Vitamin C,1430,48.8,1
2024-02-18,1004,"Gomez, James and Perez Hospital",West Andrewborough,Oklahoma,1,1,213,51,129,252,58,17,50,35,ORS,Platelets,Paracetamol,426,51.19,1
2024-02-19,1097,"Contreras, Delgado and Russell Hospital",Lake Joseph,Tennessee,5,2,418,66,385,405,183,46,108,30,Ciprofloxacin,Azithromycin,ORS,1672,95.06,0
2024-02-20,1060,Mccall and Sons Hospital,Victorberg,Oklahoma,1,0,397,45,298,358,130,46,84,29,ORS,Platelets,Paracetamol,1985,83.24,2
2024-02-21,1054,"Donaldson, Burns and Brock Hospital",Simmonsmouth,New Hampshire,3,2,78,7,55,434,29,7,15,3,Chloroquine,Artemisinin,Primaquine,312,12.67,1
2024-02-22,1096,"Norton, Williams and White Hospital",Turnerhaven,Colorado,0,2,99,19,71,272,48,11,24,6,Remdesivir,Paracetamol,Oxygen Support,198,26.1,1
2024-02-23,1080,Moore-Delacruz Hospital,North Alexistown,Kentucky,3,2,391,75,340,291,153,23,100,33,Chloroquine,Artemisinin,Primaquine,782,116.84,0
2024-02-24,1095,Long Ltd Hospital,Jamesfort,Utah,3,1,77,12,60,231,31,6,18,7,Chloroquine,Artemisinin,Primaquine,308,25.97,1
2024-02-25,1095,"Horton, Evans and Stephenson Hospital",North Aprilbury,Arkansas,2,2,310,46,219,512,102,33,84,29,Paracetamol,Azithromycin,Vitamin C,620,42.77,1
2024-02-26,1080,Henry LLC Hospital,Lake Michael,Colorado,4,1,62,14,45,106,28,6,10,4,Amoxicillin,Azithromycin,Cough Syrup,124,42.45,1
2024-02-27,1059,"Chapman, Parker and Hernandez Hospital",Ballberg,Iowa,2,0,344,30,271,293,86,35,85,19,Paracetamol,Azithromycin,Vitamin C,1032,92.49,0
2024-02-28,1065,Kelly-Stevens Hospital,West Samuel,Wyoming,2,0,120,14,99,475,37,11,32,7,Paracetamol,Azithromycin,Vitamin C,360,20.84,1
2024-02-29,1001,Thompson-Banks Hospital,Michaelshire,Ohio,3,2,432,47,306,158,87,36,111,34,Chloroquine,Artemisinin,Primaquine,864,193.67,0
2024-03-01,1072,Rodriguez PLC Hospital,Port Sarahborough,Wyoming,3,2,246,54,213,251,65,27,38,34,Chloroquine,Artemisinin,Primaquine,984,84.86,2
2024-03-02,1073,"Green, Ward and Lynn Hospital",New Wandamouth,Mississippi,2,0,202,44,165,568,57,20,35,16,Paracetamol,Azithromycin,Vitamin C,1010,29.05,1
2024-03-03,1084,King-Hess Hospital,Jeffreybury,Illinois,1,2,132,11,118,259,47,10,23,8,ORS,Platelets,Paracetamol,396,45.56,1
2024-03-04,1068,Brown and Sons Hospital,Denisefort,Nebraska,4,0,271,42,250,424,90,18,66,15,Amoxicillin,Azithromycin,Cough Syrup,1084,58.96,1
2024-03-05,1050,Ibarra-Haynes Hospital,Kevinville,Texas,5,2,155,36,127,351,65,11,42,25,Ciprofloxacin,Azithromycin,ORS,310,36.18,1
2024-03-06,1066,Miller-Mcknight Hospital,New Christineborough,Michigan,2,1,320,67,298,361,138,29,80,28,Paracetamol,Azithromycin,Vitamin C,1280,82.55,2
2024-03-07,1053,Martinez PLC Hospital,Meghanview,Alaska,2,2,162,30,110,156,71,10,27,21,Paracetamol,Azithromycin,Vitamin C,324,70.51,2
2024-03-08,1098,Allen and Sons Hospital,Nguyenbury,Wisconsin,4,2,351,68,215,184,89,33,71,50,Amoxicillin,Azithromycin,Cough Syrup,1053,116.85,0
2024-03-09,1043,Clark-Jacobs Hospital,Deanland,Iowa,3,2,177,43,154,332,43,12,39,17,Chloroquine,Artemisinin,Primaquine,885,46.39,1
2024-03-10,1078,"Williams, Leonard and Harris Hospital",Pricetown,Utah,0,2,490,39,391,476,242,43,118,12,Remdesivir,Paracetamol,Oxygen Support,1960,82.14,2
2024-03-11,1001,Jones PLC Hospital,West Joshuaburgh,Hawaii,4,0,120,27,99,482,45,7,21,15,Amoxicillin,Azithromycin,Cough Syrup,360,20.54,1
2024-03-12,1058,"Cummings, Smith and Page Hospital",Weberfort,Michigan,4,0,365,83,304,127,132,29,57,33,Amoxicillin,Azithromycin,Cough Syrup,1460,239.37,0
2024-03-13,1035,Olsen and Sons Hospital,East Christopherchester,New Jersey,2,0,329,64,220,578,122,17,51,47,Paracetamol,Azithromycin,Vitamin C,1645,38.06,1
2024-03-14,1055,"Martinez, Schultz and Blake Hospital",Branchland,Washington,0,1,183,33,126,215,86,13,48,21,Remdesivir,Paracetamol,Oxygen Support,915,58.6,1
2024-03-15,1065,White-White Hospital,Smithmouth,Vermont,4,2,152,37,124,507,34,15,24,16,Amoxicillin,Azithromycin,Cough Syrup,304,24.46,1
2024-03-16,1023,Wilson-Daniel Hospital,Lewisville,Texas,0,2,368,44,301,153,93,30,56,19,Remdesivir,Paracetamol,Oxygen Support,1104,196.73,0
2024-03-17,1094,Morgan-Chung Hospital,Dillonchester,Wyoming,3,2,440,51,372,496,105,46,75,30,Chloroquine,Artemisinin,Primaquine,880,75.0,2
2024-03-18,1025,Norris-Rodriguez Hospital,Annahaven,New Mexico,2,1,79,13,67,108,31,8,14,7,Paracetamol,Azithromycin,Vitamin C,316,62.04,1
2024-03-19,1082,Parsons-Krueger Hospital,Rodriguezland,Nevada,0,0,282,41,217,272,82,30,69,18,Remdesivir,Paracetamol,Oxygen Support,564,79.78,2
2024-03-20,1040,Turner-Salazar Hospital,Sampsonchester,Utah,0,0,391,72,268,588,163,39,89,47,Remdesivir,Paracetamol,Oxygen Support,1955,45.58,1
2024-03-21,1056,"Lane, Stephens and Fletcher Hospital",Ayersstad,Washington,3,2,318,70,241,487,127,17,57,38,Chloroquine,Artemisinin,Primaquine,1272,49.49,1
2024-03-22,1037,Jackson LLC Hospital,Brittanystad,Illinois,1,1,192,25,135,272,84,13,33,16,ORS,Platelets,Paracetamol,768,49.63,1
2024-03-23,1031,Thompson PLC Hospital,West Adam,Ohio,1,1,265,49,160,474,58,15,75,21,ORS,Platelets,Paracetamol,1325,33.76,1
2024-03-24,1053,Turner-Castillo Hospital,Kennethfurt,Tennessee,4,1,245,44,222,427,84,25,39,26,Amoxicillin,Azithromycin,Cough Syrup,735,51.99,1
2024-03-25,1068,Henry Inc Hospital,Gabriellebury,California,2,1,107,24,94,420,50,7,20,12,Paracetamol,Azithromycin,Vitamin C,535,22.38,1
2024-03-26,1070,Clark-Anderson Hospital,Reedport,New Mexico,4,2,445,94,344,213,167,33,91,31,Amoxicillin,Azithromycin,Cough Syrup,2225,161.5,0
2024-03-27,1072,Lewis PLC Hospital,Amyberg,Maryland,5,1,136,26,82,375,31,11,32,10,Ciprofloxacin,Azithromycin,ORS,272,21.87,1
2024-03-28,1020,Herman PLC Hospital,North Jacob,Minnesota,1,0,430,54,264,305,137,35,87,40,ORS,Platelets,Paracetamol,2150,86.56,0
2024-03-29,1069,"Booth, Andrews and Jenkins Hospital",Johnsonmouth,Indiana,5,0,296,63,207,368,77,32,79,42,Ciprofloxacin,Azithromycin,ORS,1184,56.25,1
2024-03-30,1050,Oconnell-Martinez Hospital,East Toddtown,Colorado,0,0,53,4,45,382,23,5,11,2,Remdesivir,Paracetamol,Oxygen Support,265,11.78,1
2024-03-31,1076,"Anderson, Petersen and Bennett Hospital",Jonathonfort,Arizona,4,1,168,19,144,418,37,12,46,11,Amoxicillin,Azithromycin,Cough Syrup,336,34.45,1
2024-04-01,1031,Gonzalez PLC Hospital,North Karen,New Jersey,0,2,487,74,337,513,232,46,117,50,Remdesivir,Paracetamol,Oxygen Support,974,65.69,2
2024-04-02,1072,Davis LLC Hospital,Smithchester,Arizona,2,0,454,76,300,563,95,33,94,54,Paracetamol,Azithromycin,Vitamin C,908,53.29,1
2024-04-03,1039,Carroll Ltd Hospital,Chasetown,Montana,2,1,383,63,254,420,168,23,97,23,Paracetamol,Azithromycin,Vitamin C,1915,60.48,1
2024-04-04,1077,"Reynolds, Marshall and Brown Hospital",Colinport,Connecticut,1,2,486,86,346,290,117,46,73,60,ORS,Platelets,Paracetamol,972,119.31,0
2024-04-05,1062,"Aguirre, Spears and Moore Hospital",Carlosville,California,2,1,268,37,225,594,114,24,45,26,Paracetamol,Azithromycin,Vitamin C,1072,37.88,1
2024-04-06,1050,"Brady, Reyes and Rowland Hospital",Lake Josephfort,Illinois,3,0,445,40,273,270,124,36,97,28,Chloroquine,Artemisinin,Primaquine,1335,101.11,0
2024-04-07,1035,Bradshaw PLC Hospital,Christinamouth,Texas,3,0,267,44,164,368,99,14,71,21,Chloroquine,Artemisinin,Primaquine,801,44.57,1
2024-04-08,1086,Duffy Group Hospital,New Kyleland,Texas,5,0,225,52,193,251,52,20,36,26,Ciprofloxacin,Azithromycin,ORS,675,76.89,2
2024-04-09,1000,Medina LLC Hospital,Gracefurt,California,1,2,359,81,315,252,153,28,67,63,ORS,Platelets,Paracetamol,1436,125.0,0
2024-04-10,1089,"Roberts, Mckee and Taylor Hospital",West Paul,Alabama,5,1,178,18,150,155,63,17,32,5,Ciprofloxacin,Azithromycin,ORS,712,96.77,0
2024-04-11,1079,Hall-Lutz Hospital,Josephland,Oregon,5,1,479,118,321,312,146,54,139,63,Ciprofloxacin,Azithromycin,ORS,1437,102.88,0
2024-04-12,1006,Hooper LLC Hospital,South Charlesview,Massachusetts,0,2,338,49,296,139,158,34,91,33,Remdesivir,Paracetamol,Oxygen Support,676,212.95,0
2024-04-13,1063,Bruce PLC Hospital,Lauraborough,Florida,3,1,146,17,91,517,45,9,39,9,Chloroquine,Artemisinin,Primaquine,438,17.6,1
2024-04-14,1027,Merritt and Sons Hospital,Smithtown,North Carolina,2,1,442,89,319,548,93,44,117,36,Paracetamol,Azithromycin,Vitamin C,884,58.21,1
2024-04-15,1059,Wells-Martin Hospital,Paulfort,Indiana,1,1,436,81,273,531,185,26,116,51,ORS,Platelets,Paracetamol,1308,51.41,1
2024-04-16,1031,"Wood, Beck and Sandoval Hospital",Lake Ericaburgh,Missouri,2,1,494,83,395,360,199,26,107,62,Paracetamol,Azithromycin,Vitamin C,1482,109.72,0
2024-04-17,1001,Mosley-Macdonald Hospital,Murphyberg,Missouri,3,1,144,29,100,565,43,14,31,21,Chloroquine,Artemisinin,Primaquine,288,17.7,1
2024-04-18,1010,"Hernandez, Burgess and Martinez Hospital",Patriciachester,Texas,5,0,151,17,121,340,71,14,32,12,Ciprofloxacin,Azithromycin,ORS,453,35.59,1
2024-04-19,1049,Shah Inc Hospital,Barrettton,Iowa,0,1,149,24,105,302,65,7,25,10,Remdesivir,Paracetamol,Oxygen Support,447,34.77,1
2024-04-20,1017,Lee-Wilson Hospital,Marymouth,Indiana,4,2,252,40,233,102,97,23,55,28,Amoxicillin,Azithromycin,Cough Syrup,756,228.43,0
2024-04-21,1065,Vargas LLC Hospital,Heatherview,South Carolina,2,1,84,10,69,141,31,7,14,7,Paracetamol,Azithromycin,Vitamin C,420,48.94,1
2024-04-22,1074,Riley PLC Hospital,East Christopher,Virginia,2,1,309,50,194,186,150,30,79,31,Paracetamol,Azithromycin,Vitamin C,1545,104.3,0
2024-04-23,1086,Stewart LLC Hospital,Andrewview,Mississippi,3,2,206,47,139,266,60,22,40,22,Chloroquine,Artemisinin,Primaquine,824,52.26,1
2024-04-24,1071,Butler PLC Hospital,New James,Arkansas,1,2,183,28,109,202,61,14,36,9,ORS,Platelets,Paracetamol,732,53.96,1
2024-04-25,1089,Foley and Sons Hospital,West Andrew,Wyoming,5,1,80,19,48,110,16,4,18,15,Ciprofloxacin,Azithromycin,ORS,240,43.64,1
2024-04-26,1009,"Parker, Bowman and Gomez Hospital",Hendersonfurt,Michigan,2,0,396,33,337,282,131,39,81,14,Paracetamol,Azithromycin,Vitamin C,1584,119.5,0
2024-04-27,1047,Valencia-Martinez Hospital,East Jacobmouth,New Mexico,4,0,382,49,319,308,144,33,96,33,Amoxicillin,Azithromycin,Cough Syrup,1528,103.57,0
2024-04-28,1074,"Stephens, Schultz and Walker Hospital",Morganbury,Nebraska,3,1,372,92,236,535,137,26,59,66,Chloroquine,Artemisinin,Primaquine,1860,44.11,1
2024-04-29,1058,"Beltran, Schmitt and Green Hospital",Lisaport,Hawaii,0,1,479,57,416,335,188,38,107,36,Remdesivir,Paracetamol,Oxygen Support,958,124.18,0
2024-04-30,1068,Ramsey-Costa Hospital,Rickyhaven,Wyoming,1,2,456,39,323,263,113,28,80,12,ORS,Platelets,Paracetamol,1824,122.81,0
2024-05-01,1093,White PLC Hospital,New Thomas,South Dakota,1,1,55,11,40,554,19,5,15,5,ORS,Platelets,Paracetamol,275,7.22,1
2024-05-02,1029,"Roberts, Gonzales and Reynolds Hospital",New Lesliebury,Oregon,3,2,112,24,88,565,51,7,30,12,Chloroquine,Artemisinin,Primaquine,224,15.58,1
2024-05-03,1079,"Chang, Rivera and Wood Hospital",Lindseyton,Montana,3,2,76,9,62,101,30,5,19,6,Chloroquine,Artemisinin,Primaquine,304,61.39,1
2024-05-04,1074,Ballard PLC Hospital,Port Claireton,Hawaii,0,2,277,26,193,120,105,22,43,17,Remdesivir,Paracetamol,Oxygen Support,1108,160.83,0
2024-05-05,1051,Flowers-Morales Hospital,South Dean,Texas,4,1,444,66,355,363,98,37,110,27,Amoxicillin,Azithromycin,Cough Syrup,888,97.8,0
2024-05-06,1088,Benson PLC Hospital,Katelynshire,Nebraska,0,1,431,34,258,252,138,38,81,21,Remdesivir,Paracetamol,Oxygen Support,2155,102.38,0
2024-05-07,1046,Cook Ltd Hospital,Lancemouth,Connecticut,5,2,89,20,55,145,40,6,19,12,Ciprofloxacin,Azithromycin,ORS,445,37.93,1
2024-05-08,1081,"Palmer, Chapman and Ferguson Hospital",Thomasmouth,Utah,5,0,142,25,112,328,50,14,31,14,Ciprofloxacin,Azithromycin,ORS,426,34.15,1
2024-05-09,1039,Smith Ltd Hospital,Rebeccaland,Colorado,4,2,301,38,251,184,120,25,71,26,Amoxicillin,Azithromycin,Cough Syrup,903,136.41,0
2024-05-10,1060,Mann-Elliott Hospital,New Sherribury,Idaho,3,0,235,34,220,519,81,23,68,14,Chloroquine,Artemisinin,Primaquine,940,42.39,1
2024-05-11,1038,Yu Group Hospital,Raymondmouth,Washington,0,0,161,20,102,462,41,15,26,10,Remdesivir,Paracetamol,Oxygen Support,322,22.08,1
2024-05-12,1082,Hoffman-Wilson Hospital,Lake Emilyton,Washington,1,1,157,30,146,115,74,11,27,23,ORS,Platelets,Paracetamol,628,126.96,0
2024-05-13,1067,Lewis and Sons Hospital,Campbellborough,Arizona,5,2,371,51,334,319,93,27,101,40,Ciprofloxacin,Azithromycin,ORS,1113,104.7,0
2024-05-14,1053,Rogers Group Hospital,South Garyport,Minnesota,2,1,53,4,38,211,26,3,12,1,Paracetamol,Azithromycin,Vitamin C,212,18.01,1
2024-05-15,1098,Chavez-Williams Hospital,Lake Jeffrey,Hawaii,5,1,491,46,301,106,195,33,106,36,Ciprofloxacin,Azithromycin,ORS,982,283.96,0
2024-05-16,1026,Collins-Watson Hospital,Stanleyborough,Vermont,2,0,106,12,97,265,37,12,24,8,Paracetamol,Azithromycin,Vitamin C,424,36.6,1
2024-05-17,1052,"Harmon, Nguyen and Brown Hospital",New Tracyhaven,Minnesota,1,2,422,64,271,516,113,29,88,49,ORS,Platelets,Paracetamol,2110,52.52,1
2024-05-18,1023,"Hinton, Mitchell and Farrell Hospital",New William,Washington,1,2,343,35,249,568,128,38,92,24,ORS,Platelets,Paracetamol,1372,43.84,1
2024-05-19,1028,"Osborne, Richards and Johnson Hospital",Kevintown,Michigan,1,0,323,67,215,198,84,31,71,25,ORS,Platelets,Paracetamol,646,108.59,0
2024-05-20,1049,Sherman Ltd Hospital,Colechester,West Virginia,0,2,465,83,319,365,192,32,83,61,Remdesivir,Paracetamol,Oxygen Support,930,87.4,0
2024-05-21,1089,Fletcher Ltd Hospital,Barnesmouth,North Carolina,3,1,233,43,165,349,49,14,68,17,Chloroquine,Artemisinin,Primaquine,932,47.28,1
2024-05-22,1015,Beasley Group Hospital,Stephanieberg,Texas,4,2,210,20,160,517,76,15,49,13,Amoxicillin,Azithromycin,Cough Syrup,1050,30.95,1
2024-05-23,1091,"Gardner, Phillips and Harper Hospital",Burkefort,Alaska,3,0,142,24,89,578,39,11,35,8,Chloroquine,Artemisinin,Primaquine,710,15.4,1
2024-05-24,1015,Valdez-Johnson Hospital,Reedfort,Massachusetts,0,1,396,63,373,106,171,33,83,49,Remdesivir,Paracetamol,Oxygen Support,1188,351.89,0
2024-05-25,1075,Miller-Kirk Hospital,East Ryan,Ohio,3,1,214,39,138,241,69,22,37,16,Chloroquine,Artemisinin,Primaquine,856,57.26,1
2024-05-26,1028,Morris Ltd Hospital,Deborahmouth,Hawaii,5,0,122,24,94,434,28,8,23,7,Ciprofloxacin,Azithromycin,ORS,610,21.66,1
2024-05-27,1048,Watkins-Carroll Hospital,Williamshaven,North Dakota,0,2,75,8,48,311,30,7,20,5,Remdesivir,Paracetamol,Oxygen Support,375,15.43,1
2024-05-28,1033,Rodriguez-Bennett Hospital,Lake Natashaborough,Georgia,4,2,105,23,80,112,46,12,31,8,Amoxicillin,Azithromycin,Cough Syrup,210,71.43,2
2024-05-29,1034,Bass-Park Hospital,Ericstad,Maryland,5,1,84,18,73,384,27,9,19,14,Ciprofloxacin,Azithromycin,ORS,336,19.01,1
2024-05-30,1037,"Lester, Evans and Mullins Hospital",Lake Melissa,Maine,3,1,393,38,328,567,133,27,108,14,Chloroquine,Artemisinin,Primaquine,1965,57.85,1
2024-05-31,1081,Carpenter and Sons Hospital,East Jennifer,Oklahoma,1,2,92,21,87,443,40,7,23,10,ORS,Platelets,Paracetamol,460,19.64,1
2024-06-01,1024,"Washington, Smith and Mora Hospital",Wardland,Iowa,1,1,130,26,97,166,28,8,21,11,ORS,Platelets,Paracetamol,260,58.43,1
2024-06-02,1010,Shields PLC Hospital,Wilsonland,New York,1,1,478,88,386,223,193,44,91,62,ORS,Platelets,Paracetamol,2390,173.09,0
2024-06-03,1016,Jones Ltd Hospital,South Lawrenceberg,New York,4,0,470,115,347,320,129,42,119,88,Amoxicillin,Azithromycin,Cough Syrup,940,108.44,0
2024-06-04,1073,Long-Copeland Hospital,Port Carolynshire,New Hampshire,3,0,111,23,104,426,23,10,20,17,Chloroquine,Artemisinin,Primaquine,333,24.41,1
2024-06-05,1045,Wright-Palmer Hospital,Heathermouth,Oklahoma,4,0,422,87,334,294,138,34,89,36,Amoxicillin,Azithromycin,Cough Syrup,1266,113.61,0
2024-06-06,1061,Chung Ltd Hospital,Collinsside,Georgia,5,0,361,62,334,169,83,27,101,27,Ciprofloxacin,Azithromycin,ORS,722,197.63,0
2024-06-07,1057,Castillo-Walton Hospital,Elizabethfurt,Louisiana,0,0,69,16,54,116,14,3,19,5,Remdesivir,Paracetamol,Oxygen Support,276,46.55,1
2024-06-08,1028,Duffy and Sons Hospital,East John,Kentucky,2,2,482,106,385,466,189,38,127,81,Paracetamol,Azithromycin,Vitamin C,2410,82.62,2
2024-06-09,1094,"Smith, Miller and Adams Hospital",Colleenbury,North Carolina,1,2,422,43,395,416,206,48,98,31,ORS,Platelets,Paracetamol,1266,94.95,0
2024-06-10,1091,Carson-Ryan Hospital,Lake Johnbury,Pennsylvania,2,2,112,10,101,318,44,7,17,5,Paracetamol,Azithromycin,Vitamin C,560,31.76,1
2024-06-11,1049,Martin-English Hospital,Wayneport,Maine,3,1,482,92,314,234,208,39,130,52,Chloroquine,Artemisinin,Primaquine,1446,134.19,0
2024-06-12,1080,Mendez-Watson Hospital,East Michael,Louisiana,5,2,437,45,309,591,172,27,126,25,Ciprofloxacin,Azithromycin,ORS,1311,52.28,1
2024-06-13,1085,"Dunn, Brown and Murray Hospital",Port Alexis,South Carolina,2,2,342,72,229,593,123,38,94,42,Paracetamol,Azithromycin,Vitamin C,1026,38.62,1
2024-06-14,1027,"Buchanan, Jackson and Wright Hospital",South Ruben,Connecticut,1,2,491,43,356,303,218,53,97,19,ORS,Platelets,Paracetamol,2455,117.49,0
2024-06-15,1027,Craig-George Hospital,South Gary,Wyoming,0,2,493,85,386,275,225,30,114,28,Remdesivir,Paracetamol,Oxygen Support,1972,140.36,0
2024-06-16,1059,"Brown, West and Reid Hospital",Jeremymouth,Illinois,0,1,415,91,344,139,188,47,117,52,Remdesivir,Paracetamol,Oxygen Support,2075,247.48,0
2024-06-17,1072,"Becker, Michael and Wilkins Hospital",North Marcus,South Carolina,0,2,65,12,56,271,28,5,16,6,Remdesivir,Paracetamol,Oxygen Support,325,20.66,1
2024-06-18,1052,Johnson-Wagner Hospital,New Amy,Iowa,3,1,289,64,238,541,124,28,77,46,Chloroquine,Artemisinin,Primaquine,867,43.99,1
2024-06-19,1028,Daniel-Oneal Hospital,Williamsberg,Alabama,5,0,184,19,164,434,53,11,40,9,Ciprofloxacin,Azithromycin,ORS,552,37.79,1
2024-06-20,1025,Hodge-Evans Hospital,Kingburgh,Vermont,5,2,327,66,285,548,68,29,88,48,Ciprofloxacin,Azithromycin,ORS,654,52.01,1
2024-06-21,1081,"Garcia, Young and Armstrong Hospital",Douglasmouth,Mississippi,1,2,58,9,36,448,23,6,8,4,ORS,Platelets,Paracetamol,116,8.04,1
2024-06-22,1010,"Zhang, Poole and Evans Hospital",Timothystad,Wyoming,4,1,450,63,354,346,190,28,123,28,Amoxicillin,Azithromycin,Cough Syrup,1350,102.31,0
2024-06-23,1074,Proctor-Williamson Hospital,Hardymouth,Connecticut,1,0,485,68,386,147,199,34,134,50,ORS,Platelets,Paracetamol,1455,262.59,0
2024-06-24,1000,Garza LLC Hospital,Nguyenbury,North Dakota,5,1,446,46,402,368,174,39,110,22,Ciprofloxacin,Azithromycin,ORS,892,109.24,0
2024-06-25,1006,Sloan-Holmes Hospital,Tracyfurt,Tennessee,5,2,177,14,133,255,54,15,50,10,Ciprofloxacin,Azithromycin,ORS,531,52.16,1
2024-06-26,1097,Mitchell and Sons Hospital,Jasonhaven,Kentucky,3,2,83,13,50,504,40,4,24,4,Chloroquine,Artemisinin,Primaquine,415,9.92,1
2024-06-27,1002,"Ramirez, Scott and Klein Hospital",New Matthewmouth,Minnesota,2,1,326,27,197,279,134,32,84,13,Paracetamol,Azithromycin,Vitamin C,978,70.61,2
2024-06-28,1056,Armstrong Group Hospital,Johnsonburgh,Rhode Island,0,1,126,19,99,481,37,7,34,14,Remdesivir,Paracetamol,Oxygen Support,252,20.58,1
2024-06-29,1090,"Le, York and Allen Hospital",Rickeyview,West Virginia,2,1,374,53,344,225,173,34,89,40,Paracetamol,Azithromycin,Vitamin C,748,152.89,0
2024-06-30,1000,"Hogan, Young and Perez Hospital",Jonesberg,Delaware,0,1,355,60,288,191,171,29,75,23,Remdesivir,Paracetamol,Oxygen Support,1775,150.79,0
2024-07-01,1042,Mcbride and Sons Hospital,Stanleyshire,Oregon,2,2,378,34,319,554,107,35,81,18,Paracetamol,Azithromycin,Vitamin C,1512,57.58,1
2024-07-02,1062,Becker Inc Hospital,Port Hannahside,Maine,1,0,95,8,84,144,41,7,27,4,ORS,Platelets,Paracetamol,285,58.33,1
2024-07-03,1083,Smith-White Hospital,Kimberlytown,Nebraska,0,2,211,20,165,294,98,22,46,15,Remdesivir,Paracetamol,Oxygen Support,633,56.12,1
2024-07-04,1030,Fischer PLC Hospital,Katieburgh,Iowa,1,2,314,37,246,324,148,20,64,22,ORS,Platelets,Paracetamol,1570,75.93,2
2024-07-05,1095,Love LLC Hospital,East Jasonberg,Wyoming,1,1,362,79,252,301,130,19,69,52,ORS,Platelets,Paracetamol,1086,83.72,2
2024-07-06,1064,"Johnson, Riley and Crawford Hospital",East Cynthiaberg,Delaware,5,0,218,21,157,314,58,14,64,7,Ciprofloxacin,Azithromycin,ORS,1090,50.0,1
2024-07-07,1007,Hudson-Bradley Hospital,Greenfurt,West Virginia,5,0,147,26,109,118,50,9,42,8,Ciprofloxacin,Azithromycin,ORS,441,92.37,0
2024-07-08,1064,Mccoy-Crawford Hospital,New Brian,West Virginia,2,2,477,45,343,523,236,56,96,23,Paracetamol,Azithromycin,Vitamin C,954,65.58,2
2024-07-09,1041,Contreras Inc Hospital,Matthewland,California,5,1,370,62,266,266,86,32,58,20,Ciprofloxacin,Azithromycin,ORS,740,100.0,0
2024-07-10,1036,"Jones, Lowe and Nguyen Hospital",Nancyborough,Indiana,3,2,423,67,322,506,203,27,120,52,Chloroquine,Artemisinin,Primaquine,1692,63.64,1
2024-07-11,1053,Norman-Brown Hospital,Lindaton,Florida,5,1,225,36,169,264,89,22,47,25,Ciprofloxacin,Azithromycin,ORS,900,64.02,1
2024-07-12,1017,Williams-Bell Hospital,South Brandontown,California,4,2,248,26,168,536,101,28,66,15,Amoxicillin,Azithromycin,Cough Syrup,992,31.34,1
2024-07-13,1098,"Waters, Mueller and Edwards Hospital",South Cody,New Mexico,0,1,302,59,219,296,81,32,53,28,Remdesivir,Paracetamol,Oxygen Support,906,73.99,2
2024-07-14,1006,Armstrong PLC Hospital,Jeremiahberg,Oregon,3,1,449,106,310,202,191,27,100,61,Chloroquine,Artemisinin,Primaquine,898,153.47,0
2024-07-15,1050,Day Inc Hospital,Tranton,Nebraska,3,2,494,110,460,592,116,28,85,36,Chloroquine,Artemisinin,Primaquine,1976,77.7,2
2024-07-16,1071,Chan-Malone Hospital,West Kennethburgh,California,2,2,437,42,378,347,98,30,72,22,Paracetamol,Azithromycin,Vitamin C,874,108.93,0
2024-07-17,1069,Garcia-Copeland Hospital,Atkinsonstad,Kentucky,3,1,85,7,77,350,40,5,23,4,Chloroquine,Artemisinin,Primaquine,425,22.0,1
2024-07-18,1016,Gallagher Inc Hospital,West Frank,Rhode Island,4,1,156,29,101,513,60,16,42,12,Amoxicillin,Azithromycin,Cough Syrup,624,19.69,1
2024-07-19,1028,Jacobson-Davis Hospital,Amandashire,Tennessee,5,1,377,54,344,392,127,20,59,30,Ciprofloxacin,Azithromycin,ORS,1131,87.76,0
2024-07-20,1069,Griffin Inc Hospital,Port Michelechester,Maryland,0,0,270,27,232,517,75,31,74,11,Remdesivir,Paracetamol,Oxygen Support,1350,44.87,1
2024-07-21,1006,Scott-Peterson Hospital,North Alexandra,Nebraska,1,1,300,56,257,306,74,20,71,18,ORS,Platelets,Paracetamol,1200,83.99,2
2024-07-22,1020,"Smith, Rojas and Adams Hospital",Smithmouth,Nevada,1,2,317,50,212,225,121,20,87,37,ORS,Platelets,Paracetamol,634,94.22,0
2024-07-23,1083,Berry Group Hospital,West Rachelville,Iowa,4,2,466,99,312,105,128,32,123,56,Amoxicillin,Azithromycin,Cough Syrup,932,297.14,0
2024-07-24,1000,Ramirez-Farley Hospital,West Jessica,Utah,1,2,352,80,313,396,72,41,53,34,ORS,Platelets,Paracetamol,1056,79.04,2
2024-07-25,1011,Day Inc Hospital,Port Matthewview,Wyoming,0,0,208,44,196,298,74,24,59,29,Remdesivir,Paracetamol,Oxygen Support,416,65.77,2
2024-07-26,1022,"Thomas, Edwards and Meyer Hospital",Davidhaven,Pennsylvania,1,2,72,15,65,229,33,6,11,10,ORS,Platelets,Paracetamol,144,28.38,1
2024-07-27,1082,Rich and Sons Hospital,Robertsland,Texas,5,1,228,42,157,339,102,22,34,18,Ciprofloxacin,Azithromycin,ORS,912,46.31,1
2024-07-28,1085,"Johnston, Russo and Mccarthy Hospital",Welchland,Ohio,2,1,268,59,177,586,125,25,71,41,Paracetamol,Azithromycin,Vitamin C,1340,30.2,1
2024-07-29,1056,"Frederick, Gonzalez and Johnson Hospital",South Cameronville,Oklahoma,5,2,310,64,236,561,69,21,55,38,Ciprofloxacin,Azithromycin,ORS,930,42.07,1
2024-07-30,1029,Rosales-Ball Hospital,Janiceburgh,Colorado,1,1,182,19,110,352,50,16,31,8,ORS,Platelets,Paracetamol,910,31.25,1
2024-07-31,1099,"Contreras, King and Serrano Hospital",Lake Karlland,Alaska,5,1,54,7,40,570,24,5,8,2,Ciprofloxacin,Azithromycin,ORS,270,7.02,1
2024-08-01,1074,"Morales, Tyler and Henderson Hospital",Charlesshire,Utah,5,2,217,33,136,547,86,21,50,25,Ciprofloxacin,Azithromycin,ORS,434,24.86,1
2024-08-02,1074,Robinson Inc Hospital,Lake Alanbury,Oregon,2,2,143,30,115,375,41,16,22,17,Paracetamol,Azithromycin,Vitamin C,572,30.67,1
2024-08-03,1077,Nolan Group Hospital,Jonesfurt,Massachusetts,0,2,82,9,64,560,38,6,24,5,Remdesivir,Paracetamol,Oxygen Support,246,11.43,1
2024-08-04,1074,Rojas-Rose Hospital,Rhondaville,Florida,4,0,274,31,219,132,101,23,66,15,Amoxicillin,Azithromycin,Cough Syrup,1370,165.91,0
2024-08-05,1087,Haynes-Santiago Hospital,West Jennyberg,New Mexico,4,1,291,66,265,505,125,16,62,33,Amoxicillin,Azithromycin,Cough Syrup,1164,52.48,1
2024-08-06,1005,"Carpenter, Marquez and Gonzales Hospital",Josephport,Nebraska,2,0,164,21,117,442,49,13,38,7,Paracetamol,Azithromycin,Vitamin C,820,26.47,1
2024-08-07,1083,Avery LLC Hospital,Miguelside,Idaho,3,0,116,17,79,222,37,8,31,9,Chloroquine,Artemisinin,Primaquine,580,35.59,1
2024-08-08,1089,"Cline, Greer and Huber Hospital",West Eddiebury,Kentucky,0,0,445,51,327,476,188,52,100,33,Remdesivir,Paracetamol,Oxygen Support,2225,68.7,2
2024-08-09,1004,Smith-Miller Hospital,Josephberg,Hawaii,1,0,221,53,208,366,104,17,48,34,ORS,Platelets,Paracetamol,884,56.83,1
2024-08-10,1092,Smith-Smith Hospital,Cassandrashire,Nebraska,1,2,176,17,162,443,52,11,36,7,ORS,Platelets,Paracetamol,880,36.57,1
2024-08-11,1007,"Perez, Garcia and Miller Hospital",Walkerborough,Iowa,4,0,412,97,319,525,157,33,66,34,Amoxicillin,Azithromycin,Cough Syrup,2060,60.76,1
2024-08-12,1042,"Porter, Hoffman and Curry Hospital",Roseton,Pennsylvania,5,0,462,114,345,338,155,39,95,45,Ciprofloxacin,Azithromycin,ORS,1386,102.07,0
2024-08-13,1064,Vasquez-Salinas Hospital,New Timothy,Mississippi,1,1,472,71,357,556,118,28,104,22,ORS,Platelets,Paracetamol,1888,64.21,1
2024-08-14,1056,"Cook, Simmons and Brown Hospital",Andersonville,Idaho,2,0,184,19,168,144,43,17,33,5,Paracetamol,Azithromycin,Vitamin C,920,116.67,0
2024-08-15,1016,"Warren, Evans and Andrews Hospital",West Daniel,Kansas,4,0,102,10,92,343,45,10,20,5,Amoxicillin,Azithromycin,Cough Syrup,306,26.82,1
2024-08-16,1069,Butler Inc Hospital,North Markport,Ohio,5,0,415,75,292,285,185,28,70,38,Ciprofloxacin,Azithromycin,ORS,1245,102.46,0
2024-08-17,1038,Blackwell PLC Hospital,Tiffanyfurt,Kentucky,2,1,231,20,163,520,97,20,62,14,Paracetamol,Azithromycin,Vitamin C,924,31.35,1
2024-08-18,1005,Woods Group Hospital,Lake Michaelshire,Maryland,4,2,415,38,335,491,206,41,76,23,Amoxicillin,Azithromycin,Cough Syrup,830,68.23,2
2024-08-19,1039,White Ltd Hospital,Port Holly,Massachusetts,4,1,286,31,257,575,72,32,52,20,Amoxicillin,Azithromycin,Cough Syrup,858,44.7,1
2024-08-20,1058,"Herrera, Miller and Herman Hospital",Port Rachelfort,Arkansas,1,2,198,18,157,126,56,13,30,5,ORS,Platelets,Paracetamol,792,124.6,0
2024-08-21,1065,"Ritter, Key and Freeman Hospital",South Michael,Florida,1,0,263,48,216,458,121,21,74,28,ORS,Platelets,Paracetamol,1315,47.16,1
2024-08-22,1087,Taylor Group Hospital,New Virginiaton,Kentucky,4,0,289,26,189,425,81,30,76,19,Amoxicillin,Azithromycin,Cough Syrup,867,44.47,1
2024-08-23,1100,"Mayer, Singh and Simpson Hospital",Aliciashire,Illinois,0,0,442,56,345,589,182,51,93,40,Remdesivir,Paracetamol,Oxygen Support,884,58.57,1
2024-08-24,1001,Preston-Thomas Hospital,Matamouth,New Mexico,3,1,241,51,175,222,56,25,69,31,Chloroquine,Artemisinin,Primaquine,482,78.83,2
2024-08-25,1003,Morrison-Simmons Hospital,East Kathy,Oregon,2,2,271,50,242,165,114,26,53,22,Paracetamol,Azithromycin,Vitamin C,1084,146.67,0
2024-08-26,1000,Boyle-Gray Hospital,West Lucasberg,Vermont,2,2,464,59,367,558,208,55,100,24,Paracetamol,Azithromycin,Vitamin C,928,65.77,2
2024-08-27,1004,Barrera-Phillips Hospital,New Nancyland,Iowa,3,1,169,19,104,396,82,18,33,7,Chloroquine,Artemisinin,Primaquine,845,26.26,1
2024-08-28,1018,Lee LLC Hospital,Wellsport,Alaska,5,0,365,56,227,131,173,35,61,39,Ciprofloxacin,Azithromycin,ORS,730,173.28,0
2024-08-29,1000,"Osborn, Pena and Jordan Hospital",West Robert,Florida,1,1,71,6,57,227,19,6,19,4,ORS,Platelets,Paracetamol,355,25.11,1
2024-08-30,1013,Parker-Bush Hospital,South Markfort,Michigan,5,1,371,61,336,172,115,39,67,47,Ciprofloxacin,Azithromycin,ORS,742,195.35,0
2024-08-31,1023,Page Group Hospital,Jamesland,South Carolina,3,0,113,11,81,373,36,11,32,7,Chloroquine,Artemisinin,Primaquine,226,21.72,1
2024-09-01,1063,Bernard Group Hospital,Lake Christinastad,Virginia,1,1,183,42,124,424,68,10,39,29,ORS,Platelets,Paracetamol,732,29.25,1
2024-09-02,1061,Adams-Cruz Hospital,Port Jasmine,Tennessee,2,0,134,33,126,545,45,14,36,26,Paracetamol,Azithromycin,Vitamin C,402,23.12,1
2024-09-03,1084,Jackson-Anderson Hospital,Stevenview,Utah,2,2,51,6,35,296,14,3,14,3,Paracetamol,Azithromycin,Vitamin C,255,11.82,1
2024-09-04,1080,"Graves, Bell and Duarte Hospital",Kimtown,Louisiana,3,1,431,88,298,307,189,29,103,46,Chloroquine,Artemisinin,Primaquine,862,97.07,0
2024-09-05,1065,"Nelson, Harris and Brown Hospital",Waltersmouth,Alabama,1,2,484,47,308,141,153,25,125,19,ORS,Platelets,Paracetamol,968,218.44,0
2024-09-06,1069,Flores-Hall Hospital,Nicoleborough,Illinois,2,0,185,19,171,248,90,13,37,8,Paracetamol,Azithromycin,Vitamin C,925,68.95,2
2024-09-07,1024,"Rodriguez, Henderson and Wade Hospital",Loweton,Maine,3,2,314,48,258,474,86,26,58,28,Chloroquine,Artemisinin,Primaquine,628,54.43,1
2024-09-08,1096,Jones Inc Hospital,Lake Christopherbury,Connecticut,4,1,234,22,150,198,46,15,59,16,Amoxicillin,Azithromycin,Cough Syrup,468,75.76,2
2024-09-09,1100,Zhang PLC Hospital,Gonzalezburgh,Vermont,5,2,473,40,430,294,192,37,89,24,Ciprofloxacin,Azithromycin,ORS,1892,146.26,0
2024-09-10,1057,Esparza Group Hospital,New Jamestown,Idaho,3,2,409,46,253,582,168,26,63,27,Chloroquine,Artemisinin,Primaquine,1636,43.47,1
2024-09-11,1026,Mora-Gross Hospital,Batesberg,Nevada,1,1,163,34,98,180,61,16,40,12,ORS,Platelets,Paracetamol,489,54.44,1
2024-09-12,1096,Scott LLC Hospital,Contreraschester,Kansas,5,0,414,35,365,487,108,28,72,18,Ciprofloxacin,Azithromycin,ORS,2070,74.95,2
2024-09-13,1026,"Alexander, Chaney and Herrera Hospital",Markland,Massachusetts,5,2,77,6,64,301,20,4,21,3,Ciprofloxacin,Azithromycin,ORS,385,21.26,1
2024-09-14,1032,"Diaz, Valdez and Morris Hospital",Davidsonborough,Florida,4,0,197,22,141,473,65,17,41,15,Amoxicillin,Azithromycin,Cough Syrup,985,29.81,1
2024-09-15,1009,Smith-Herrera Hospital,East Clarence,Missouri,1,0,166,16,133,358,50,11,47,10,ORS,Platelets,Paracetamol,664,37.15,1
2024-09-16,1062,"Gay, Cooper and Johnson Hospital",East Wendy,Massachusetts,3,2,185,35,144,554,72,20,44,23,Chloroquine,Artemisinin,Primaquine,740,25.99,1
2024-09-17,1046,Stewart-Scott Hospital,Wrightbury,Georgia,0,0,95,18,74,525,19,5,19,5,Remdesivir,Paracetamol,Oxygen Support,285,14.1,1
2024-09-18,1040,Gonzalez Ltd Hospital,Port Melissatown,Mississippi,3,0,120,13,102,469,45,10,31,10,Chloroquine,Artemisinin,Primaquine,600,21.75,1
2024-09-19,1070,"Paul, Matthews and Lopez Hospital",Jasonbury,Washington,1,0,330,46,263,122,89,32,96,35,ORS,Platelets,Paracetamol,990,215.57,0
2024-09-20,1021,Boyd-Lamb Hospital,Sanchezside,Missouri,0,1,362,35,250,418,79,20,98,24,Remdesivir,Paracetamol,Oxygen Support,1086,59.81,1
2024-09-21,1081,"Vaughan, Sanchez and Hall Hospital",Mezaborough,Wyoming,4,0,173,39,140,147,65,16,41,25,Amoxicillin,Azithromycin,Cough Syrup,519,95.24,0
2024-09-22,1019,Wright and Sons Hospital,West Mario,Mississippi,3,1,493,99,326,407,201,50,143,74,Chloroquine,Artemisinin,Primaquine,2465,80.1,2
2024-09-23,1099,Cochran and Sons Hospital,Stephaniemouth,Texas,0,0,218,36,169,286,63,22,55,25,Remdesivir,Paracetamol,Oxygen Support,654,59.09,1
2024-09-24,1005,"Hernandez, King and Jefferson Hospital",Smithberg,Missouri,0,1,169,29,103,249,79,13,50,17,Remdesivir,Paracetamol,Oxygen Support,507,41.37,1
2024-09-25,1012,"Walls, Ward and Sanders Hospital",Nathanchester,Michigan,3,0,60,13,37,552,17,4,13,9,Chloroquine,Artemisinin,Primaquine,120,6.7,1
2024-09-26,1046,Young-Nelson Hospital,New Ronaldchester,Alabama,2,1,410,82,368,482,147,36,104,27,Paracetamol,Azithromycin,Vitamin C,1230,76.35,2
2024-09-27,1007,"Rodriguez, Morrison and Baker Hospital",Mitchellbury,Arkansas,2,1,100,13,80,542,39,7,23,9,Paracetamol,Azithromycin,Vitamin C,500,14.76,1
2024-09-28,1093,King-Rush Hospital,Shawntown,Texas,0,2,185,43,144,599,50,12,42,24,Remdesivir,Paracetamol,Oxygen Support,555,24.04,1
2024-09-29,1047,"Richardson, Miller and Taylor Hospital",New Emily,Georgia,2,1,105,10,90,230,46,12,29,7,Paracetamol,Azithromycin,Vitamin C,210,39.13,1
2024-09-30,1052,"Roberts, Carr and Howell Hospital",Whiteport,New Mexico,1,1,220,54,140,542,68,22,45,21,ORS,Platelets,Paracetamol,880,25.83,1
2024-10-01,1100,Wilkins-Pearson Hospital,Port Brittany,Ohio,3,0,339,59,295,293,81,33,95,20,Chloroquine,Artemisinin,Primaquine,1695,100.68,0
2024-10-02,1034,Martin PLC Hospital,Riveraview,Kentucky,4,1,272,64,241,189,132,20,80,45,Amoxicillin,Azithromycin,Cough Syrup,1360,127.51,0
2024-10-03,1075,"Parrish, Frank and Cross Hospital",Nashfurt,New Hampshire,5,1,445,77,337,286,105,41,117,56,Ciprofloxacin,Azithromycin,ORS,2225,117.83,0
2024-10-04,1046,Garner-Schultz Hospital,Calvinland,Pennsylvania,2,1,490,78,375,313,213,27,140,62,Paracetamol,Azithromycin,Vitamin C,980,119.81,0
2024-10-05,1060,Dominguez-Williams Hospital,Lake Ricardo,North Carolina,1,1,82,11,55,170,37,5,14,3,ORS,Platelets,Paracetamol,164,32.35,1
2024-10-06,1094,Willis and Sons Hospital,Lake Lindsey,Utah,2,0,427,81,267,205,212,29,98,53,Paracetamol,Azithromycin,Vitamin C,1281,130.24,0
2024-10-07,1016,Bailey Group Hospital,North Kimberlyhaven,Massachusetts,0,0,201,32,123,504,44,19,43,19,Remdesivir,Paracetamol,Oxygen Support,804,24.4,1
2024-10-08,1016,"Ellison, Curtis and Reed Hospital",Port Jonathanville,West Virginia,0,0,425,89,282,410,195,34,105,37,Remdesivir,Paracetamol,Oxygen Support,1275,68.78,2
2024-10-09,1090,Collier-Barrett Hospital,West Jennifermouth,Wyoming,1,2,55,9,45,394,11,4,14,4,ORS,Platelets,Paracetamol,110,11.42,1
2024-10-10,1090,Oliver Ltd Hospital,West Jakeburgh,Minnesota,5,2,233,48,142,122,110,14,69,23,Ciprofloxacin,Azithromycin,ORS,932,116.39,0
2024-10-11,1007,"Griffith, Horne and Ramirez Hospital",New Andrew,Oregon,4,0,328,70,266,568,141,18,87,34,Amoxicillin,Azithromycin,Cough Syrup,984,46.83,1
2024-10-12,1024,"Thompson, Lee and Huang Hospital",Danielville,Illinois,2,0,335,42,229,259,138,17,73,28,Paracetamol,Azithromycin,Vitamin C,1005,88.42,0
2024-10-13,1056,Kennedy Group Hospital,Melaniestad,Michigan,0,1,380,58,231,205,99,34,96,39,Remdesivir,Paracetamol,Oxygen Support,1140,112.68,0
2024-10-14,1064,Stevenson-Snow Hospital,Martinland,Oklahoma,4,2,272,63,188,311,65,30,46,42,Amoxicillin,Azithromycin,Cough Syrup,816,60.45,1
2024-10-15,1069,Dillon-Nicholson Hospital,West Hectorside,Montana,0,0,75,7,70,124,24,5,18,4,Remdesivir,Paracetamol,Oxygen Support,225,56.45,1
2024-10-16,1069,Cardenas Ltd Hospital,Port Erikbury,Colorado,1,2,330,54,214,223,119,16,75,33,ORS,Platelets,Paracetamol,990,95.96,0
2024-10-17,1076,Jennings-Dalton Hospital,East Reginald,Ohio,3,0,361,69,253,450,166,38,101,21,Chloroquine,Artemisinin,Primaquine,1083,56.22,1
2024-10-18,1033,"Franco, Contreras and Brady Hospital",Lake Jonstad,Delaware,3,0,481,105,290,517,188,54,99,67,Chloroquine,Artemisinin,Primaquine,962,56.09,1
2024-10-19,1095,Black-Stanley Hospital,South Catherineton,North Carolina,1,0,440,67,350,152,164,45,110,40,ORS,Platelets,Paracetamol,2200,230.26,0
2024-10-20,1027,Kelly-White Hospital,Vanessabury,Wyoming,1,2,347,54,241,596,168,20,65,17,ORS,Platelets,Paracetamol,1041,40.44,1
2024-10-21,1092,Frazier-Carter Hospital,West Kristaview,Oklahoma,1,1,376,31,350,225,111,29,102,10,ORS,Platelets,Paracetamol,1128,155.56,0
2024-10-22,1091,"Hart, Cochran and Black Hospital",Bestberg,Indiana,5,0,62,11,56,133,20,4,11,5,Ciprofloxacin,Azithromycin,ORS,310,42.11,1
2024-10-23,1044,"Olson, Hill and Smith Hospital",Stephenmouth,Maryland,3,2,278,38,263,445,100,25,72,11,Chloroquine,Artemisinin,Primaquine,834,59.1,1
2024-10-24,1090,"Wilson, Briggs and Trevino Hospital",North Charles,Arkansas,3,0,163,34,131,368,33,9,29,22,Chloroquine,Artemisinin,Primaquine,326,35.6,1
2024-10-25,1099,Mckinney Group Hospital,Port Amber,Alabama,3,1,199,31,172,471,72,23,29,18,Chloroquine,Artemisinin,Primaquine,597,36.52,1
2024-10-26,1028,Williamson-Ryan Hospital,Englishview,Alaska,1,1,389,59,252,430,188,21,67,28,ORS,Platelets,Paracetamol,1167,58.6,1
2024-10-27,1057,"Perry, Barry and Rice Hospital",New Gregoryton,Ohio,2,1,378,43,334,510,164,28,87,25,Paracetamol,Azithromycin,Vitamin C,1890,65.49,2
2024-10-28,1090,Combs PLC Hospital,Frankland,Rhode Island,0,2,419,55,371,356,179,32,89,38,Remdesivir,Paracetamol,Oxygen Support,1257,104.21,0
2024-10-29,1093,"Graham, Smith and Case Hospital",Codyville,Missouri,1,2,140,32,92,184,39,14,41,13,ORS,Platelets,Paracetamol,420,50.0,1
2024-10-30,1075,"Cooper, Wolf and Perez Hospital",Terryborough,Nebraska,2,1,228,21,153,200,103,17,47,12,Paracetamol,Azithromycin,Vitamin C,456,76.5,2
2024-10-31,1084,"Hernandez, Campbell and Jackson Hospital",Kimberlytown,Alaska,1,2,236,28,173,477,78,12,57,14,ORS,Platelets,Paracetamol,944,36.27,1
2024-11-01,1067,Mccall Ltd Hospital,North Michelle,Mississippi,3,2,133,32,81,172,32,9,27,15,Chloroquine,Artemisinin,Primaquine,266,47.09,1
2024-11-02,1012,"Boyer, Beasley and Eaton Hospital",West Erinmouth,Maine,4,2,156,23,130,155,57,11,40,8,Amoxicillin,Azithromycin,Cough Syrup,780,83.87,2
2024-11-03,1099,Mcneil-Wells Hospital,North Peterville,Indiana,1,0,236,46,214,331,74,26,69,27,ORS,Platelets,Paracetamol,1180,64.65,1
2024-11-04,1064,Garcia LLC Hospital,Kellybury,Maryland,2,2,259,55,201,484,87,26,39,21,Paracetamol,Azithromycin,Vitamin C,777,41.53,1
2024-11-05,1076,Obrien-Carter Hospital,Steveshire,Louisiana,1,0,400,47,307,589,159,29,83,19,ORS,Platelets,Paracetamol,1200,52.12,1
2024-11-06,1015,"Gonzalez, Smith and Hall Hospital",Port Charlene,Florida,2,2,381,34,257,500,131,40,90,11,Paracetamol,Azithromycin,Vitamin C,1143,51.4,1
2024-11-07,1080,Thomas-Castro Hospital,Khanton,Florida,3,2,363,66,343,286,137,31,57,45,Chloroquine,Artemisinin,Primaquine,1452,119.93,0
2024-11-08,1023,Williams-Henry Hospital,New Cameron,Iowa,4,2,223,20,186,587,46,11,55,15,Amoxicillin,Azithromycin,Cough Syrup,446,31.69,1
2024-11-09,1040,"Mccoy, Russell and Nelson Hospital",Vanessaview,Alaska,5,2,346,29,235,164,167,17,69,8,Ciprofloxacin,Azithromycin,ORS,1384,143.29,0
2024-11-10,1015,Ewing Ltd Hospital,Michaeltown,Nebraska,4,1,434,53,397,196,183,46,65,40,Amoxicillin,Azithromycin,Cough Syrup,1302,202.55,0
2024-11-11,1057,Barker PLC Hospital,Humphreyport,Oregon,5,1,411,98,312,323,124,38,68,75,Ciprofloxacin,Azithromycin,ORS,822,96.59,0
2024-11-12,1030,Mcguire-Hull Hospital,Lake Danielleberg,South Carolina,2,1,311,75,260,531,85,32,55,38,Paracetamol,Azithromycin,Vitamin C,933,48.96,1
2024-11-13,1048,Brown-Kelley Hospital,East Rachelport,Minnesota,0,0,494,62,388,568,226,58,120,37,Remdesivir,Paracetamol,Oxygen Support,2470,68.31,2
2024-11-14,1027,Thompson-Williams Hospital,West Jennifermouth,North Dakota,5,1,137,23,95,558,46,15,36,16,Ciprofloxacin,Azithromycin,ORS,274,17.03,1
2024-11-15,1034,Beasley Group Hospital,Morrowview,Indiana,5,0,136,15,121,589,61,12,22,10,Ciprofloxacin,Azithromycin,ORS,272,20.54,1
2024-11-16,1012,Rogers-Woodward Hospital,South Wesleyfurt,Illinois,2,1,181,29,135,373,82,9,52,18,Paracetamol,Azithromycin,Vitamin C,724,36.19,1
2024-11-17,1046,"Brown, Howard and Carroll Hospital",Port Michelle,South Carolina,1,0,274,43,243,590,113,27,79,26,ORS,Platelets,Paracetamol,548,41.19,1
2024-11-18,1019,"Cole, Chavez and Welch Hospital",New Jeffrey,California,2,0,62,13,44,270,20,4,14,5,Paracetamol,Azithromycin,Vitamin C,310,16.3,1
2024-11-19,1024,"Johnson, Bailey and Anderson Hospital",South Jamestown,New York,3,2,465,63,333,510,213,47,72,32,Chloroquine,Artemisinin,Primaquine,930,65.29,2
2024-11-20,1077,Mckenzie PLC Hospital,Susanton,North Carolina,5,1,277,62,184,213,109,23,57,39,Ciprofloxacin,Azithromycin,ORS,1385,86.38,0
2024-11-21,1032,"Kelly, Davis and Davis Hospital",North Chelseachester,Colorado,4,0,188,18,152,219,70,13,31,9,Amoxicillin,Azithromycin,Cough Syrup,564,69.41,2
2024-11-22,1019,"Klein, Daugherty and Hoover Hospital",Lake Thomas,Oregon,5,1,171,37,112,255,57,18,43,25,Ciprofloxacin,Azithromycin,ORS,513,43.92,1
2024-11-23,1025,"Morrison, Francis and Alexander Hospital",Danielchester,Oregon,5,2,99,22,93,205,31,10,16,12,Ciprofloxacin,Azithromycin,ORS,396,45.37,1
2024-11-24,1072,Sutton-Vargas Hospital,West Bradley,North Carolina,4,1,376,69,292,322,76,22,109,46,Amoxicillin,Azithromycin,Cough Syrup,1504,90.68,0
2024-11-25,1055,"Anderson, Baker and Dalton Hospital",Seanmouth,Nebraska,2,0,392,56,253,485,185,38,68,25,Paracetamol,Azithromycin,Vitamin C,1568,52.16,1
2024-11-26,1028,"Stafford, Salinas and Bright Hospital",East Paul,Oregon,4,0,84,13,51,118,29,7,16,9,Amoxicillin,Azithromycin,Cough Syrup,168,43.22,1
2024-11-27,1071,Sawyer Group Hospital,Brettville,California,2,2,226,22,213,467,71,27,65,8,Paracetamol,Azithromycin,Vitamin C,452,45.61,1
2024-11-28,1046,Gonzalez-Dennis Hospital,East Bill,South Dakota,1,0,234,23,165,398,110,20,35,17,ORS,Platelets,Paracetamol,936,41.46,1
2024-11-29,1015,"Ewing, Mcfarland and Herrera Hospital",West Meaganton,Alabama,2,0,360,42,276,524,118,28,72,16,Paracetamol,Azithromycin,Vitamin C,1800,52.67,1
2024-11-30,1096,Frank-Daniel Hospital,Port Roy,Montana,3,0,471,53,292,217,219,26,73,18,Chloroquine,Artemisinin,Primaquine,942,134.56,0
2024-12-01,1049,"Hooper, Knight and Walker Hospital",Schneidermouth,North Carolina,0,1,429,74,270,593,212,51,78,33,Remdesivir,Paracetamol,Oxygen Support,2145,45.53,1
2024-12-02,1013,"Simpson, Hawkins and Rivas Hospital",Schwartzchester,North Dakota,1,1,74,17,48,448,21,4,11,13,ORS,Platelets,Paracetamol,222,10.71,1
2024-12-03,1002,Hooper and Sons Hospital,New Jeffreyborough,Rhode Island,4,1,373,84,313,549,128,34,75,33,Amoxicillin,Azithromycin,Cough Syrup,1865,57.01,1
2024-12-04,1019,"Espinoza, Robertson and Campbell Hospital",Michaelchester,Arkansas,3,2,68,6,44,512,22,6,16,4,Chloroquine,Artemisinin,Primaquine,272,8.59,1
2024-12-05,1027,"Davis, Mendoza and Long Hospital",East Sheila,Arkansas,2,1,83,9,55,189,25,5,14,5,Paracetamol,Azithromycin,Vitamin C,166,29.1,1
2024-12-06,1075,"Ramirez, Ortiz and Morgan Hospital",Shermanburgh,Louisiana,0,0,148,12,91,214,42,9,41,7,Remdesivir,Paracetamol,Oxygen Support,592,42.52,1
2024-12-07,1067,Brown Group Hospital,Taraborough,Alaska,2,0,366,72,231,502,134,25,57,55,Paracetamol,Azithromycin,Vitamin C,1830,46.02,1
2024-12-08,1036,"Mckenzie, Collins and Roberts Hospital",Tuckerport,Washington,4,2,55,8,47,306,15,5,8,5,Amoxicillin,Azithromycin,Cough Syrup,165,15.36,1
2024-12-09,1004,Kim-Carter Hospital,Kaylafort,Georgia,3,0,139,16,89,588,61,9,23,6,Chloroquine,Artemisinin,Primaquine,695,15.14,1
2024-12-10,1062,Dixon-Castillo Hospital,North Karen,Hawaii,3,2,500,81,443,565,199,37,85,60,Chloroquine,Artemisinin,Primaquine,1000,78.41,2
2024-12-11,1005,"Pacheco, Smith and Osborne Hospital",Millerview,Delaware,3,0,144,25,95,552,57,9,32,12,Chloroquine,Artemisinin,Primaquine,576,17.21,1
2024-12-12,1019,"Arnold, Gibbs and Bruce Hospital",Nicoleside,Oregon,0,2,172,15,123,406,41,19,48,5,Remdesivir,Paracetamol,Oxygen Support,860,30.3,1
2024-12-13,1100,Duran LLC Hospital,Heatherville,Wisconsin,0,2,96,18,79,471,36,6,19,8,Remdesivir,Paracetamol,Oxygen Support,288,16.77,1
2024-12-14,1097,"Baker, Martin and Moore Hospital",South Monicaport,Florida,2,1,205,41,157,517,47,17,50,15,Paracetamol,Azithromycin,Vitamin C,820,30.37,1
2024-12-15,1032,Fox-Aguirre Hospital,West Martin,Vermont,5,1,226,50,156,151,51,21,48,34,Ciprofloxacin,Azithromycin,ORS,1130,103.31,0
2024-12-16,1012,Simpson-Ward Hospital,North Jeffreyfort,Wisconsin,3,1,301,35,255,212,147,15,56,21,Chloroquine,Artemisinin,Primaquine,1204,120.28,0
2024-12-17,1061,Coleman-Young Hospital,Scottville,Maine,1,0,230,40,145,204,83,14,40,30,ORS,Platelets,Paracetamol,1150,71.08,2
2024-12-18,1080,Jones-Scott Hospital,Kellyhaven,Colorado,1,2,318,59,253,222,118,26,55,43,ORS,Platelets,Paracetamol,1272,113.96,0
2024-12-19,1047,Craig-Mendoza Hospital,Robertsonport,North Carolina,5,2,431,97,347,368,196,24,103,66,Ciprofloxacin,Azithromycin,ORS,1293,94.29,0
2024-12-20,1029,Johnson-Wright Hospital,Johnsonhaven,Montana,5,1,354,52,324,586,73,37,54,40,Ciprofloxacin,Azithromycin,ORS,1062,55.29,1
2024-12-21,1027,"Taylor, Haynes and Erickson Hospital",Lake David,Rhode Island,2,2,96,18,72,439,36,8,26,10,Paracetamol,Azithromycin,Vitamin C,192,16.4,1
2024-12-22,1057,"Collins, Fox and Diaz Hospital",West Elizabethhaven,Utah,1,2,208,22,153,177,47,17,48,13,ORS,Platelets,Paracetamol,624,86.44,0
2024-12-23,1046,Smith-Martin Hospital,Jacquelineton,Missouri,3,1,53,10,36,515,23,4,10,6,Chloroquine,Artemisinin,Primaquine,212,6.99,1
2024-12-24,1056,Delacruz-Haynes Hospital,East Jennifer,California,4,0,318,77,232,460,67,21,50,36,Amoxicillin,Azithromycin,Cough Syrup,636,50.43,1
2024-12-25,1039,Bryant-Edwards Hospital,South Adamchester,Oregon,1,1,403,34,276,120,171,36,111,22,ORS,Platelets,Paracetamol,1612,230.0,0
2024-12-26,1080,"Clark, Clark and Robles Hospital",Garytown,Wyoming,0,0,401,61,259,430,157,30,84,31,Remdesivir,Paracetamol,Oxygen Support,1604,60.23,1
2024-12-27,1066,Decker-Cooke Hospital,Lake Brittney,Massachusetts,0,2,227,19,159,211,71,16,67,8,Remdesivir,Paracetamol,Oxygen Support,681,75.36,2
2024-12-28,1072,Richards Group Hospital,North Jesseville,Utah,4,1,95,13,81,103,27,5,14,5,Amoxicillin,Azithromycin,Cough Syrup,285,78.64,2
2024-12-29,1015,Bailey and Sons Hospital,Herreraburgh,Texas,3,0,244,50,183,224,54,15,54,27,Chloroquine,Artemisinin,Primaquine,488,81.7,2
2024-12-30,1045,Lee and Sons Hospital,Lake Emily,Missouri,5,2,426,105,310,501,137,36,90,51,Ciprofloxacin,Azithromycin,ORS,852,61.88,1
2024-01-01,1000,"Bowman, Klein and Castro Hospital",Bonniefort,South Carolina,3,2,208,34,157,530,44,19,60,23,Chloroquine,Artemisinin,Primaquine,624,29.62,1
2024-01-02,1021,Hobbs PLC Hospital,North Kimberlybury,Michigan,4,1,220,18,177,324,87,25,45,10,Amoxicillin,Azithromycin,Cough Syrup,660,54.63,1
2024-01-03,1040,"Calderon, Nixon and Ellison Hospital",New Kyleburgh,Hawaii,0,1,425,55,306,489,89,38,114,20,Remdesivir,Paracetamol,Oxygen Support,1275,62.58,1
2024-01-04,1004,"Atkinson, Marsh and Owens Hospital",West Franklinburgh,Pennsylvania,3,0,194,15,155,461,57,11,37,7,Chloroquine,Artemisinin,Primaquine,776,33.62,1
2024-01-05,1076,Boyd-Blankenship Hospital,Jasonchester,South Carolina,0,2,474,105,288,183,159,51,99,42,Remdesivir,Paracetamol,Oxygen Support,948,157.38,0
2024-01-06,1047,Cook-Ayala Hospital,West Patricia,Georgia,3,1,51,4,46,428,14,2,8,2,Chloroquine,Artemisinin,Primaquine,153,10.75,1
2024-01-07,1060,"Nunez, Morales and Fowler Hospital",Walkermouth,Iowa,5,2,415,82,278,298,148,28,124,26,Ciprofloxacin,Azithromycin,ORS,830,93.29,0
2024-01-08,1005,"King, Green and Mcgee Hospital",Perezside,Massachusetts,2,1,411,61,256,472,89,30,65,47,Paracetamol,Azithromycin,Vitamin C,1233,54.24,1
2024-01-09,1062,"Sanchez, Flores and Hall Hospital",West Christopher,Washington,4,1,315,44,229,367,151,27,57,26,Amoxicillin,Azithromycin,Cough Syrup,1575,62.4,1
2024-01-10,1003,"Meyers, Carter and Smith Hospital",Lake Ellenmouth,Indiana,5,2,291,65,258,469,63,31,62,28,Ciprofloxacin,Azithromycin,ORS,873,55.01,1
2024-01-11,1087,Cruz-Sutton Hospital,Caitlinview,Virginia,2,2,174,26,136,148,48,10,36,14,Paracetamol,Azithromycin,Vitamin C,696,91.89,0
2024-01-12,1039,"Buck, Powell and Wallace Hospital",Michaelberg,Georgia,0,1,75,14,60,566,25,6,17,9,Remdesivir,Paracetamol,Oxygen Support,375,10.6,1
2024-01-13,1026,"Marsh, Walter and Robbins Hospital",Torresview,Oregon,0,2,66,7,61,577,23,5,15,4,Remdesivir,Paracetamol,Oxygen Support,330,10.57,1
2024-01-14,1036,Murphy and Sons Hospital,Hallside,Tennessee,0,2,50,5,44,259,11,3,11,2,Remdesivir,Paracetamol,Oxygen Support,150,16.99,1
2024-01-15,1004,Powell Inc Hospital,Reillyshire,New York,3,1,247,49,234,600,105,27,46,34,Chloroquine,Artemisinin,Primaquine,494,39.0,1
2024-01-16,1075,Osborne Inc Hospital,Lake Joseph,North Carolina,1,0,122,18,98,483,51,9,20,6,ORS,Platelets,Paracetamol,244,20.29,1
2024-01-17,1040,Stevens-Herrera Hospital,New Alexander,Wyoming,4,2,172,34,144,230,72,20,27,16,Amoxicillin,Azithromycin,Cough Syrup,516,62.61,1
2024-01-18,1025,Chavez-Blevins Hospital,Melindashire,Alabama,5,2,151,33,132,211,40,17,38,10,Ciprofloxacin,Azithromycin,ORS,604,62.56,1
2024-01-19,1004,"Aguirre, Meyer and Pope Hospital",Port Beverlyside,Missouri,4,1,313,73,192,254,96,25,86,56,Amoxicillin,Azithromycin,Cough Syrup,1252,75.59,2
2024-01-20,1017,Nguyen Inc Hospital,Ericaview,Nebraska,3,2,396,93,241,308,124,47,80,34,Chloroquine,Artemisinin,Primaquine,1188,78.25,2
2024-01-21,1014,Jennings-Mccall Hospital,Michelleland,Vermont,4,0,498,52,304,233,153,37,105,29,Amoxicillin,Azithromycin,Cough Syrup,1494,130.47,0
2024-01-22,1021,Parker and Sons Hospital,Ellisport,New Hampshire,4,2,404,75,352,278,156,42,71,53,Amoxicillin,Azithromycin,Cough Syrup,808,126.62,0
2024-01-23,1076,Duffy-Bell Hospital,Johnsonbury,Alabama,4,0,194,24,148,489,82,22,29,15,Amoxicillin,Azithromycin,Cough Syrup,388,30.27,1
2024-01-24,1094,Ibarra-Ellis Hospital,West Autumn,Oklahoma,1,0,380,92,360,173,136,44,86,63,ORS,Platelets,Paracetamol,1140,208.09,0
2024-01-25,1040,Martin-Johnson Hospital,Port Teresafort,California,0,0,93,12,74,566,21,10,23,7,Remdesivir,Paracetamol,Oxygen Support,372,13.07,1
2024-01-26,1100,"Collins, Garza and Jackson Hospital",Anthonyborough,Idaho,5,1,261,24,195,123,104,29,62,7,Ciprofloxacin,Azithromycin,ORS,1305,158.54,0
2024-01-27,1029,Adams-Pope Hospital,Huertaton,New Hampshire,0,1,411,82,305,442,86,39,63,55,Remdesivir,Paracetamol,Oxygen Support,1644,69.0,2
2024-01-28,1008,Gill-Carroll Hospital,West Laura,Alaska,4,0,338,81,260,318,121,18,73,55,Amoxicillin,Azithromycin,Cough Syrup,1014,81.76,2
2024-01-29,1046,"Rose, Gross and Richardson Hospital",Port Cassiefurt,North Carolina,4,2,237,41,147,138,85,26,35,16,Amoxicillin,Azithromycin,Cough Syrup,474,106.52,0
2024-01-30,1096,Carpenter-Haas Hospital,Port John,Wisconsin,5,0,108,10,98,316,27,7,16,5,Ciprofloxacin,Azithromycin,ORS,540,31.01,1
2024-01-31,1090,Sims PLC Hospital,South William,Kentucky,4,1,392,42,293,398,126,41,101,17,Amoxicillin,Azithromycin,Cough Syrup,1960,73.62,2
2024-02-01,1000,"Woods, Hall and Taylor Hospital",Schroederberg,Maine,4,1,88,19,81,205,38,6,14,13,Amoxicillin,Azithromycin,Cough Syrup,352,39.51,1
2024-02-02,1036,"Gross, Dorsey and Rodriguez Hospital",Chadborough,Iowa,3,0,151,25,121,311,35,13,39,7,Chloroquine,Artemisinin,Primaquine,302,38.91,1
2024-02-03,1008,"Gutierrez, Wood and Wilson Hospital",Port Davidmouth,Kansas,5,2,214,43,189,380,87,20,63,21,Ciprofloxacin,Azithromycin,ORS,428,49.74,1
2024-02-04,1097,Wilson Inc Hospital,Parkermouth,Vermont,0,1,287,67,258,227,103,15,59,50,Remdesivir,Paracetamol,Oxygen Support,1435,113.66,0
2024-02-05,1098,"Nelson, White and Meyers Hospital",Austinberg,South Carolina,2,0,337,29,297,507,144,32,75,16,Paracetamol,Azithromycin,Vitamin C,1011,58.58,1
2024-02-06,1025,"Arnold, Bush and Dudley Hospital",Meganborough,South Carolina,0,0,492,57,350,245,193,47,142,28,Remdesivir,Paracetamol,Oxygen Support,1968,142.86,0
2024-02-07,1092,"Barber, Huber and Ramos Hospital",Lopezton,Virginia,5,2,361,52,238,182,137,21,104,36,Ciprofloxacin,Azithromycin,ORS,1444,130.77,0
2024-02-08,1082,"Perkins, Smith and Hull Hospital",Dyermouth,Louisiana,3,1,486,80,407,463,172,47,121,33,Chloroquine,Artemisinin,Primaquine,1944,87.9,0
2024-02-09,1067,"Davis, Anderson and Ortiz Hospital",Port Christopherchester,Maine,0,1,120,27,86,313,55,13,22,12,Remdesivir,Paracetamol,Oxygen Support,480,27.48,1
2024-02-10,1085,Bowen-Garcia Hospital,Valdezport,New Mexico,4,2,121,12,87,430,44,9,21,4,Amoxicillin,Azithromycin,Cough Syrup,242,20.23,1
2024-02-11,1074,Davidson-Key Hospital,Berryhaven,Hawaii,4,0,259,51,193,493,126,17,73,16,Amoxicillin,Azithromycin,Cough Syrup,1295,39.15,1
2024-02-12,1064,Butler-Kramer Hospital,New Jeffreyborough,Texas,4,1,380,76,335,572,155,45,82,56,Amoxicillin,Azithromycin,Cough Syrup,1140,58.57,1
2024-02-13,1076,"West, Nunez and Jackson Hospital",Monicashire,New York,1,0,396,61,287,105,133,32,90,24,ORS,Platelets,Paracetamol,792,273.33,0
2024-02-14,1080,Marshall Group Hospital,West Jeffreyland,South Dakota,2,1,87,15,62,592,28,9,19,9,Paracetamol,Azithromycin,Vitamin C,348,10.47,1
2024-02-15,1051,Sexton Inc Hospital,Port Michelleport,New Mexico,5,1,305,51,244,416,120,21,80,32,Ciprofloxacin,Azithromycin,ORS,1220,58.65,1
2024-02-16,1051,James Group Hospital,East Jenniferview,Vermont,2,0,422,63,323,391,200,24,116,32,Paracetamol,Azithromycin,Vitamin C,1266,82.61,2
2024-02-17,1089,"Harding, Salazar and Henry Hospital",Smithtown,Colorado,1,0,350,86,223,587,88,27,60,47,ORS,Platelets,Paracetamol,700,37.99,1
2024-02-18,1054,"Hall, Whitaker and Taylor Hospital",New Ryanfort,Maine,5,0,184,34,142,284,86,18,45,21,Ciprofloxacin,Azithromycin,ORS,552,50.0,1
2024-02-19,1055,Nguyen-Drake Hospital,Gillespieborough,New Jersey,0,1,495,116,453,571,132,30,79,62,Remdesivir,Paracetamol,Oxygen Support,1980,79.33,2
2024-02-20,1081,Diaz and Sons Hospital,South Christie,Michigan,5,2,267,31,250,366,78,24,59,19,Ciprofloxacin,Azithromycin,ORS,1335,68.31,2
2024-02-21,1018,"Murray, Rodriguez and Nelson Hospital",East John,Connecticut,1,2,381,68,300,106,79,29,105,47,ORS,Platelets,Paracetamol,1524,283.02,0
2024-02-22,1002,"Clark, Pierce and Butler Hospital",Butlerside,Georgia,4,0,334,32,243,384,120,27,93,12,Amoxicillin,Azithromycin,Cough Syrup,1670,63.28,1
2024-02-23,1041,Thomas-Hall Hospital,Rosschester,New Hampshire,4,2,243,19,178,350,73,28,40,12,Amoxicillin,Azithromycin,Cough Syrup,1215,50.86,1
2024-02-24,1060,"Taylor, Harris and Stephenson Hospital",North Davidborough,Arizona,0,0,416,51,385,434,158,26,103,17,Remdesivir,Paracetamol,Oxygen Support,1248,88.71,0
2024-02-25,1021,Bryant-Clark Hospital,Rhodesport,Maine,3,2,371,59,304,262,140,31,104,19,Chloroquine,Artemisinin,Primaquine,1113,116.03,0
2024-02-26,1079,Velez Inc Hospital,Port Connieport,Georgia,3,0,153,29,97,471,38,8,28,19,Chloroquine,Artemisinin,Primaquine,765,20.59,1
2024-02-27,1093,Foster-Mcintyre Hospital,Mckenzieburgh,Arizona,5,0,203,22,184,582,62,20,43,7,Ciprofloxacin,Azithromycin,ORS,1015,31.62,1
2024-02-28,1024,Chambers-Shelton Hospital,Angelaberg,New York,1,0,219,20,145,436,78,21,50,12,ORS,Platelets,Paracetamol,438,33.26,1
2024-02-29,1054,Johnson Ltd Hospital,Port Micheal,Washington,5,1,473,63,406,220,114,44,141,23,Ciprofloxacin,Azithromycin,ORS,1892,184.55,0
2024-03-01,1073,Dalton LLC Hospital,Aliciastad,Idaho,2,0,79,12,50,347,38,4,12,7,Paracetamol,Azithromycin,Vitamin C,395,14.41,1
2024-03-02,1046,Williams-Barnett Hospital,Lisaport,Alaska,0,2,83,18,50,233,32,4,22,5,Remdesivir,Paracetamol,Oxygen Support,249,21.46,1
2024-03-03,1075,Johnson-Davis Hospital,East Christophermouth,Iowa,3,0,277,38,251,415,63,17,65,25,Chloroquine,Artemisinin,Primaquine,1385,60.48,1
2024-03-04,1079,Curry-Chan Hospital,Jonesside,South Carolina,4,1,209,42,136,557,51,14,53,28,Amoxicillin,Azithromycin,Cough Syrup,627,24.42,1
2024-03-05,1100,"Davies, Watkins and Rodriguez Hospital",East Kellyville,Tennessee,3,2,96,16,63,215,20,8,20,5,Chloroquine,Artemisinin,Primaquine,192,29.3,1
2024-03-06,1063,Lee Inc Hospital,North Dominiquebury,Colorado,5,1,438,97,396,418,106,45,84,68,Ciprofloxacin,Azithromycin,ORS,876,94.74,0
2024-03-07,1016,"Taylor, Howard and Frost Hospital",New Lauraton,Louisiana,0,0,236,21,198,507,55,15,59,8,Remdesivir,Paracetamol,Oxygen Support,944,39.05,1
2024-03-08,1089,"Kent, Smith and Castaneda Hospital",East Jason,Ohio,2,0,400,35,344,575,122,22,99,14,Paracetamol,Azithromycin,Vitamin C,800,59.83,1
2024-03-09,1086,"Lewis, Roberts and Sweeney Hospital",East Elizabethfurt,Ohio,5,1,280,56,238,110,107,22,54,25,Ciprofloxacin,Azithromycin,ORS,840,216.36,0
2024-03-10,1000,"Leonard, Taylor and Ortiz Hospital",West Laurie,Montana,0,0,125,23,114,579,34,13,20,17,Remdesivir,Paracetamol,Oxygen Support,250,19.69,1
2024-03-11,1032,Brown-Sanchez Hospital,North Jean,Wyoming,3,2,484,118,349,499,210,54,126,82,Chloroquine,Artemisinin,Primaquine,1452,69.94,2
2024-03-12,1076,Jensen-Merritt Hospital,East Christine,Colorado,2,1,400,40,365,333,140,38,75,17,Paracetamol,Azithromycin,Vitamin C,1200,109.61,0
2024-03-13,1063,"Burgess, Moran and Green Hospital",Leeport,Ohio,5,0,398,95,296,599,185,27,90,34,Ciprofloxacin,Azithromycin,ORS,796,49.42,1
2024-03-14,1029,Perez LLC Hospital,Blevinsshire,South Carolina,3,0,53,7,39,270,10,3,12,2,Chloroquine,Artemisinin,Primaquine,159,14.44,1
2024-03-15,1094,"Avila, Bates and Cline Hospital",Sextonton,Mississippi,5,1,196,28,146,574,60,14,38,9,Ciprofloxacin,Azithromycin,ORS,392,25.44,1
2024-03-16,1084,King PLC Hospital,Taylorside,New York,4,2,177,17,166,350,41,18,44,11,Amoxicillin,Azithromycin,Cough Syrup,531,47.43,1
2024-03-17,1031,"Brown, Adams and Moody Hospital",North Michellefort,New Mexico,2,0,83,19,58,153,38,4,20,6,Paracetamol,Azithromycin,Vitamin C,332,37.91,1
2024-03-18,1076,Evans and Sons Hospital,Jaclynshire,West Virginia,5,1,73,6,65,429,20,4,19,1,Ciprofloxacin,Azithromycin,ORS,219,15.15,1
2024-03-19,1023,"Petersen, Schultz and Griffin Hospital",West Sarahland,Alaska,4,1,85,18,77,205,26,5,16,5,Amoxicillin,Azithromycin,Cough Syrup,425,37.56,1
2024-03-20,1005,"Torres, Lee and Vaughn Hospital",Dunlaphaven,Arkansas,1,1,179,16,160,186,57,9,38,12,ORS,Platelets,Paracetamol,716,86.02,0
2024-03-21,1097,"Barber, Gomez and Scott Hospital",Thompsonmouth,Oklahoma,5,0,121,16,76,499,43,9,30,11,Ciprofloxacin,Azithromycin,ORS,605,15.23,1
2024-03-22,1093,Davis PLC Hospital,Moraleschester,Michigan,3,1,330,46,237,576,93,31,81,25,Chloroquine,Artemisinin,Primaquine,660,41.15,1
2024-03-23,1085,Nielsen-Trujillo Hospital,Jenkinsland,Wyoming,4,0,231,26,139,265,112,25,43,10,Amoxicillin,Azithromycin,Cough Syrup,693,52.45,1
2024-03-24,1047,West LLC Hospital,Port Kayla,Iowa,4,1,452,105,289,368,126,25,117,65,Amoxicillin,Azithromycin,Cough Syrup,1808,78.53,2
2024-03-25,1092,"Frey, Douglas and Sims Hospital",Port Amy,Maine,4,0,62,5,38,114,21,5,15,3,Amoxicillin,Azithromycin,Cough Syrup,124,33.33,1
2024-03-26,1047,Ray Group Hospital,Port Codyport,New Hampshire,3,2,193,25,157,535,63,12,40,13,Chloroquine,Artemisinin,Primaquine,965,29.35,1
2024-03-27,1052,Lewis Inc Hospital,South Devin,Georgia,3,1,341,66,293,474,114,36,95,49,Chloroquine,Artemisinin,Primaquine,1705,61.81,1
2024-03-28,1041,"Potter, Savage and Williams Hospital",West Ronald,South Carolina,2,2,348,39,236,500,118,18,76,12,Paracetamol,Azithromycin,Vitamin C,696,47.2,1
2024-03-29,1082,"Hamilton, Li and Delgado Hospital",Port Amandaport,Tennessee,1,2,389,64,350,263,146,20,96,24,ORS,Platelets,Paracetamol,1167,133.08,0
2024-03-30,1051,"Odom, Price and Smith Hospital",Lindseymouth,Pennsylvania,0,2,312,29,191,547,64,29,63,16,Remdesivir,Paracetamol,Oxygen Support,1560,34.92,1
2024-03-31,1068,"Cooper, Mclean and Nguyen Hospital",North Sabrina,California,0,1,182,45,171,392,76,16,47,16,Remdesivir,Paracetamol,Oxygen Support,364,43.62,1
2024-04-01,1018,"Zimmerman, Harper and Rodriguez Hospital",Katherineville,Texas,4,2,452,64,283,533,200,24,132,51,Amoxicillin,Azithromycin,Cough Syrup,1356,53.1,1
2024-04-02,1039,Jones-Gill Hospital,New Michael,Wyoming,5,1,346,52,273,272,79,27,94,24,Ciprofloxacin,Azithromycin,ORS,1038,100.37,0
2024-04-03,1073,Moreno-Brennan Hospital,Peterborough,Michigan,5,2,319,71,286,599,125,22,69,43,Ciprofloxacin,Azithromycin,ORS,638,47.75,1
2024-04-04,1096,Stark-Johnson Hospital,West Chelsea,Utah,4,1,232,38,160,164,61,15,69,27,Amoxicillin,Azithromycin,Cough Syrup,464,97.56,0
2024-04-05,1096,Ferguson and Sons Hospital,Ayalashire,Indiana,2,2,162,25,126,113,64,9,25,19,Paracetamol,Azithromycin,Vitamin C,810,111.5,0
2024-04-06,1031,Meadows LLC Hospital,Lopezfurt,Idaho,0,1,400,45,358,433,155,30,115,22,Remdesivir,Paracetamol,Oxygen Support,800,82.68,2
2024-04-07,1100,"Solis, Roberts and Reeves Hospital",Lake Kevinhaven,Arkansas,1,1,61,11,43,416,13,4,13,4,ORS,Platelets,Paracetamol,305,10.34,1
2024-04-08,1035,"Brooks, Dickson and Nash Hospital",Lake Emily,Delaware,1,0,58,7,54,433,28,4,9,5,ORS,Platelets,Paracetamol,232,12.47,1
2024-04-09,1032,Daniels PLC Hospital,Jamesland,Texas,2,1,497,114,355,148,192,38,113,73,Paracetamol,Azithromycin,Vitamin C,2485,239.86,0
2024-04-10,1018,"Hopkins, Salazar and Graves Hospital",Jamieland,Idaho,1,1,309,35,225,173,106,33,63,13,ORS,Platelets,Paracetamol,927,130.06,0
2024-04-11,1083,Morton-Curtis Hospital,Charlesland,South Dakota,5,0,447,90,286,305,137,35,122,65,Ciprofloxacin,Azithromycin,ORS,1788,93.77,0
2024-04-12,1039,"Hunt, Fox and Ford Hospital",Christopherchester,Maine,3,1,92,7,59,338,25,9,26,5,Chloroquine,Artemisinin,Primaquine,184,17.46,1
2024-04-13,1097,Ashley LLC Hospital,Hernandezburgh,Rhode Island,4,0,124,23,89,500,44,6,24,10,Amoxicillin,Azithromycin,Cough Syrup,620,17.8,1
2024-04-14,1062,Mitchell-Bell Hospital,Christinahaven,South Dakota,0,1,185,44,120,478,38,10,54,20,Remdesivir,Paracetamol,Oxygen Support,740,25.1,1
2024-04-15,1006,Cruz-Henry Hospital,New Mark,Nebraska,3,1,169,25,117,412,72,14,45,14,Chloroquine,Artemisinin,Primaquine,845,28.4,1
2024-04-16,1036,"Collins, Perez and Brown Hospital",Bassburgh,Virginia,1,1,107,23,76,290,44,7,28,8,ORS,Platelets,Paracetamol,321,26.21,1
2024-04-17,1037,Williams LLC Hospital,Danielton,Illinois,1,2,395,52,361,547,97,26,83,19,ORS,Platelets,Paracetamol,790,66.0,2
2024-04-18,1009,Gilbert-Ray Hospital,Lake Samantha,New Hampshire,5,2,475,99,437,152,125,43,112,50,Ciprofloxacin,Azithromycin,ORS,1425,287.5,0
2024-04-19,1053,Kramer and Sons Hospital,Dianefurt,Indiana,3,0,405,71,344,476,81,44,102,31,Chloroquine,Artemisinin,Primaquine,2025,72.27,2
2024-04-20,1043,Hebert Inc Hospital,North Samuelside,Kentucky,1,2,291,66,252,485,123,33,65,33,ORS,Platelets,Paracetamol,582,51.96,1
2024-04-21,1015,Ramirez-Roberts Hospital,Lake Joseph,Minnesota,4,1,149,20,96,428,30,10,43,13,Amoxicillin,Azithromycin,Cough Syrup,447,22.43,1
2024-04-22,1048,"Horne, Wilson and Wilson Hospital",Ruizview,New York,2,0,161,39,118,527,39,14,25,12,Paracetamol,Azithromycin,Vitamin C,483,22.39,1
2024-04-23,1013,Sanchez PLC Hospital,West William,Massachusetts,4,1,254,27,195,473,86,14,66,17,Amoxicillin,Azithromycin,Cough Syrup,508,41.23,1
2024-04-24,1006,"Hoover, Silva and Rojas Hospital",Stacyport,West Virginia,3,1,106,16,98,141,27,8,16,5,Chloroquine,Artemisinin,Primaquine,530,69.5,2
2024-04-25,1053,"Moore, King and Little Hospital",Port Keith,Washington,0,1,342,39,259,137,71,27,101,12,Remdesivir,Paracetamol,Oxygen Support,1710,189.05,0
2024-04-26,1082,Collins PLC Hospital,Kariton,Texas,0,2,88,21,68,139,23,9,15,6,Remdesivir,Paracetamol,Oxygen Support,176,48.92,1
2024-04-27,1066,Miller-Adams Hospital,South Morganstad,Florida,3,0,87,20,54,428,21,8,14,11,Chloroquine,Artemisinin,Primaquine,435,12.62,1
2024-04-28,1061,Montes Group Hospital,Michelleside,Arizona,2,1,367,38,323,101,85,23,91,26,Paracetamol,Azithromycin,Vitamin C,1101,319.8,0
2024-04-29,1087,"Harris, Robinson and Mckinney Hospital",South Kelseytown,North Carolina,2,1,346,85,233,249,165,39,69,46,Paracetamol,Azithromycin,Vitamin C,1730,93.57,0
2024-04-30,1089,Rivera-Kline Hospital,New Jennifer,Virginia,2,0,184,20,129,323,47,21,50,12,Paracetamol,Azithromycin,Vitamin C,552,39.94,1
2024-05-01,1073,"Petersen, Huerta and Diaz Hospital",East Michaelport,Massachusetts,5,2,427,65,294,114,150,34,71,44,Ciprofloxacin,Azithromycin,ORS,2135,257.89,0
2024-05-02,1057,Nguyen-Sloan Hospital,Markstad,Idaho,2,1,418,60,282,117,203,29,64,18,Paracetamol,Azithromycin,Vitamin C,1254,241.03,0
2024-05-03,1010,"Harris, Russell and Murphy Hospital",South Allisonhaven,New Jersey,3,1,357,85,304,240,151,38,94,65,Chloroquine,Artemisinin,Primaquine,714,126.67,0
2024-05-04,1069,Weaver-Sanders Hospital,Olsonbury,Georgia,0,1,154,37,111,120,31,7,29,19,Remdesivir,Paracetamol,Oxygen Support,616,92.5,0
2024-05-05,1099,Williams-Sanchez Hospital,New Williamstad,Nevada,0,0,169,25,141,159,36,14,30,19,Remdesivir,Paracetamol,Oxygen Support,507,88.68,0
2024-05-06,1031,Downs-Johnson Hospital,Port Rebecca,West Virginia,0,2,285,59,236,262,131,33,57,27,Remdesivir,Paracetamol,Oxygen Support,1425,90.08,0
2024-05-07,1042,Rogers Inc Hospital,Port Marytown,Florida,3,1,130,19,98,335,32,14,35,10,Chloroquine,Artemisinin,Primaquine,260,29.25,1
2024-05-08,1028,"Murray, Wade and Williams Hospital",Grantland,Oklahoma,3,0,184,40,150,279,87,18,35,24,Chloroquine,Artemisinin,Primaquine,368,53.76,1
2024-05-09,1038,Ryan-Allen Hospital,Landryfurt,Rhode Island,3,0,335,51,211,177,105,33,71,15,Chloroquine,Artemisinin,Primaquine,1675,119.21,0
2024-05-10,1086,"Atkinson, Lucas and Jensen Hospital",Lake Stephanie,Maryland,0,2,349,28,238,361,171,21,60,9,Remdesivir,Paracetamol,Oxygen Support,698,65.93,2
2024-05-11,1067,Taylor Ltd Hospital,North Lydiafurt,West Virginia,4,0,392,56,248,317,92,20,80,18,Amoxicillin,Azithromycin,Cough Syrup,1960,78.23,2
2024-05-12,1081,"Combs, Carson and Rodriguez Hospital",Scottland,Texas,2,2,183,20,162,481,41,11,52,8,Paracetamol,Azithromycin,Vitamin C,366,33.68,1
2024-05-13,1011,Mcintosh LLC Hospital,South Kimberly,Maine,2,2,384,48,247,175,169,32,90,27,Paracetamol,Azithromycin,Vitamin C,1920,141.14,0
2024-05-14,1080,Kirby-Davis Hospital,South Chadview,Colorado,2,2,284,37,246,592,141,17,51,25,Paracetamol,Azithromycin,Vitamin C,852,41.55,1
2024-05-15,1074,"Myers, Morgan and English Hospital",Taylorbury,Ohio,0,2,447,58,378,572,163,28,100,23,Remdesivir,Paracetamol,Oxygen Support,894,66.08,2
2024-05-16,1022,"Padilla, Tucker and Spencer Hospital",New Danielberg,Arkansas,3,2,482,51,361,527,181,33,98,29,Chloroquine,Artemisinin,Primaquine,1928,68.5,2
2024-05-17,1042,Fry-Bell Hospital,East Heathermouth,Wyoming,5,2,361,36,332,456,127,26,98,13,Ciprofloxacin,Azithromycin,ORS,1083,72.81,2
2024-05-18,1038,Rangel LLC Hospital,East Ericatown,Montana,5,0,363,74,318,335,150,21,72,43,Ciprofloxacin,Azithromycin,ORS,1089,94.93,0
2024-05-19,1086,Burch-Durham Hospital,West Anthony,Illinois,0,2,406,51,326,237,175,37,106,27,Remdesivir,Paracetamol,Oxygen Support,1218,137.55,0
2024-05-20,1015,Long-Mcdonald Hospital,Port Donnashire,California,3,0,324,53,202,226,161,27,82,22,Chloroquine,Artemisinin,Primaquine,1620,89.38,0
2024-05-21,1068,"Ibarra, Hart and Conway Hospital",Jamesstad,Delaware,1,0,66,5,49,170,32,3,16,2,ORS,Platelets,Paracetamol,330,28.82,1
2024-05-22,1070,Prince-Church Hospital,Brianport,Kentucky,1,1,130,30,105,463,37,8,24,18,ORS,Platelets,Paracetamol,260,22.68,1
2024-05-23,1026,Russell-Gilbert Hospital,Port Robert,Montana,3,0,297,39,227,171,142,34,54,30,Chloroquine,Artemisinin,Primaquine,1188,132.75,0
2024-05-24,1023,Schneider-Romero Hospital,Christopherborough,Alabama,3,1,134,25,99,493,61,13,21,10,Chloroquine,Artemisinin,Primaquine,402,20.08,1
2024-05-25,1076,"Hughes, Wells and Fitzgerald Hospital",Port Reneeport,Utah,0,0,193,46,149,500,78,20,42,15,Remdesivir,Paracetamol,Oxygen Support,965,29.8,1
2024-05-26,1045,"Griffith, Scott and Davis Hospital",New Sheilachester,Illinois,0,0,400,93,275,149,127,28,75,49,Remdesivir,Paracetamol,Oxygen Support,1200,184.56,0
2024-05-27,1007,Washington-Smith Hospital,Lake Gregory,West Virginia,2,2,473,49,288,433,114,45,117,35,Paracetamol,Azithromycin,Vitamin C,1892,66.51,2
2024-05-28,1030,"Green, Moon and Crawford Hospital",Lake Tracietown,Colorado,3,0,490,41,299,191,210,56,90,15,Chloroquine,Artemisinin,Primaquine,980,156.54,0
2024-05-29,1048,Martin-Davies Hospital,West Codyview,Oregon,4,1,383,68,252,278,157,36,80,33,Amoxicillin,Azithromycin,Cough Syrup,1149,90.65,0
2024-05-30,1018,Frazier Group Hospital,Mckinneymouth,Missouri,5,0,199,23,140,436,81,20,45,17,Ciprofloxacin,Azithromycin,ORS,995,32.11,1
2024-05-31,1012,Morales-Lane Hospital,Michaelburgh,Rhode Island,5,0,499,107,332,340,130,39,89,67,Ciprofloxacin,Azithromycin,ORS,1996,97.65,0
2024-06-01,1082,"Guzman, Contreras and Townsend Hospital",Goldenhaven,California,2,2,464,53,306,538,113,55,136,19,Paracetamol,Azithromycin,Vitamin C,2320,56.88,1
2024-06-02,1064,"Gardner, Lam and Nelson Hospital",Amyport,Rhode Island,1,2,473,88,359,436,187,48,75,29,ORS,Platelets,Paracetamol,946,82.34,2
2024-06-03,1066,Wilson-Stephens Hospital,Bergerfurt,Louisiana,0,2,321,48,269,187,112,23,91,16,Remdesivir,Paracetamol,Oxygen Support,1284,143.85,0
2024-06-04,1068,Morales-Cooper Hospital,Howellborough,Florida,0,0,65,15,60,316,24,5,12,8,Remdesivir,Paracetamol,Oxygen Support,260,18.99,1
2024-06-05,1054,Sanders LLC Hospital,Jeffreyborough,Idaho,0,0,455,56,286,495,95,46,89,19,Remdesivir,Paracetamol,Oxygen Support,1820,57.78,1
2024-06-06,1093,Adams Group Hospital,Brownchester,Texas,0,0,165,15,109,184,68,18,27,4,Remdesivir,Paracetamol,Oxygen Support,660,59.24,1
2024-06-07,1075,Snyder Group Hospital,New Travismouth,Rhode Island,1,0,231,33,155,574,75,11,44,20,ORS,Platelets,Paracetamol,924,27.0,1
2024-06-08,1020,"Miller, Holloway and Watkins Hospital",Lake Sarahshire,Massachusetts,4,0,490,103,400,307,99,43,102,33,Amoxicillin,Azithromycin,Cough Syrup,1470,130.29,0
2024-06-09,1088,"Marshall, Russell and Clark Hospital",Danielhaven,New Hampshire,0,0,133,15,106,304,41,13,27,7,Remdesivir,Paracetamol,Oxygen Support,665,34.87,1
2024-06-10,1083,"Johnson, Johnson and Rogers Hospital",Grayhaven,Ohio,3,1,78,17,47,114,35,8,23,6,Chloroquine,Artemisinin,Primaquine,156,41.23,1
2024-06-11,1026,"Walter, Espinoza and Turner Hospital",Derekfort,Maine,0,1,290,29,188,529,92,15,50,18,Remdesivir,Paracetamol,Oxygen Support,870,35.54,1
2024-06-12,1014,Hicks Ltd Hospital,West Kristin,South Carolina,0,2,341,52,268,232,162,30,54,30,Remdesivir,Paracetamol,Oxygen Support,1023,115.52,0
2024-06-13,1070,"Riddle, Barnes and Adams Hospital",Christopherstad,Indiana,4,1,273,22,228,230,91,26,68,9,Amoxicillin,Azithromycin,Cough Syrup,1365,99.13,0
2024-06-14,1092,Moore Ltd Hospital,Smithview,Wyoming,1,2,76,13,66,340,18,4,12,3,ORS,Platelets,Paracetamol,228,19.41,1
2024-06-15,1084,Jenkins and Sons Hospital,South Christopher,Ohio,0,2,428,38,263,510,132,37,73,13,Remdesivir,Paracetamol,Oxygen Support,856,51.57,1
2024-06-16,1024,Phillips and Sons Hospital,Watsonborough,New York,2,0,331,41,215,108,160,29,74,21,Paracetamol,Azithromycin,Vitamin C,993,199.07,0
2024-06-17,1022,"Logan, Green and Montgomery Hospital",East Kristenshire,Mississippi,1,0,158,39,97,244,43,14,43,18,ORS,Platelets,Paracetamol,790,39.75,1
2024-06-18,1076,Finley Group Hospital,Lake Jeffery,Illinois,5,2,393,95,298,346,119,24,75,44,Ciprofloxacin,Azithromycin,ORS,1965,86.13,0
2024-06-19,1038,Mcintyre-Hartman Hospital,Shawfort,Oklahoma,2,2,479,109,364,502,163,32,131,48,Paracetamol,Azithromycin,Vitamin C,2395,72.51,2
2024-06-20,1021,Perry and Sons Hospital,Shelbyborough,South Dakota,1,2,114,28,74,361,56,11,33,10,ORS,Platelets,Paracetamol,570,20.5,1
2024-06-21,1086,Lindsey-Moreno Hospital,Moonview,New Mexico,2,1,391,33,292,125,92,20,101,12,Paracetamol,Azithromycin,Vitamin C,1173,233.6,0
2024-06-22,1098,Campbell Ltd Hospital,Colleenburgh,Washington,0,2,418,49,259,363,100,42,77,35,Remdesivir,Paracetamol,Oxygen Support,2090,71.35,2
2024-06-23,1023,"Mcfarland, Lynch and Herman Hospital",Shelbymouth,Louisiana,2,1,292,41,269,185,119,17,75,28,Paracetamol,Azithromycin,Vitamin C,876,145.41,0
2024-06-24,1082,Williams and Sons Hospital,East Deborah,Rhode Island,5,0,368,31,260,384,85,36,98,12,Ciprofloxacin,Azithromycin,ORS,1472,67.71,2
2024-06-25,1097,"Rodgers, Andrews and Garcia Hospital",Lake Justinland,Idaho,4,2,224,24,167,406,69,18,36,14,Amoxicillin,Azithromycin,Cough Syrup,896,41.13,1
2024-06-26,1057,Cunningham Ltd Hospital,Veronicamouth,South Carolina,2,2,154,17,101,206,56,10,33,10,Paracetamol,Azithromycin,Vitamin C,462,49.03,1
2024-06-27,1097,"Young, Dominguez and Reynolds Hospital",New Wyattshire,Kentucky,4,1,389,42,275,382,176,30,92,17,Amoxicillin,Azithromycin,Cough Syrup,1167,71.99,2
2024-06-28,1068,Aguilar PLC Hospital,Port Jasonland,Minnesota,1,1,223,45,199,452,46,19,38,20,ORS,Platelets,Paracetamol,892,44.03,1
2024-06-29,1040,Miller PLC Hospital,Chadborough,Mississippi,5,1,381,34,286,134,76,20,108,23,Ciprofloxacin,Azithromycin,ORS,1905,213.43,0
2024-06-30,1089,Franco Group Hospital,Brownburgh,Missouri,0,0,334,33,221,519,129,23,88,16,Remdesivir,Paracetamol,Oxygen Support,1336,42.58,1
2024-07-01,1016,Valenzuela Group Hospital,Port Hannah,Kentucky,2,0,170,15,110,267,76,17,32,9,Paracetamol,Azithromycin,Vitamin C,680,41.2,1
2024-07-02,1068,Cruz Ltd Hospital,North Veronicachester,Alaska,0,1,375,68,289,493,160,40,73,34,Remdesivir,Paracetamol,Oxygen Support,1125,58.62,1
2024-07-03,1015,Massey and Sons Hospital,Martinmouth,Wyoming,1,2,154,29,98,518,41,10,30,21,ORS,Platelets,Paracetamol,462,18.92,1
2024-07-04,1002,Norman-Booker Hospital,Timothyhaven,Massachusetts,3,2,259,23,199,464,99,21,63,13,Chloroquine,Artemisinin,Primaquine,1036,42.89,1
2024-07-05,1046,"Evans, Burke and Taylor Hospital",Matthewland,South Dakota,2,2,336,32,239,419,138,18,89,19,Paracetamol,Azithromycin,Vitamin C,1344,57.04,1
2024-07-06,1098,Ramos Inc Hospital,Port Kari,Hawaii,3,0,467,67,398,274,126,37,122,37,Chloroquine,Artemisinin,Primaquine,934,145.26,0
2024-07-07,1059,"Johnson, Montgomery and Beltran Hospital",Lake Justin,North Dakota,0,0,439,85,293,369,101,33,87,61,Remdesivir,Paracetamol,Oxygen Support,2195,79.4,2
2024-07-08,1065,"Gregory, Herman and Morris Hospital",North Michelle,Maine,0,2,293,48,250,425,75,18,76,35,Remdesivir,Paracetamol,Oxygen Support,586,58.82,1
2024-07-09,1026,Holloway Inc Hospital,Port Brandon,Alaska,4,0,180,27,136,406,71,16,53,14,Amoxicillin,Azithromycin,Cough Syrup,900,33.5,1
2024-07-10,1038,Vaughan-Holmes Hospital,Marquezbury,Maine,4,0,464,57,357,400,174,55,118,29,Amoxicillin,Azithromycin,Cough Syrup,1856,89.25,0
2024-07-11,1030,"Jackson, Cox and Coleman Hospital",East Kristy,Vermont,5,1,458,102,282,108,178,35,128,66,Ciprofloxacin,Azithromycin,ORS,1374,261.11,0
2024-07-12,1032,Anderson-Allen Hospital,Karlport,Montana,5,2,176,24,155,282,65,15,37,18,Ciprofloxacin,Azithromycin,ORS,352,54.96,1
2024-07-13,1030,"Miller, Pearson and Lam Hospital",Conleyton,Michigan,3,0,163,17,109,452,41,13,40,13,Chloroquine,Artemisinin,Primaquine,815,24.12,1
2024-07-14,1058,Cole-Riddle Hospital,Smithhaven,Indiana,2,1,431,51,267,490,210,26,119,35,Paracetamol,Azithromycin,Vitamin C,1724,54.49,1
2024-07-15,1036,Wells LLC Hospital,Johnsonfurt,Utah,2,0,265,37,224,158,107,19,77,16,Paracetamol,Azithromycin,Vitamin C,1325,141.77,0
2024-07-16,1090,"White, Ayers and Smith Hospital",West Michelle,Iowa,3,2,83,20,70,513,23,4,19,10,Chloroquine,Artemisinin,Primaquine,332,13.65,1
2024-07-17,1023,Parker-Morgan Hospital,Port Courtney,Texas,0,0,95,10,58,240,41,6,19,6,Remdesivir,Paracetamol,Oxygen Support,380,24.17,1
2024-07-18,1092,Underwood-Brown Hospital,West Austin,Michigan,1,0,89,20,64,439,17,6,21,6,ORS,Platelets,Paracetamol,178,14.58,1
2024-07-19,1027,"Jones, Brooks and Estrada Hospital",Port Tanya,Colorado,0,2,444,75,292,282,119,32,103,37,Remdesivir,Paracetamol,Oxygen Support,2220,103.55,0
2024-07-20,1028,Larsen PLC Hospital,Josephstad,Oklahoma,2,2,415,55,333,176,140,32,93,24,Paracetamol,Azithromycin,Vitamin C,830,189.2,0
2024-07-21,1010,David-Powell Hospital,West Jessica,Tennessee,2,2,186,39,167,451,40,14,49,26,Paracetamol,Azithromycin,Vitamin C,930,37.03,1
2024-07-22,1088,"Bautista, Diaz and Hammond Hospital",East Michaelbury,Louisiana,3,0,459,92,425,280,165,30,77,32,Chloroquine,Artemisinin,Primaquine,1836,151.79,0
2024-07-23,1092,"Wu, Sutton and Dalton Hospital",Moralesville,Oregon,3,1,239,52,210,238,57,21,53,20,Chloroquine,Artemisinin,Primaquine,956,88.24,0
2024-07-24,1019,"Lang, Ramos and George Hospital",Mcdonaldburgh,Washington,1,2,110,20,87,202,26,6,25,9,ORS,Platelets,Paracetamol,220,43.07,1
2024-07-25,1058,Lopez-Adkins Hospital,East William,Colorado,3,0,468,73,403,271,128,31,139,35,Chloroquine,Artemisinin,Primaquine,936,148.71,0
2024-07-26,1021,Smith-Gomez Hospital,Sotoshire,North Dakota,5,0,95,9,63,420,37,6,22,5,Ciprofloxacin,Azithromycin,ORS,380,15.0,1
2024-07-27,1062,"Wise, Taylor and Callahan Hospital",Jasonshire,Nevada,0,2,307,56,199,342,131,26,64,30,Remdesivir,Paracetamol,Oxygen Support,1228,58.19,1
2024-07-28,1034,"Wiley, Hernandez and Moore Hospital",Port Dorothytown,Nebraska,1,2,211,37,179,226,76,11,59,21,ORS,Platelets,Paracetamol,844,79.2,2
2024-07-29,1025,"Thompson, Murray and Smith Hospital",West Mary,Arizona,4,2,369,54,293,389,177,26,70,33,Amoxicillin,Azithromycin,Cough Syrup,1107,75.32,2
2024-07-30,1060,Lindsey-Oliver Hospital,New Larry,Connecticut,0,1,494,117,375,195,163,29,100,85,Remdesivir,Paracetamol,Oxygen Support,2470,192.31,0
2024-07-31,1071,"Gonzalez, Mathews and Butler Hospital",North Gabrielshire,Utah,0,0,69,7,43,398,15,8,12,4,Remdesivir,Paracetamol,Oxygen Support,276,10.8,1
2024-08-01,1067,"Jones, Mendez and Clark Hospital",South Andrew,Oklahoma,4,2,69,10,48,566,26,4,14,4,Amoxicillin,Azithromycin,Cough Syrup,276,8.48,1
2024-08-02,1012,Murray Inc Hospital,North Tara,Montana,1,0,130,10,91,200,59,8,21,3,ORS,Platelets,Paracetamol,650,45.5,1
2024-08-03,1048,Evans PLC Hospital,Desireetown,Connecticut,0,1,129,12,90,356,55,12,31,4,Remdesivir,Paracetamol,Oxygen Support,387,25.28,1
2024-08-04,1031,Fuller-Proctor Hospital,East Sarah,Missouri,1,2,166,18,116,265,62,18,27,10,ORS,Platelets,Paracetamol,664,43.77,1
2024-08-05,1082,Smith-Robbins Hospital,West Daniel,New Mexico,4,2,130,26,88,304,51,10,20,15,Amoxicillin,Azithromycin,Cough Syrup,650,28.95,1
2024-08-06,1035,Hall-Guzman Hospital,South Christophermouth,Nevada,2,0,220,36,137,249,59,12,59,18,Paracetamol,Azithromycin,Vitamin C,660,55.02,1
2024-08-07,1074,Ramirez-Farmer Hospital,East Paula,Nebraska,4,1,319,79,229,483,114,36,61,45,Amoxicillin,Azithromycin,Cough Syrup,1276,47.41,1
2024-08-08,1070,Taylor-Mcdonald Hospital,East Rhonda,New Mexico,1,0,116,23,105,584,23,11,22,13,ORS,Platelets,Paracetamol,348,17.98,1
2024-08-09,1030,Johnson and Sons Hospital,Garyborough,Indiana,1,0,327,30,207,509,144,34,69,12,ORS,Platelets,Paracetamol,981,40.67,1
2024-08-10,1093,Gonzalez Inc Hospital,Whiteville,California,2,1,437,98,413,444,191,40,91,66,Paracetamol,Azithromycin,Vitamin C,1311,93.02,0
2024-08-11,1001,Hendrix and Sons Hospital,Becktown,Delaware,1,1,95,14,73,181,47,7,19,4,ORS,Platelets,Paracetamol,475,40.33,1
2024-08-12,1058,Chavez Group Hospital,Jeffreyland,Connecticut,1,2,133,26,98,269,41,6,38,8,ORS,Platelets,Paracetamol,399,36.43,1
2024-08-13,1053,Coleman Inc Hospital,South David,Oregon,5,0,467,106,371,280,149,31,113,78,Ciprofloxacin,Azithromycin,ORS,1401,132.5,0
2024-08-14,1017,Rowland-Hill Hospital,Vazquezton,New York,3,2,203,47,155,534,90,18,56,19,Chloroquine,Artemisinin,Primaquine,1015,29.03,1
2024-08-15,1099,Simon Inc Hospital,Adrianafort,Florida,3,2,483,110,402,572,231,46,112,75,Chloroquine,Artemisinin,Primaquine,1449,70.28,2
2024-08-16,1039,"Sanders, Holt and Thomas Hospital",New Heather,Alabama,1,1,358,30,221,500,96,30,64,10,ORS,Platelets,Paracetamol,716,44.2,1
2024-08-17,1047,"Taylor, Randall and Nicholson Hospital",Markbury,Wyoming,1,2,64,11,44,466,27,3,11,6,ORS,Platelets,Paracetamol,320,9.44,1
2024-08-18,1037,Davis-Smith Hospital,Richardstad,Indiana,5,2,410,55,345,333,129,42,117,29,Ciprofloxacin,Azithromycin,ORS,1640,103.6,0
2024-08-19,1008,"Moore, Fowler and Smith Hospital",West Benjaminmouth,New Mexico,1,1,493,102,403,401,182,29,101,37,ORS,Platelets,Paracetamol,1479,100.5,0
2024-08-20,1046,Arnold-Armstrong Hospital,Leroyland,South Dakota,4,0,270,21,250,219,61,19,74,10,Amoxicillin,Azithromycin,Cough Syrup,1080,114.16,0
2024-08-21,1063,Hamilton and Sons Hospital,Sarahmouth,South Carolina,5,0,473,112,380,175,124,26,94,76,Ciprofloxacin,Azithromycin,ORS,946,217.14,0
2024-08-22,1005,Paul and Sons Hospital,Carlaborough,Kentucky,2,2,343,53,206,519,138,30,98,21,Paracetamol,Azithromycin,Vitamin C,1372,39.69,1
2024-08-23,1011,"Rowe, Hoffman and Gonzales Hospital",North Jenna,Vermont,1,2,418,57,336,314,193,40,119,19,ORS,Platelets,Paracetamol,1254,107.01,0
2024-08-24,1058,Dudley-Thompson Hospital,Port Eric,Tennessee,0,0,117,26,101,514,42,12,33,10,Remdesivir,Paracetamol,Oxygen Support,585,19.65,1
2024-08-25,1100,Ball Group Hospital,Freemanland,Alabama,1,2,349,49,213,245,84,34,69,23,ORS,Platelets,Paracetamol,698,86.94,0
2024-08-26,1050,Clark-Wilson Hospital,North Sean,Arizona,4,0,495,110,466,210,237,35,105,78,Amoxicillin,Azithromycin,Cough Syrup,990,221.9,0
2024-08-27,1008,Mcpherson-Green Hospital,Chavezberg,Alaska,0,1,463,40,383,492,93,35,134,21,Remdesivir,Paracetamol,Oxygen Support,1389,77.85,2
2024-08-28,1016,King Group Hospital,Karenfort,Connecticut,0,0,85,15,71,368,26,8,16,10,Remdesivir,Paracetamol,Oxygen Support,170,19.29,1
2024-08-29,1081,Baker LLC Hospital,Port Zacharyside,Minnesota,2,0,292,65,225,398,82,18,54,38,Paracetamol,Azithromycin,Vitamin C,876,56.53,1
2024-08-30,1029,"Lopez, Smith and Rice Hospital",Scottbury,Idaho,1,0,362,44,326,460,154,21,96,27,ORS,Platelets,Paracetamol,1448,70.87,2
2024-08-31,1033,"Rojas, Serrano and Sanders Hospital",Dawnmouth,Indiana,0,1,95,15,66,164,20,10,22,10,Remdesivir,Paracetamol,Oxygen Support,190,40.24,1
2024-09-01,1019,"Jones, Tate and Robinson Hospital",Josephbury,Virginia,0,2,328,68,271,273,78,24,91,29,Remdesivir,Paracetamol,Oxygen Support,1640,99.27,0
2024-09-02,1022,Snyder-Clark Hospital,South Robertton,Alabama,4,2,287,43,245,379,119,23,84,15,Amoxicillin,Azithromycin,Cough Syrup,1148,64.64,1
2024-09-03,1006,"Crawford, Dixon and Kane Hospital",Port Trevor,New Mexico,2,1,460,109,380,417,94,30,123,85,Paracetamol,Azithromycin,Vitamin C,1840,91.13,0
2024-09-04,1099,"Phillips, Ward and Harper Hospital",West Richardborough,Maine,1,0,397,86,375,581,141,29,92,63,ORS,Platelets,Paracetamol,1191,64.54,1
2024-09-05,1019,Sanchez-Moss Hospital,Lake Sherri,West Virginia,3,2,220,42,136,459,93,24,62,30,Chloroquine,Artemisinin,Primaquine,440,29.63,1
2024-09-06,1035,Lloyd Ltd Hospital,Zacharyborough,Louisiana,0,1,399,97,336,177,138,22,92,68,Remdesivir,Paracetamol,Oxygen Support,1596,189.83,0
2024-09-07,1028,Matthews PLC Hospital,East Manuelfort,Pennsylvania,5,1,487,87,412,379,135,31,97,42,Ciprofloxacin,Azithromycin,ORS,974,108.71,0
2024-09-08,1018,"Merritt, Rodriguez and Smith Hospital",Sandraport,Georgia,0,1,270,30,208,471,123,25,45,9,Remdesivir,Paracetamol,Oxygen Support,810,44.16,1
2024-09-09,1094,"Butler, Little and Castaneda Hospital",Aprilview,Iowa,5,1,299,46,225,475,98,18,45,21,Ciprofloxacin,Azithromycin,ORS,897,47.37,1
2024-09-10,1033,Figueroa and Sons Hospital,Tinaton,Virginia,3,0,198,45,151,424,63,15,49,25,Chloroquine,Artemisinin,Primaquine,396,35.61,1
2024-09-11,1045,Price Inc Hospital,Hollowaymouth,Florida,1,0,79,16,73,288,28,9,19,9,ORS,Platelets,Paracetamol,158,25.35,1
2024-09-12,1028,Schmidt-Smith Hospital,Tiffanyville,Kentucky,2,0,68,7,61,228,17,3,13,4,Paracetamol,Azithromycin,Vitamin C,340,26.75,1
2024-09-13,1025,Stanton and Sons Hospital,Hillside,Massachusetts,0,0,266,43,218,469,56,28,45,31,Remdesivir,Paracetamol,Oxygen Support,532,46.48,1
2024-09-14,1018,"Hill, Proctor and Briggs Hospital",Vaughanfurt,New Jersey,5,1,134,16,124,248,32,14,23,5,Ciprofloxacin,Azithromycin,ORS,402,50.0,1
2024-09-15,1066,"Ramos, Shah and Young Hospital",East Nathanborough,Pennsylvania,4,2,113,16,97,346,41,5,25,9,Amoxicillin,Azithromycin,Cough Syrup,565,28.03,1
2024-09-16,1096,Walker-Fleming Hospital,Gonzalezland,New Jersey,5,1,391,70,245,483,112,38,78,54,Ciprofloxacin,Azithromycin,ORS,1173,50.72,1
2024-09-17,1051,Miller and Sons Hospital,Andrewstown,Oklahoma,4,0,197,20,174,544,68,17,31,15,Amoxicillin,Azithromycin,Cough Syrup,788,31.99,1
2024-09-18,1095,"Hancock, Dalton and Atkins Hospital",Dawnfurt,Maine,5,0,483,108,310,375,186,52,132,67,Ciprofloxacin,Azithromycin,ORS,1449,82.67,2
2024-09-19,1072,Hayes Ltd Hospital,Laurenville,Missouri,1,0,84,17,78,201,29,5,21,7,ORS,Platelets,Paracetamol,252,38.81,1
2024-09-20,1025,"Williams, Hill and Smith Hospital",North Tina,Maine,2,0,67,5,46,266,21,3,17,1,Paracetamol,Azithromycin,Vitamin C,335,17.29,1
2024-09-21,1051,Hill-Bond Hospital,Lake Deborahborough,Nevada,2,0,366,40,290,501,96,24,104,26,Paracetamol,Azithromycin,Vitamin C,1464,57.88,1
2024-09-22,1096,"Adkins, Wilson and Jefferson Hospital",West Lisaton,Kansas,4,0,318,32,253,104,90,34,61,21,Amoxicillin,Azithromycin,Cough Syrup,1590,243.27,0
2024-09-23,1022,Compton Ltd Hospital,Carlaside,Rhode Island,5,2,76,10,60,555,37,5,20,5,Ciprofloxacin,Azithromycin,ORS,228,10.81,1
2024-09-24,1030,Rodriguez-Garcia Hospital,New Brian,Utah,0,1,340,80,257,117,82,37,75,46,Remdesivir,Paracetamol,Oxygen Support,1700,219.66,0
2024-09-25,1070,Grimes and Sons Hospital,Jonesstad,Maryland,2,0,384,31,261,451,90,28,84,23,Paracetamol,Azithromycin,Vitamin C,1920,57.87,1
2024-09-26,1019,White and Sons Hospital,West Karinaview,Indiana,3,1,88,19,67,104,24,6,17,11,Chloroquine,Artemisinin,Primaquine,176,64.42,1
2024-09-27,1066,Levine Group Hospital,Hensleytown,Washington,2,1,134,22,99,132,36,11,27,8,Paracetamol,Azithromycin,Vitamin C,268,75.0,2
2024-09-28,1026,Evans-Newton Hospital,West Paul,New Mexico,1,2,160,21,111,484,43,14,30,16,ORS,Platelets,Paracetamol,800,22.93,1
2024-09-29,1060,Johnson Inc Hospital,Bakerport,Minnesota,5,2,242,24,218,458,92,21,69,10,Ciprofloxacin,Azithromycin,ORS,1210,47.6,1
2024-09-30,1092,"Schmidt, Benitez and Wilson Hospital",North Stephen,Mississippi,5,0,298,27,217,169,65,24,73,8,Ciprofloxacin,Azithromycin,ORS,596,128.4,0
2024-10-01,1039,May PLC Hospital,Jacquelinechester,New Hampshire,0,1,265,62,251,361,89,18,62,32,Remdesivir,Paracetamol,Oxygen Support,1060,69.53,2
2024-10-02,1078,"Gilbert, Patel and Harrison Hospital",New Joshuabury,Georgia,5,0,134,20,98,162,44,8,29,14,Ciprofloxacin,Azithromycin,ORS,536,60.49,1
2024-10-03,1089,Romero Group Hospital,Lake Katie,Oklahoma,5,1,183,38,127,153,52,13,41,24,Ciprofloxacin,Azithromycin,ORS,732,83.01,2
2024-10-04,1027,Bell-Mccall Hospital,Schneiderhaven,Missouri,5,2,489,101,414,505,122,29,75,66,Ciprofloxacin,Azithromycin,ORS,1467,81.98,2
2024-10-05,1050,"Riley, Bowen and Green Hospital",Gentryside,Kansas,1,2,249,54,220,204,79,13,71,31,ORS,Platelets,Paracetamol,747,107.84,0
2024-10-06,1075,Clay LLC Hospital,Jasonhaven,Mississippi,0,1,151,34,107,171,55,17,39,26,Remdesivir,Paracetamol,Oxygen Support,604,62.57,1
2024-10-07,1034,Hoover-Riddle Hospital,South Josephfort,California,1,2,108,16,88,104,49,6,29,4,ORS,Platelets,Paracetamol,432,84.62,2
2024-10-08,1019,Hubbard-Martinez Hospital,Donaldborough,Iowa,1,2,126,16,102,380,32,7,28,5,ORS,Platelets,Paracetamol,630,26.84,1
2024-10-09,1018,"Thompson, Leonard and Hogan Hospital",Jacobberg,Wyoming,1,2,128,16,102,221,58,7,35,11,ORS,Platelets,Paracetamol,640,46.15,1
2024-10-10,1003,Jones-Bailey Hospital,Lynchville,Montana,5,0,389,63,254,392,96,21,82,49,Ciprofloxacin,Azithromycin,ORS,1556,64.8,1
2024-10-11,1018,"Walters, Jackson and Walsh Hospital",Sullivanfurt,Illinois,4,1,163,22,113,422,76,19,45,15,Amoxicillin,Azithromycin,Cough Syrup,652,26.78,1
2024-10-12,1054,Wagner PLC Hospital,Lake Peter,Florida,2,1,413,96,286,383,138,47,116,36,Paracetamol,Azithromycin,Vitamin C,826,74.67,2
2024-10-13,1083,"Rivera, Lopez and Collins Hospital",Blakebury,West Virginia,1,1,239,37,211,593,79,21,43,24,ORS,Platelets,Paracetamol,478,35.58,1
2024-10-14,1050,Rivers-Lewis Hospital,Jeremiahfort,Utah,0,0,375,58,242,496,147,38,73,39,Remdesivir,Paracetamol,Oxygen Support,1875,48.79,1
2024-10-15,1082,Thomas-Morris Hospital,Wendymouth,Washington,3,2,345,31,223,468,87,33,78,18,Chloroquine,Artemisinin,Primaquine,1380,47.65,1
2024-10-16,1076,Oneal LLC Hospital,Desireeside,Pennsylvania,3,1,320,30,302,176,90,37,60,22,Chloroquine,Artemisinin,Primaquine,1280,171.59,0
2024-10-17,1081,Velazquez Inc Hospital,Mathewville,Rhode Island,1,0,373,83,241,440,87,34,103,54,ORS,Platelets,Paracetamol,1865,54.77,1
2024-10-18,1001,"Taylor, Barber and Andrade Hospital",Adamstad,Nevada,5,0,106,22,72,497,47,12,30,15,Ciprofloxacin,Azithromycin,ORS,318,14.49,1
2024-10-19,1003,Chen-Russell Hospital,New Samantha,New Jersey,4,2,86,12,62,338,21,6,15,6,Amoxicillin,Azithromycin,Cough Syrup,172,18.34,1
2024-10-20,1050,Young LLC Hospital,Leeshire,Maine,1,2,294,37,231,126,118,34,45,20,ORS,Platelets,Paracetamol,882,183.33,0
2024-10-21,1077,"Christian, Johnson and Morris Hospital",West Christopherchester,New York,4,1,400,52,267,522,189,31,115,31,Amoxicillin,Azithromycin,Cough Syrup,800,51.15,1
2024-10-22,1095,"Willis, Snow and Rocha Hospital",Heathberg,Idaho,2,0,427,35,313,595,131,24,127,19,Paracetamol,Azithromycin,Vitamin C,1708,52.61,1
2024-10-23,1037,"Mcdonald, Mack and Torres Hospital",Port Krystal,Maryland,3,2,257,55,208,236,106,18,53,23,Chloroquine,Artemisinin,Primaquine,1285,88.14,0
2024-10-24,1024,"Peters, Paul and Harmon Hospital",Howardview,Virginia,2,1,409,48,367,559,98,44,81,35,Paracetamol,Azithromycin,Vitamin C,1636,65.65,2
2024-10-25,1092,Thornton-Diaz Hospital,Port Matthew,North Dakota,4,1,156,23,100,476,74,14,28,10,Amoxicillin,Azithromycin,Cough Syrup,624,21.01,1
2024-10-26,1069,"Carlson, Mann and Medina Hospital",Carolborough,Oklahoma,4,1,478,49,289,529,169,48,107,20,Amoxicillin,Azithromycin,Cough Syrup,1912,54.63,1
2024-10-27,1074,Pham and Sons Hospital,Mcintoshhaven,Vermont,2,1,272,55,173,448,93,31,65,35,Paracetamol,Azithromycin,Vitamin C,816,38.62,1
2024-10-28,1040,Sullivan-Pacheco Hospital,Brendaville,New Hampshire,0,1,459,96,330,485,125,52,111,32,Remdesivir,Paracetamol,Oxygen Support,1377,68.04,2
2024-10-29,1037,Tucker LLC Hospital,Smithchester,Texas,5,1,239,47,167,445,94,15,49,35,Ciprofloxacin,Azithromycin,ORS,717,37.53,1
2024-10-30,1006,Fitzgerald-Torres Hospital,New Andres,Michigan,3,2,65,15,43,424,24,4,15,4,Chloroquine,Artemisinin,Primaquine,325,10.14,1
2024-10-31,1077,Martin-David Hospital,Port Rebeccaview,Montana,2,1,191,37,123,360,55,18,47,15,Paracetamol,Azithromycin,Vitamin C,764,34.17,1
2024-11-01,1023,Smith-Wilson Hospital,Katieberg,Illinois,1,1,414,67,299,461,115,23,66,24,ORS,Platelets,Paracetamol,1656,64.86,1
2024-11-02,1043,"Parker, Chung and Diaz Hospital",East Danielleside,Mississippi,0,1,423,83,323,303,84,35,82,64,Remdesivir,Paracetamol,Oxygen Support,1269,106.6,0
2024-11-03,1055,"Roberts, Miles and Allen Hospital",West Mark,West Virginia,4,0,58,14,39,264,20,5,14,6,Amoxicillin,Azithromycin,Cough Syrup,290,14.77,1
2024-11-04,1033,"Robinson, Riddle and Kelly Hospital",Mooreborough,Connecticut,0,1,251,34,222,292,95,20,64,16,Remdesivir,Paracetamol,Oxygen Support,1004,76.03,2
2024-11-05,1082,"Greene, Vance and Martin Hospital",Port Jenniferchester,Kentucky,2,1,82,7,63,573,31,6,18,2,Paracetamol,Azithromycin,Vitamin C,410,10.99,1
2024-11-06,1028,"Osborne, Lopez and Morgan Hospital",Wendymouth,Indiana,5,0,406,70,368,137,106,31,93,27,Ciprofloxacin,Azithromycin,ORS,1624,268.61,0
2024-11-07,1060,Beck-Bowers Hospital,Lauramouth,Iowa,3,0,61,6,46,381,24,5,9,4,Chloroquine,Artemisinin,Primaquine,122,12.07,1
2024-11-08,1000,Walker Ltd Hospital,Lake Sarahstad,North Dakota,4,1,116,16,100,503,52,13,19,5,Amoxicillin,Azithromycin,Cough Syrup,232,19.88,1
2024-11-09,1051,"Brady, Johnson and Charles Hospital",Crawfordborough,South Dakota,0,1,240,48,211,344,97,17,51,15,Remdesivir,Paracetamol,Oxygen Support,960,61.34,1
2024-11-10,1030,"Hood, Ford and Scott Hospital",Anthonyshire,Tennessee,3,2,222,49,166,130,67,21,57,31,Chloroquine,Artemisinin,Primaquine,1110,127.69,0
2024-11-11,1098,Blair Inc Hospital,South Samantha,Kentucky,0,2,131,25,99,373,52,7,23,10,Remdesivir,Paracetamol,Oxygen Support,262,26.54,1
2024-11-12,1075,Weber and Sons Hospital,South James,Massachusetts,0,2,445,107,374,254,215,42,87,51,Remdesivir,Paracetamol,Oxygen Support,890,147.24,0
2024-11-13,1061,Torres-Massey Hospital,Morganhaven,Minnesota,0,2,411,51,307,422,199,38,76,26,Remdesivir,Paracetamol,Oxygen Support,822,72.75,2
2024-11-14,1071,Rogers-Braun Hospital,Davistown,Tennessee,2,1,463,97,321,373,142,39,110,71,Paracetamol,Azithromycin,Vitamin C,926,86.06,0
2024-11-15,1036,Martinez LLC Hospital,Millerton,New York,1,0,332,35,263,103,148,34,93,15,ORS,Platelets,Paracetamol,664,255.34,0
2024-11-16,1054,"Reeves, Anderson and Lopez Hospital",Alexchester,Oregon,5,2,464,73,406,587,108,54,115,36,Ciprofloxacin,Azithromycin,ORS,2320,69.17,2
2024-11-17,1034,Lewis and Sons Hospital,Lake James,Louisiana,2,2,418,36,349,446,89,26,101,14,Paracetamol,Azithromycin,Vitamin C,1254,78.25,2
2024-11-18,1032,"Rush, Molina and Powell Hospital",West Scottside,New York,1,0,452,87,334,402,113,43,89,60,ORS,Platelets,Paracetamol,904,83.08,2
2024-11-19,1027,Ramos Inc Hospital,Doylemouth,Illinois,5,0,78,16,68,272,28,6,16,10,Ciprofloxacin,Azithromycin,ORS,312,25.0,1
2024-11-20,1051,Lowery LLC Hospital,Alexismouth,Wisconsin,4,1,133,24,115,146,35,14,31,18,Amoxicillin,Azithromycin,Cough Syrup,532,78.77,2
2024-11-21,1035,Williams-Marshall Hospital,New Joseph,Utah,1,1,370,63,301,503,89,40,69,33,ORS,Platelets,Paracetamol,1110,59.84,1
2024-11-22,1091,Thompson Group Hospital,Christinaton,Utah,0,0,105,17,85,515,40,8,20,12,Remdesivir,Paracetamol,Oxygen Support,525,16.5,1
2024-11-23,1001,"Garcia, Miller and Zimmerman Hospital",Meganshire,New Hampshire,4,1,208,40,183,384,46,22,54,22,Amoxicillin,Azithromycin,Cough Syrup,832,47.66,1
2024-11-24,1056,Cortez-Oliver Hospital,Dorothyfurt,Arkansas,2,2,333,27,292,331,158,25,77,14,Paracetamol,Azithromycin,Vitamin C,1332,88.22,0
2024-11-25,1089,"Jacobs, Christensen and Wood Hospital",Lake Michael,Oregon,5,1,417,66,280,272,100,27,103,24,Ciprofloxacin,Azithromycin,ORS,1668,102.94,0
2024-11-26,1070,Francis-Horn Hospital,West Rachel,Virginia,2,1,287,51,242,136,75,29,44,24,Paracetamol,Azithromycin,Vitamin C,1148,177.94,0
2024-11-27,1024,Bryant-Dixon Hospital,Port Clifford,South Dakota,0,1,473,97,371,328,137,38,122,52,Remdesivir,Paracetamol,Oxygen Support,1419,113.11,0
2024-11-28,1048,Goodman-Harrison Hospital,East Johnburgh,Arizona,2,0,179,35,155,353,47,19,34,11,Paracetamol,Azithromycin,Vitamin C,358,43.91,1
2024-11-29,1077,Diaz-Hernandez Hospital,New Stephaniechester,New York,0,0,180,35,168,482,44,10,40,19,Remdesivir,Paracetamol,Oxygen Support,720,34.85,1
2024-11-30,1080,Moyer Ltd Hospital,North Jenna,Pennsylvania,4,0,352,60,306,538,99,32,100,35,Amoxicillin,Azithromycin,Cough Syrup,1408,56.88,1
2024-12-01,1019,Adams Group Hospital,North Tonyamouth,Utah,2,1,127,15,89,371,45,13,36,11,Paracetamol,Azithromycin,Vitamin C,508,23.99,1
2024-12-02,1033,"Chambers, Maldonado and Cruz Hospital",Jonathanfort,Florida,3,2,377,44,226,259,136,29,68,31,Chloroquine,Artemisinin,Primaquine,1131,87.26,0
2024-12-03,1035,Foster-Hensley Hospital,New Jeffreyland,Montana,5,2,366,57,302,396,130,36,88,38,Ciprofloxacin,Azithromycin,ORS,732,76.26,2
2024-12-04,1030,Warner-French Hospital,North Shawn,Louisiana,1,1,223,55,144,165,81,13,35,21,ORS,Platelets,Paracetamol,892,87.27,0
2024-12-05,1020,Medina PLC Hospital,West Rachel,Oregon,4,0,233,34,144,146,66,17,43,25,Amoxicillin,Azithromycin,Cough Syrup,932,98.63,0
2024-12-06,1032,Dudley PLC Hospital,West Edwardbury,Pennsylvania,2,0,419,70,383,473,130,48,118,35,Paracetamol,Azithromycin,Vitamin C,838,80.97,2
2024-12-07,1015,"West, Clark and Avila Hospital",Stevensonbury,Wisconsin,4,0,319,35,210,488,95,26,74,12,Amoxicillin,Azithromycin,Cough Syrup,638,43.03,1
2024-12-08,1024,"Franklin, Ball and Dillon Hospital",Port Christinemouth,Indiana,0,0,351,34,331,313,147,35,99,13,Remdesivir,Paracetamol,Oxygen Support,702,105.75,0
2024-12-09,1057,Deleon-Diaz Hospital,East Christopher,Georgia,0,2,186,20,176,182,75,19,38,15,Remdesivir,Paracetamol,Oxygen Support,558,96.7,0
2024-12-10,1096,Johnson PLC Hospital,North Kennethborough,Missouri,4,0,443,103,320,600,165,50,74,70,Amoxicillin,Azithromycin,Cough Syrup,1329,53.33,1
2024-12-11,1072,"Lewis, Brown and Miller Hospital",Joneshaven,Missouri,3,0,65,5,46,330,29,3,11,3,Chloroquine,Artemisinin,Primaquine,195,13.94,1
2024-12-12,1077,"Barnes, Ruiz and Burgess Hospital",Brockville,Alaska,4,0,357,54,329,432,178,25,100,22,Amoxicillin,Azithromycin,Cough Syrup,714,76.16,2
2024-12-13,1044,Park Ltd Hospital,South Joshua,Maine,4,1,421,48,366,123,165,33,108,21,Amoxicillin,Azithromycin,Cough Syrup,1684,297.56,0
2024-12-14,1020,"Bailey, Harris and Byrd Hospital",North Sheila,Michigan,1,2,472,56,341,211,159,55,81,26,ORS,Platelets,Paracetamol,1888,161.61,0
2024-12-15,1063,Walker and Sons Hospital,West Francisfort,North Dakota,0,1,305,67,266,262,64,21,53,52,Remdesivir,Paracetamol,Oxygen Support,915,101.53,0
2024-12-16,1089,Matthews LLC Hospital,Cabrerashire,Virginia,3,0,418,85,343,562,179,42,63,44,Chloroquine,Artemisinin,Primaquine,1672,61.03,1
2024-12-17,1084,Campbell PLC Hospital,West Kimberlyhaven,Iowa,5,2,422,95,385,418,132,27,85,51,Ciprofloxacin,Azithromycin,ORS,844,92.11,0
2024-12-18,1003,Boyd-Villanueva Hospital,Forbeshaven,Idaho,0,1,299,73,213,355,72,28,78,22,Remdesivir,Paracetamol,Oxygen Support,1196,60.0,1
2024-12-19,1090,Garza Group Hospital,Port April,Oregon,5,0,401,39,250,184,191,39,97,26,Ciprofloxacin,Azithromycin,ORS,802,135.87,0
2024-12-20,1035,Lynch LLC Hospital,East Charlesmouth,Louisiana,5,2,247,45,199,536,98,13,71,27,Ciprofloxacin,Azithromycin,ORS,1235,37.13,1
2024-12-21,1055,Reed and Sons Hospital,West Anthony,Pennsylvania,1,2,131,23,106,395,32,10,36,11,ORS,Platelets,Paracetamol,393,26.84,1
2024-12-22,1100,"Potts, Lara and Mcgee Hospital",Port Samanthaview,Maryland,0,2,54,7,33,386,17,4,8,3,Remdesivir,Paracetamol,Oxygen Support,162,8.55,1
2024-12-23,1078,Ramirez Inc Hospital,Alexanderburgh,Kentucky,4,1,184,32,162,121,49,15,28,20,Amoxicillin,Azithromycin,Cough Syrup,368,133.88,0
2024-12-24,1034,Randall-Gray Hospital,New Todd,New Jersey,2,2,467,98,347,432,105,48,93,73,Paracetamol,Azithromycin,Vitamin C,1868,80.32,2
2024-12-25,1022,Price-Johnson Hospital,Bishopland,Wisconsin,1,2,336,33,253,394,163,33,63,20,ORS,Platelets,Paracetamol,1344,64.21,1
2024-12-26,1065,Lynch-Jackson Hospital,Martinfort,Tennessee,1,2,236,37,148,509,107,12,46,16,ORS,Platelets,Paracetamol,1180,29.08,1
2024-12-27,1024,Ferguson-Carrillo Hospital,Lake Ashleeton,Oregon,1,2,133,31,117,583,60,14,37,23,ORS,Platelets,Paracetamol,532,20.07,1
2024-12-28,1067,Martinez-Richards Hospital,Scottburgh,Kansas,3,1,308,59,274,281,121,34,84,38,Chloroquine,Artemisinin,Primaquine,924,97.51,0
2024-12-29,1002,Simmons-Gregory Hospital,New Christopher,Indiana,1,2,492,44,404,211,199,51,126,23,ORS,Platelets,Paracetamol,984,191.47,0
2024-12-30,1019,Smith-George Hospital,Laurenchester,Utah,3,2,210,39,178,122,92,14,39,29,Chloroquine,Artemisinin,Primaquine,420,145.9,0
2024-01-01,1036,"Carroll, Schultz and Buckley Hospital",South Seth,Kansas,2,2,235,45,219,368,108,27,64,19,Paracetamol,Azithromycin,Vitamin C,470,59.51,1
2024-01-02,1092,Phillips and Sons Hospital,Johnchester,Minnesota,1,2,57,6,53,430,28,5,12,2,ORS,Platelets,Paracetamol,171,12.33,1
2024-01-03,1037,Webb-Hunter Hospital,Port Kathryn,Maine,2,0,319,64,295,215,79,18,66,24,Paracetamol,Azithromycin,Vitamin C,957,137.21,0
2024-01-04,1001,Rojas and Sons Hospital,Alexbury,Georgia,1,1,293,58,220,329,145,18,81,20,ORS,Platelets,Paracetamol,879,66.87,2
2024-01-05,1064,"Hayes, Murphy and Spencer Hospital",New Theresa,Iowa,5,0,177,17,142,236,55,18,46,7,Ciprofloxacin,Azithromycin,ORS,885,60.17,1
2024-01-06,1039,Gonzalez Ltd Hospital,Port Michael,New Hampshire,0,0,409,51,258,188,204,47,104,19,Remdesivir,Paracetamol,Oxygen Support,1227,137.23,0
2024-01-07,1083,Love-Torres Hospital,Jacobtown,Maryland,0,2,315,34,192,326,133,20,92,22,Remdesivir,Paracetamol,Oxygen Support,1575,58.9,1
2024-01-08,1007,Cooper-Schroeder Hospital,New Matthewhaven,Connecticut,4,2,436,72,362,182,112,21,123,36,Amoxicillin,Azithromycin,Cough Syrup,872,198.9,0
2024-01-09,1044,Hoffman PLC Hospital,Collinsside,Florida,2,0,156,31,103,135,61,10,38,18,Paracetamol,Azithromycin,Vitamin C,312,76.3,2
2024-01-10,1099,"Patton, Guzman and Miller Hospital",Lake Dale,Maine,5,2,319,70,281,296,141,25,83,36,Ciprofloxacin,Azithromycin,ORS,638,94.93,0
2024-01-11,1011,Roberson-Turner Hospital,East Michaelland,Georgia,0,2,354,71,263,491,90,39,83,30,Remdesivir,Paracetamol,Oxygen Support,1062,53.56,1
2024-01-12,1006,Ramirez-Meyer Hospital,Brianburgh,Missouri,0,0,101,13,91,144,43,6,25,5,Remdesivir,Paracetamol,Oxygen Support,202,63.19,1
2024-01-13,1017,"Morgan, Stephens and Smith Hospital",Williamsbury,Texas,4,1,226,19,149,428,66,22,52,6,Amoxicillin,Azithromycin,Cough Syrup,1130,34.81,1
2024-01-14,1038,Roberts-Carlson Hospital,Brookechester,Florida,1,2,346,45,317,346,99,20,78,14,ORS,Platelets,Paracetamol,1038,91.62,0
2024-01-15,1035,Moreno-Lopez Hospital,South Keith,Wyoming,3,0,375,88,249,459,130,19,65,28,Chloroquine,Artemisinin,Primaquine,1500,54.25,1
2024-01-16,1079,Watson PLC Hospital,Harrisbury,Missouri,1,2,244,50,167,477,78,18,67,28,ORS,Platelets,Paracetamol,732,35.01,1
2024-01-17,1100,Briggs-Rodriguez Hospital,Frenchland,Alabama,3,2,120,27,79,135,53,11,23,12,Chloroquine,Artemisinin,Primaquine,240,58.52,1
2024-01-18,1059,Norton-Brown Hospital,New Mitchell,Rhode Island,2,2,358,87,318,353,76,27,66,68,Paracetamol,Azithromycin,Vitamin C,1790,90.08,0
2024-01-19,1048,Morales Inc Hospital,Lake Nicholastown,Missouri,3,2,323,41,257,141,132,22,61,24,Chloroquine,Artemisinin,Primaquine,969,182.27,0
2024-01-20,1041,"Yoder, Dean and Parker Hospital",Schaeferland,Hawaii,5,2,134,16,87,368,38,11,38,7,Ciprofloxacin,Azithromycin,ORS,268,23.64,1
2024-01-21,1086,"White, Cortez and Davis Hospital",Erinland,Alaska,0,2,346,34,288,507,126,22,68,10,Remdesivir,Paracetamol,Oxygen Support,1384,56.8,1
2024-01-22,1061,Schmitt-Berger Hospital,Heidiburgh,New Hampshire,3,2,168,19,157,593,78,19,30,5,Chloroquine,Artemisinin,Primaquine,336,26.48,1
2024-01-23,1050,Kelly Group Hospital,North Robertochester,Ohio,3,1,88,21,55,290,28,7,25,8,Chloroquine,Artemisinin,Primaquine,352,18.97,1
2024-01-24,1005,Martinez-Chang Hospital,New Paul,North Dakota,0,0,95,16,89,304,42,8,22,11,Remdesivir,Paracetamol,Oxygen Support,475,29.28,1
2024-01-25,1094,Russo LLC Hospital,Kathrynshire,Illinois,2,0,158,32,137,231,38,11,32,23,Paracetamol,Azithromycin,Vitamin C,790,59.31,1
2024-01-26,1019,"Tran, Miller and Watts Hospital",Sandraton,Tennessee,3,1,345,59,209,302,131,23,77,28,Chloroquine,Artemisinin,Primaquine,1035,69.21,2
2024-01-27,1065,Jones Group Hospital,Batesbury,New Mexico,1,1,360,30,262,378,177,41,71,18,ORS,Platelets,Paracetamol,1800,69.31,2
2024-01-28,1028,Arnold PLC Hospital,South Lisaberg,Indiana,2,0,128,29,79,257,48,13,24,20,Paracetamol,Azithromycin,Vitamin C,640,30.74,1
2024-01-29,1012,"Scott, Romero and Spears Hospital",Robertchester,New Hampshire,3,2,339,27,271,300,159,19,92,11,Chloroquine,Artemisinin,Primaquine,678,90.33,0
2024-01-30,1099,Garcia and Sons Hospital,Port Katherineberg,Kansas,1,1,285,59,250,443,97,27,71,42,ORS,Platelets,Paracetamol,1140,56.43,1
2024-01-31,1096,Wood-Roberts Hospital,Lake Mark,Virginia,0,0,106,16,77,362,38,10,19,10,Remdesivir,Paracetamol,Oxygen Support,212,21.27,1
2024-02-01,1047,"Armstrong, Ortiz and Martinez Hospital",West Lawrencechester,Wisconsin,4,0,389,61,313,262,186,23,115,46,Amoxicillin,Azithromycin,Cough Syrup,1556,119.47,0
2024-02-02,1070,Colon-Thomas Hospital,Brownstad,Delaware,5,2,287,59,229,184,106,27,60,22,Ciprofloxacin,Azithromycin,ORS,574,124.46,0
2024-02-03,1009,"Griffith, Mills and Patel Hospital",Josephstad,Vermont,2,0,465,62,335,199,149,45,110,39,Paracetamol,Azithromycin,Vitamin C,930,168.34,0
2024-02-04,1088,"Hernandez, Meyer and Fuller Hospital",West Robertchester,California,2,0,481,39,324,384,194,29,86,17,Paracetamol,Azithromycin,Vitamin C,1443,84.38,2
2024-02-05,1067,Reynolds-Allen Hospital,Martinezside,Tennessee,0,2,227,31,214,104,96,13,44,19,Remdesivir,Paracetamol,Oxygen Support,908,205.77,0
2024-02-06,1056,Lewis and Sons Hospital,Randyshire,New Jersey,0,1,479,43,354,449,192,52,84,24,Remdesivir,Paracetamol,Oxygen Support,958,78.84,2
2024-02-07,1074,"Hammond, Bradshaw and Lewis Hospital",Danamouth,Montana,0,2,418,69,320,171,118,41,72,50,Remdesivir,Paracetamol,Oxygen Support,2090,187.13,0
2024-02-08,1034,"Kennedy, Wilkins and Parker Hospital",New Hannahbury,Virginia,3,1,370,87,291,178,140,30,105,31,Chloroquine,Artemisinin,Primaquine,1850,163.48,0
2024-02-09,1094,Scott PLC Hospital,Mccallhaven,Idaho,0,2,255,51,158,379,93,29,69,23,Remdesivir,Paracetamol,Oxygen Support,1275,41.69,1
2024-02-10,1035,Hernandez Ltd Hospital,Patriciaport,Connecticut,0,2,247,24,205,419,71,27,46,17,Remdesivir,Paracetamol,Oxygen Support,988,48.93,1
2024-02-11,1044,Miller-Contreras Hospital,Carlyfurt,Colorado,4,2,230,40,139,514,100,14,46,21,Amoxicillin,Azithromycin,Cough Syrup,460,27.04,1
2024-02-12,1046,Blankenship-Lopez Hospital,Jenkinsborough,Kansas,3,1,400,43,364,482,103,36,69,30,Chloroquine,Artemisinin,Primaquine,800,75.52,2
2024-02-13,1064,King-Everett Hospital,West Rebeccaburgh,Colorado,4,2,189,41,158,424,94,16,35,23,Amoxicillin,Azithromycin,Cough Syrup,756,37.26,1
2024-02-14,1079,Chavez-Bennett Hospital,West Sydneyfurt,North Dakota,5,1,433,37,336,344,204,35,106,20,Ciprofloxacin,Azithromycin,ORS,1732,97.67,0
2024-02-15,1001,Jackson LLC Hospital,Gibbsland,Vermont,0,2,351,50,297,234,128,28,104,24,Remdesivir,Paracetamol,Oxygen Support,1755,126.92,0
2024-02-16,1030,Ponce Group Hospital,New Janeborough,Colorado,5,0,121,22,105,182,30,13,33,10,Ciprofloxacin,Azithromycin,ORS,242,57.69,1
2024-02-17,1037,"Jenkins, Ramirez and Thompson Hospital",Bonniestad,Idaho,0,1,191,25,133,139,44,22,30,8,Remdesivir,Paracetamol,Oxygen Support,764,95.68,0
2024-02-18,1074,"Moss, Beltran and Carpenter Hospital",Donnamouth,Alabama,3,0,404,87,378,335,171,20,77,45,Chloroquine,Artemisinin,Primaquine,808,112.84,0
2024-02-19,1009,"Hammond, Robinson and Marshall Hospital",Barberport,Utah,4,1,158,22,145,505,33,18,33,8,Amoxicillin,Azithromycin,Cough Syrup,316,28.71,1
2024-02-20,1001,"Watson, Garcia and Vasquez Hospital",Michaelastad,Alaska,1,1,178,32,168,459,39,14,33,22,ORS,Platelets,Paracetamol,534,36.6,1
2024-02-21,1002,Horn-Roberts Hospital,Port Chase,Missouri,2,0,86,17,62,332,32,4,18,12,Paracetamol,Azithromycin,Vitamin C,258,18.67,1
2024-02-22,1089,Duran-Paul Hospital,Nolanburgh,Arizona,4,2,216,38,172,582,63,25,57,29,Amoxicillin,Azithromycin,Cough Syrup,1080,29.55,1
2024-02-23,1006,"Jackson, Evans and Johnson Hospital",North Laurenview,Arkansas,3,2,180,26,145,500,82,11,43,9,Chloroquine,Artemisinin,Primaquine,720,29.0,1
2024-02-24,1071,Lindsey-Davies Hospital,Waltershire,Ohio,1,0,500,100,343,355,234,43,82,51,ORS,Platelets,Paracetamol,1500,96.62,0
2024-02-25,1006,Mcknight Group Hospital,Port Tabitha,Alaska,1,0,414,33,383,523,137,39,95,25,ORS,Platelets,Paracetamol,2070,73.23,2
2024-02-26,1084,Robinson Inc Hospital,Sherryfurt,Virginia,2,0,248,36,223,105,112,25,42,13,Paracetamol,Azithromycin,Vitamin C,1240,212.38,0
2024-02-27,1087,"Bishop, Velazquez and Huffman Hospital",Johnfort,New Mexico,4,0,393,92,308,455,124,28,63,65,Amoxicillin,Azithromycin,Cough Syrup,786,67.69,2
2024-02-28,1097,Thomas Inc Hospital,Sarabury,North Dakota,3,2,422,54,289,153,120,36,124,31,Chloroquine,Artemisinin,Primaquine,1688,188.89,0
2024-02-29,1016,"Anderson, Jones and Williams Hospital",Gordonport,Maine,2,1,171,19,138,574,82,16,50,13,Paracetamol,Azithromycin,Vitamin C,342,24.04,1
2024-03-01,1000,Torres-Lawson Hospital,New Edwinhaven,Montana,1,1,476,90,292,180,185,54,84,65,ORS,Platelets,Paracetamol,952,162.22,0
2024-03-02,1094,"Beck, Mclaughlin and Robertson Hospital",Smithfurt,Connecticut,2,1,460,45,375,393,154,43,73,17,Paracetamol,Azithromycin,Vitamin C,1840,95.42,0
2024-03-03,1074,Shaw Ltd Hospital,East Eileen,Massachusetts,5,0,477,44,402,377,192,49,106,24,Ciprofloxacin,Azithromycin,ORS,954,106.63,0
2024-03-04,1077,"Fischer, Cunningham and Green Hospital",Jessicaberg,South Dakota,5,0,404,66,273,263,183,30,101,32,Ciprofloxacin,Azithromycin,ORS,1616,103.8,0
2024-03-05,1051,Carson-Cruz Hospital,South Kaitlynmouth,Alabama,4,0,399,97,339,501,133,33,84,74,Amoxicillin,Azithromycin,Cough Syrup,1995,67.66,2
2024-03-06,1055,"Taylor, Greene and Wade Hospital",East Christineport,Hawaii,5,1,375,57,284,215,121,43,105,22,Ciprofloxacin,Azithromycin,ORS,750,132.09,0
2024-03-07,1032,Rhodes-Hampton Hospital,New Davidland,Rhode Island,3,1,496,66,347,434,113,31,136,47,Chloroquine,Artemisinin,Primaquine,1488,79.95,2
2024-03-08,1011,Schmidt Group Hospital,Coopermouth,Oregon,1,2,104,19,75,133,45,11,27,6,ORS,Platelets,Paracetamol,520,56.39,1
2024-03-09,1050,Romero-Perez Hospital,Edwardsland,New Mexico,2,0,267,27,161,319,54,28,60,16,Paracetamol,Azithromycin,Vitamin C,1335,50.47,1
2024-03-10,1080,Walls and Sons Hospital,Odonnellhaven,Massachusetts,0,1,197,23,145,370,92,17,43,10,Remdesivir,Paracetamol,Oxygen Support,788,39.19,1
2024-03-11,1098,Henry and Sons Hospital,East Travisland,Georgia,4,0,210,23,157,353,55,20,57,15,Amoxicillin,Azithromycin,Cough Syrup,1050,44.48,1
2024-03-12,1083,Novak PLC Hospital,Port Terrence,Utah,3,0,460,92,426,523,193,27,116,62,Chloroquine,Artemisinin,Primaquine,2300,81.45,2
2024-03-13,1058,Wilson PLC Hospital,Lake Scott,Maryland,0,1,149,35,99,185,31,16,27,15,Remdesivir,Paracetamol,Oxygen Support,298,53.51,1
2024-03-14,1035,Mueller-Rodriguez Hospital,Scottfurt,Maryland,0,1,196,45,152,217,40,11,31,23,Remdesivir,Paracetamol,Oxygen Support,392,70.05,2
2024-03-15,1066,Bishop and Sons Hospital,Rebeccamouth,Minnesota,5,2,156,34,93,549,41,10,44,21,Ciprofloxacin,Azithromycin,ORS,312,16.94,1
2024-03-16,1037,Shah LLC Hospital,North Sarah,Arizona,2,1,278,63,197,165,92,15,64,42,Paracetamol,Azithromycin,Vitamin C,1112,119.39,0
2024-03-17,1078,"Rojas, Holland and Li Hospital",Brownview,Minnesota,5,0,210,31,183,416,63,12,60,23,Ciprofloxacin,Azithromycin,ORS,420,43.99,1
2024-03-18,1070,"Ortega, Edwards and Russell Hospital",North Deanchester,South Dakota,1,0,229,21,142,146,87,25,61,15,ORS,Platelets,Paracetamol,458,97.26,0
2024-03-19,1080,Johnson LLC Hospital,Wheelerfurt,Pennsylvania,1,2,150,33,94,207,32,13,37,13,ORS,Platelets,Paracetamol,600,45.41,1
2024-03-20,1042,Patterson-Miller Hospital,East Ann,Vermont,0,2,487,42,416,503,130,24,134,32,Remdesivir,Paracetamol,Oxygen Support,1948,82.7,2
2024-03-21,1009,Alvarez-Melton Hospital,North Amandamouth,Idaho,2,1,131,31,113,552,62,7,29,22,Paracetamol,Azithromycin,Vitamin C,524,20.47,1
2024-03-22,1098,Stephens-Wood Hospital,Wendymouth,Kansas,1,1,485,79,370,406,117,53,128,56,ORS,Platelets,Paracetamol,970,91.13,0
2024-03-23,1066,"Montes, Hansen and Sanchez Hospital",Lake Bryan,Georgia,0,0,417,56,278,187,134,48,77,23,Remdesivir,Paracetamol,Oxygen Support,834,148.66,0
2024-03-24,1031,Barrett and Sons Hospital,East Cassidy,Arizona,3,2,198,20,186,378,94,23,56,9,Chloroquine,Artemisinin,Primaquine,594,49.21,1
2024-03-25,1010,Kane and Sons Hospital,Huntberg,Vermont,2,1,105,9,63,279,26,10,25,3,Paracetamol,Azithromycin,Vitamin C,210,22.58,1
2024-03-26,1063,Warner Ltd Hospital,North James,New Mexico,5,2,282,29,231,137,100,17,81,12,Ciprofloxacin,Azithromycin,ORS,1128,168.61,0
2024-03-27,1092,"Wagner, Ruiz and Clarke Hospital",Michaeltown,South Dakota,0,1,419,89,356,411,177,25,107,31,Remdesivir,Paracetamol,Oxygen Support,1676,86.62,0
2024-03-28,1035,"Bishop, Hammond and Nelson Hospital",North Laurieland,Georgia,5,2,194,37,118,391,45,17,42,25,Ciprofloxacin,Azithromycin,ORS,776,30.18,1
2024-03-29,1082,Gilbert LLC Hospital,New Kristen,Alaska,0,2,114,28,87,350,52,9,28,17,Remdesivir,Paracetamol,Oxygen Support,342,24.86,1
2024-03-30,1051,"Smith, Williams and Smith Hospital",Hoffmanmouth,Hawaii,4,2,393,73,236,554,178,44,66,31,Amoxicillin,Azithromycin,Cough Syrup,786,42.6,1
2024-03-31,1035,"Khan, Cruz and Ferguson Hospital",Port Stevenhaven,Vermont,5,1,107,8,98,560,36,12,19,4,Ciprofloxacin,Azithromycin,ORS,428,17.5,1
2024-04-01,1009,Sandoval-Knight Hospital,Ericland,South Dakota,2,2,465,114,422,504,206,34,95,49,Paracetamol,Azithromycin,Vitamin C,2325,83.73,2
2024-04-02,1098,"Henry, Guzman and Weaver Hospital",Vanessaton,Rhode Island,2,2,381,36,274,417,127,42,62,15,Paracetamol,Azithromycin,Vitamin C,1524,65.71,2
2024-04-03,1091,Santos Group Hospital,North Williamhaven,North Carolina,0,0,105,23,98,543,30,11,17,11,Remdesivir,Paracetamol,Oxygen Support,420,18.05,1
2024-04-04,1002,Greene Group Hospital,Mezaburgh,West Virginia,1,2,312,67,253,319,77,35,69,27,ORS,Platelets,Paracetamol,624,79.31,2
2024-04-05,1095,Holmes Group Hospital,Joshuabury,West Virginia,1,2,263,46,192,160,63,27,62,16,ORS,Platelets,Paracetamol,789,120.0,0
2024-04-06,1034,Oliver LLC Hospital,Chaseland,Virginia,0,1,209,27,155,478,85,14,57,18,Remdesivir,Paracetamol,Oxygen Support,627,32.43,1
2024-04-07,1032,"Thompson, Miller and Huynh Hospital",New Saraburgh,South Dakota,1,1,207,48,174,236,61,17,50,24,ORS,Platelets,Paracetamol,828,73.73,2
2024-04-08,1070,"Ramsey, Hudson and Vazquez Hospital",Matthewland,Illinois,3,1,409,68,340,521,97,27,71,25,Chloroquine,Artemisinin,Primaquine,1227,65.26,2
2024-04-09,1026,Edwards-Diaz Hospital,Port Veronicafort,Maine,1,0,61,5,57,195,12,4,17,2,ORS,Platelets,Paracetamol,244,29.23,1
2024-04-10,1054,Thomas Inc Hospital,South Brittney,Ohio,0,0,65,6,59,201,22,4,16,3,Remdesivir,Paracetamol,Oxygen Support,325,29.35,1
2024-04-11,1049,"Ball, Payne and Byrd Hospital",West Thomas,Tennessee,2,2,74,18,54,382,23,4,13,5,Paracetamol,Azithromycin,Vitamin C,222,14.14,1
2024-04-12,1032,"Scott, Rodriguez and Miller Hospital",Rodriguezland,Montana,5,0,477,81,441,593,229,26,82,56,Ciprofloxacin,Azithromycin,ORS,1431,74.37,2
2024-04-13,1036,"Nielsen, Webb and Williams Hospital",Lake Angelatown,North Dakota,5,2,139,27,94,496,47,10,28,18,Ciprofloxacin,Azithromycin,ORS,556,18.95,1
2024-04-14,1016,Montoya-Craig Hospital,Briggsland,Indiana,0,0,86,8,78,216,31,4,13,5,Remdesivir,Paracetamol,Oxygen Support,258,36.11,1
2024-04-15,1096,Spencer-Palmer Hospital,North Anthonytown,Nevada,3,1,421,90,385,414,191,28,118,68,Chloroquine,Artemisinin,Primaquine,2105,93.0,0
2024-04-16,1054,Sandoval-Lee Hospital,Lake Elizabethport,Idaho,0,0,406,44,349,194,192,43,114,25,Remdesivir,Paracetamol,Oxygen Support,1218,179.9,0
2024-04-17,1073,Santana Ltd Hospital,Michaelberg,New Hampshire,4,2,283,26,176,288,104,26,66,13,Amoxicillin,Azithromycin,Cough Syrup,566,61.11,1
2024-04-18,1040,Miller LLC Hospital,Joantown,Alabama,1,1,481,62,424,521,175,41,110,20,ORS,Platelets,Paracetamol,1924,81.38,2
2024-04-19,1018,Walker Ltd Hospital,Charleshaven,Iowa,3,1,486,111,355,372,143,28,85,38,Chloroquine,Artemisinin,Primaquine,2430,95.43,0
2024-04-20,1020,Hernandez-Parker Hospital,Micheleview,Montana,5,0,433,65,361,293,97,44,129,49,Ciprofloxacin,Azithromycin,ORS,1299,123.21,0
2024-04-21,1072,"Ramos, Ford and Martin Hospital",Alexanderbury,New York,0,2,495,117,314,266,127,45,113,48,Remdesivir,Paracetamol,Oxygen Support,1485,118.05,0
2024-04-22,1025,Dean-Newman Hospital,North Jane,Wisconsin,1,2,235,55,172,288,116,19,56,20,ORS,Platelets,Paracetamol,470,59.72,1
2024-04-23,1002,"Beard, Ward and Lopez Hospital",South Jamesfurt,Missouri,0,0,385,46,322,364,167,34,66,31,Remdesivir,Paracetamol,Oxygen Support,1155,88.46,0
2024-04-24,1083,"Mayer, Myers and Moore Hospital",Port Jonathanport,New Hampshire,1,2,112,22,75,324,53,12,25,16,ORS,Platelets,Paracetamol,560,23.15,1
2024-04-25,1049,"Riley, Howard and Perry Hospital",Thomasstad,Wyoming,5,0,120,28,92,451,25,12,20,16,Ciprofloxacin,Azithromycin,ORS,480,20.4,1
2024-04-26,1037,Moore Ltd Hospital,Lake Jenniferborough,Nebraska,5,1,163,15,130,472,61,15,38,5,Ciprofloxacin,Azithromycin,ORS,326,27.54,1
2024-04-27,1032,"Dodson, Harper and Carroll Hospital",Edwardsborough,New Hampshire,4,1,93,9,64,442,41,6,16,5,Amoxicillin,Azithromycin,Cough Syrup,372,14.48,1
2024-04-28,1042,Bryant-Robertson Hospital,New Michelle,Arkansas,5,2,425,46,317,225,94,43,106,32,Ciprofloxacin,Azithromycin,ORS,850,140.89,0
2024-04-29,1027,Wade Group Hospital,West Brittany,Indiana,4,2,136,10,120,360,62,15,24,3,Amoxicillin,Azithromycin,Cough Syrup,680,33.33,1
2024-04-30,1076,Edwards and Sons Hospital,Lake Leslieside,New Mexico,2,2,94,8,80,549,33,4,20,6,Paracetamol,Azithromycin,Vitamin C,376,14.57,1
2024-05-01,1030,Fields and Sons Hospital,Payneburgh,New Hampshire,1,0,325,28,211,563,79,33,90,14,ORS,Platelets,Paracetamol,650,37.48,1
2024-05-02,1087,Rowland and Sons Hospital,New Jasonmouth,Georgia,0,0,185,44,157,579,52,15,43,21,Remdesivir,Paracetamol,Oxygen Support,370,27.12,1
2024-05-03,1008,Moyer and Sons Hospital,North Raymondmouth,Utah,4,2,437,53,293,453,162,51,126,42,Amoxicillin,Azithromycin,Cough Syrup,1311,64.68,1
2024-05-04,1089,"Morales, Jones and Parker Hospital",Mariamouth,Nebraska,3,2,95,18,86,414,35,9,16,9,Chloroquine,Artemisinin,Primaquine,380,20.77,1
2024-05-05,1000,Goodman Group Hospital,North Lindaton,Illinois,5,0,434,73,332,320,205,47,81,44,Ciprofloxacin,Azithromycin,ORS,1736,103.75,0
2024-05-06,1013,Maldonado Inc Hospital,Davidburgh,Michigan,3,1,298,24,212,286,62,29,44,18,Chloroquine,Artemisinin,Primaquine,596,74.13,2
2024-05-07,1028,Taylor-Anderson Hospital,Lake Erin,Nebraska,2,1,64,14,43,553,19,4,10,8,Paracetamol,Azithromycin,Vitamin C,128,7.78,1
2024-05-08,1053,Brown-Allen Hospital,Port Brentshire,Nebraska,2,1,396,38,281,589,163,20,105,18,Paracetamol,Azithromycin,Vitamin C,1584,47.71,1
2024-05-09,1077,"Kelly, Newton and Higgins Hospital",Roweborough,Illinois,4,1,180,31,133,530,75,14,29,12,Amoxicillin,Azithromycin,Cough Syrup,900,25.09,1
2024-05-10,1036,Jordan Inc Hospital,Melissaburgh,Alabama,0,2,77,12,55,428,27,7,21,7,Remdesivir,Paracetamol,Oxygen Support,231,12.85,1
2024-05-11,1022,"Harrison, Cordova and Williams Hospital",Oneillburgh,Vermont,0,1,106,18,83,369,42,10,31,6,Remdesivir,Paracetamol,Oxygen Support,318,22.49,1
2024-05-12,1073,Anderson-Bennett Hospital,East Jameston,Florida,2,2,88,15,63,126,29,6,17,8,Paracetamol,Azithromycin,Vitamin C,352,50.0,1
2024-05-13,1038,Jenkins-Sharp Hospital,Michaelberg,Arkansas,3,1,132,22,99,457,32,8,26,6,Chloroquine,Artemisinin,Primaquine,528,21.66,1
2024-05-14,1086,Webb-Hernandez Hospital,Heathtown,California,2,0,344,30,293,177,84,21,52,19,Paracetamol,Azithromycin,Vitamin C,1720,165.54,0
2024-05-15,1039,"Morrison, Thornton and Harris Hospital",Laurabury,Arizona,0,0,131,31,95,581,64,12,29,19,Remdesivir,Paracetamol,Oxygen Support,524,16.35,1
2024-05-16,1022,Wilson LLC Hospital,Luisfurt,New York,2,2,213,19,166,221,78,15,44,14,Paracetamol,Azithromycin,Vitamin C,426,75.11,2
2024-05-17,1038,Crawford and Sons Hospital,Smithmouth,Iowa,0,1,476,87,395,208,166,50,76,60,Remdesivir,Paracetamol,Oxygen Support,952,189.9,0
2024-05-18,1097,Thompson LLC Hospital,New Lisastad,Florida,5,2,276,55,187,582,131,14,49,22,Ciprofloxacin,Azithromycin,ORS,828,32.13,1
2024-05-19,1078,Walter-Harrison Hospital,North Bryan,Georgia,1,0,436,97,344,116,96,27,74,47,ORS,Platelets,Paracetamol,1308,296.55,0
2024-05-20,1033,"Mendoza, Aguilar and Wagner Hospital",Lake Paigebury,South Carolina,2,0,341,32,267,169,134,33,90,22,Paracetamol,Azithromycin,Vitamin C,1705,157.99,0
2024-05-21,1049,Edwards-Smith Hospital,Victoriatown,Iowa,0,1,220,18,150,256,53,26,39,9,Remdesivir,Paracetamol,Oxygen Support,880,58.59,1
2024-05-22,1022,Allen-Gomez Hospital,Sherrybury,Pennsylvania,4,2,182,20,114,412,79,14,32,15,Amoxicillin,Azithromycin,Cough Syrup,546,27.67,1
2024-05-23,1008,"Barnett, Lewis and Anderson Hospital",North Donna,Kansas,3,2,128,17,101,251,45,14,24,9,Chloroquine,Artemisinin,Primaquine,256,40.24,1
2024-05-24,1072,"Massey, Hayes and Patel Hospital",Peggybury,Alabama,1,0,172,42,143,215,75,11,45,27,ORS,Platelets,Paracetamol,860,66.51,2
2024-05-25,1018,George-Davis Hospital,Smithbury,Kentucky,2,2,235,53,194,151,59,12,42,22,Paracetamol,Azithromycin,Vitamin C,470,128.48,0
2024-05-26,1040,Edwards-Carter Hospital,Hollandside,Arizona,5,2,244,44,164,598,117,28,49,26,Ciprofloxacin,Azithromycin,ORS,488,27.42,1
2024-05-27,1021,"Parks, Young and Hardy Hospital",New Danielview,New Jersey,2,0,229,52,139,415,58,12,62,40,Paracetamol,Azithromycin,Vitamin C,458,33.49,1
2024-05-28,1042,Ramsey Group Hospital,Lake Maria,Florida,5,2,200,23,130,385,54,19,37,17,Ciprofloxacin,Azithromycin,ORS,800,33.77,1
2024-05-29,1042,Sanders-Beck Hospital,North Jill,South Carolina,5,1,184,31,143,402,61,20,46,20,Ciprofloxacin,Azithromycin,ORS,736,35.57,1
2024-05-30,1073,Carrillo-Benton Hospital,Lake Traci,Utah,3,0,200,26,189,527,60,13,55,14,Chloroquine,Artemisinin,Primaquine,1000,35.86,1
2024-05-31,1030,Wilson Group Hospital,Tiffanyburgh,Indiana,4,0,192,38,133,337,58,22,46,15,Amoxicillin,Azithromycin,Cough Syrup,960,39.47,1
2024-06-01,1013,Kim and Sons Hospital,Alishatown,Arizona,4,1,484,44,352,176,142,42,78,32,Amoxicillin,Azithromycin,Cough Syrup,2420,200.0,0
2024-06-02,1033,"Austin, Armstrong and Thompson Hospital",Port Jamiestad,Vermont,5,1,284,43,222,392,77,30,71,24,Ciprofloxacin,Azithromycin,ORS,852,56.63,1
2024-06-03,1043,Grimes-Stein Hospital,North Stephenborough,Nebraska,2,0,203,44,150,258,101,23,46,28,Paracetamol,Azithromycin,Vitamin C,406,58.14,1
2024-06-04,1055,"Fuller, Zavala and Berry Hospital",East Jared,Maine,4,1,471,50,346,192,131,37,91,30,Amoxicillin,Azithromycin,Cough Syrup,942,180.21,0
2024-06-05,1061,Tapia-Moore Hospital,West Frank,Georgia,0,2,158,25,128,228,37,12,34,8,Remdesivir,Paracetamol,Oxygen Support,632,56.14,1
2024-06-06,1075,Wilson and Sons Hospital,East Samuelton,Massachusetts,3,2,237,25,193,284,100,21,48,17,Chloroquine,Artemisinin,Primaquine,1185,67.96,2
2024-06-07,1031,Lee-Alvarado Hospital,South Alejandrabury,Louisiana,4,1,351,79,327,295,152,31,66,50,Amoxicillin,Azithromycin,Cough Syrup,1404,110.85,0
2024-06-08,1082,Woods-Lyons Hospital,North Kristenburgh,Nebraska,2,2,454,69,287,442,140,30,112,54,Paracetamol,Azithromycin,Vitamin C,2270,64.93,1
2024-06-09,1099,"Perez, Howard and Nicholson Hospital",South Kevin,Mississippi,0,2,220,19,140,279,101,17,54,14,Remdesivir,Paracetamol,Oxygen Support,880,50.18,1
2024-06-10,1071,Branch-Hunter Hospital,New Jennifermouth,Colorado,0,1,281,32,232,359,98,30,52,20,Remdesivir,Paracetamol,Oxygen Support,843,64.62,1
2024-06-11,1014,Nielsen Inc Hospital,Christopherstad,Maine,3,2,287,52,256,490,117,22,49,31,Chloroquine,Artemisinin,Primaquine,861,52.24,1
2024-06-12,1044,"Rogers, Scott and Jackson Hospital",New Gerald,Tennessee,3,1,422,101,319,219,106,40,90,33,Chloroquine,Artemisinin,Primaquine,1688,145.66,0
2024-06-13,1092,Scott LLC Hospital,West Tinachester,Georgia,0,0,88,8,77,227,34,8,21,5,Remdesivir,Paracetamol,Oxygen Support,264,33.92,1
2024-06-14,1024,Foley-King Hospital,Christopherland,Wisconsin,4,2,228,20,204,560,64,13,40,12,Amoxicillin,Azithromycin,Cough Syrup,456,36.43,1
2024-06-15,1031,Taylor-Buck Hospital,West Josephborough,Iowa,4,1,487,116,404,288,196,41,102,37,Amoxicillin,Azithromycin,Cough Syrup,2435,140.28,0
2024-06-16,1070,Obrien PLC Hospital,Jenniferbury,Tennessee,4,2,425,86,301,249,185,33,97,64,Amoxicillin,Azithromycin,Cough Syrup,1275,120.88,0
2024-06-17,1034,"Taylor, Holder and Frazier Hospital",New Christineview,Connecticut,1,0,66,6,44,403,18,3,18,4,ORS,Platelets,Paracetamol,198,10.92,1
2024-06-18,1034,Thomas Inc Hospital,East Brittany,Maryland,2,1,471,91,315,351,169,37,112,40,Paracetamol,Azithromycin,Vitamin C,942,89.74,0
2024-06-19,1041,"Woods, Berger and Thompson Hospital",West Jeffrey,Florida,0,1,336,57,273,589,150,31,61,17,Remdesivir,Paracetamol,Oxygen Support,1008,46.35,1
2024-06-20,1021,Dunlap and Sons Hospital,Brownshire,Oklahoma,2,1,216,25,160,169,58,13,33,19,Paracetamol,Azithromycin,Vitamin C,864,94.67,0
2024-06-21,1099,Barnes-Stone Hospital,Ruizmouth,New Jersey,0,2,397,79,259,167,93,24,69,42,Remdesivir,Paracetamol,Oxygen Support,794,155.09,0
2024-06-22,1046,Faulkner Group Hospital,East Kylemouth,South Carolina,2,1,362,60,342,430,77,39,80,18,Paracetamol,Azithromycin,Vitamin C,1086,79.53,2
2024-06-23,1043,"Ryan, Thornton and Thompson Hospital",South Michelle,South Carolina,2,1,428,50,371,382,117,47,93,39,Paracetamol,Azithromycin,Vitamin C,856,97.12,0
2024-06-24,1002,Rose PLC Hospital,New Travisstad,Utah,0,0,459,100,309,586,224,35,97,78,Remdesivir,Paracetamol,Oxygen Support,1377,52.73,1
2024-06-25,1014,Williams LLC Hospital,New Kaitlyn,Idaho,3,0,335,53,235,112,111,34,86,20,Chloroquine,Artemisinin,Primaquine,1675,209.82,0
2024-06-26,1065,"Ward, Jensen and Adams Hospital",Jamesview,Maine,5,2,212,37,174,235,76,20,48,22,Ciprofloxacin,Azithromycin,ORS,848,74.04,2
2024-06-27,1061,Murray Ltd Hospital,Morganstad,Vermont,5,0,465,61,334,377,93,41,133,30,Ciprofloxacin,Azithromycin,ORS,1395,88.59,0
2024-06-28,1061,Lee-Garcia Hospital,North Maria,Georgia,1,0,72,16,58,320,27,5,16,12,ORS,Platelets,Paracetamol,144,18.12,1
2024-06-29,1087,"Perez, Clark and Mejia Hospital",South Shannonmouth,Pennsylvania,3,0,226,22,157,586,78,16,60,9,Chloroquine,Artemisinin,Primaquine,678,26.79,1
2024-06-30,1082,"Johnson, Jackson and Roberts Hospital",Patrickhaven,Massachusetts,4,2,234,48,208,327,58,18,52,29,Amoxicillin,Azithromycin,Cough Syrup,702,63.61,1
2024-07-01,1072,"Sanders, Quinn and Smith Hospital",New Melissatown,Delaware,4,2,352,59,254,546,94,38,104,34,Amoxicillin,Azithromycin,Cough Syrup,1056,46.52,1
2024-07-02,1023,"Savage, Hopkins and Cunningham Hospital",East Aaronville,Iowa,3,1,87,14,76,581,32,4,20,4,Chloroquine,Artemisinin,Primaquine,261,13.08,1
2024-07-03,1038,"Campbell, Cervantes and Gilbert Hospital",West Scott,South Dakota,0,0,461,77,395,414,95,52,91,42,Remdesivir,Paracetamol,Oxygen Support,2305,95.41,0
2024-07-04,1060,Haynes and Sons Hospital,Jacksonburgh,Nevada,2,0,86,9,78,476,40,5,17,6,Paracetamol,Azithromycin,Vitamin C,430,16.39,1
2024-07-05,1074,Hurst-Zhang Hospital,South Cynthia,Kansas,1,0,479,93,329,284,110,30,110,59,ORS,Platelets,Paracetamol,1437,115.85,0
2024-07-06,1012,"Davidson, Shelton and Rojas Hospital",Briannamouth,Connecticut,4,2,434,39,399,445,136,24,118,28,Amoxicillin,Azithromycin,Cough Syrup,2170,89.66,0
2024-07-07,1085,Lee-Lopez Hospital,North Adrianfort,Wyoming,4,2,210,32,156,495,102,20,35,25,Amoxicillin,Azithromycin,Cough Syrup,1050,31.52,1
2024-07-08,1070,Adkins PLC Hospital,South Brandon,Mississippi,0,1,87,17,59,107,25,10,20,12,Remdesivir,Paracetamol,Oxygen Support,435,55.14,1
2024-07-09,1070,Carroll PLC Hospital,East Wayne,Mississippi,2,0,132,32,117,497,52,14,38,14,Paracetamol,Azithromycin,Vitamin C,396,23.54,1
2024-07-10,1038,"Hughes, Barnes and Carter Hospital",Castrobury,Montana,3,1,59,10,52,121,26,6,17,5,Chloroquine,Artemisinin,Primaquine,118,42.98,1
2024-07-11,1054,Kane PLC Hospital,Thomasborough,Vermont,5,0,162,36,124,398,44,10,48,24,Ciprofloxacin,Azithromycin,ORS,810,31.16,1
2024-07-12,1025,Mclaughlin-Flores Hospital,North Morganville,New York,2,1,299,27,279,537,147,15,55,15,Paracetamol,Azithromycin,Vitamin C,1495,51.96,1
2024-07-13,1037,"Smith, Murray and Collins Hospital",Lambertstad,Arizona,2,0,255,29,214,217,118,24,65,10,Paracetamol,Azithromycin,Vitamin C,765,98.62,0
2024-07-14,1050,Rangel Group Hospital,North Nathaniel,Alaska,0,2,453,111,327,316,191,42,108,77,Remdesivir,Paracetamol,Oxygen Support,1359,103.48,0
2024-07-15,1032,"Beasley, Fernandez and Blankenship Hospital",East Rebeccaport,Connecticut,1,0,104,25,62,119,39,11,25,14,ORS,Platelets,Paracetamol,520,52.1,1
2024-07-16,1037,Jimenez-Wright Hospital,South Stuartville,Rhode Island,3,2,59,14,35,308,23,5,13,7,Chloroquine,Artemisinin,Primaquine,236,11.36,1
2024-07-17,1038,White-Robinson Hospital,New Bradleyfurt,Oregon,0,1,438,50,286,380,138,25,122,16,Remdesivir,Paracetamol,Oxygen Support,1314,75.26,2
2024-07-18,1077,"Wallace, Lucero and Villarreal Hospital",Lake Donna,New Mexico,0,2,266,34,221,315,90,19,48,19,Remdesivir,Paracetamol,Oxygen Support,798,70.16,2
2024-07-19,1045,Everett PLC Hospital,Margaretbury,Wisconsin,4,1,50,9,31,379,22,5,11,5,Amoxicillin,Azithromycin,Cough Syrup,200,8.18,1
2024-07-20,1047,Dodson and Sons Hospital,Mariashire,Arkansas,1,0,171,41,128,417,69,9,47,19,ORS,Platelets,Paracetamol,684,30.7,1
2024-07-21,1007,Moore LLC Hospital,West Kimtown,Kentucky,4,0,126,16,118,434,26,8,21,12,Amoxicillin,Azithromycin,Cough Syrup,630,27.19,1
2024-07-22,1073,King Inc Hospital,Marshberg,Arizona,4,2,405,33,249,185,116,30,95,20,Amoxicillin,Azithromycin,Cough Syrup,2025,134.59,0
2024-07-23,1000,Galloway-Luna Hospital,New Sarahton,Hawaii,5,0,378,77,329,142,170,20,69,47,Ciprofloxacin,Azithromycin,ORS,1134,231.69,0
2024-07-24,1050,Anderson Ltd Hospital,Kevintown,West Virginia,4,0,50,7,30,215,21,3,12,3,Amoxicillin,Azithromycin,Cough Syrup,150,13.95,1
2024-07-25,1077,Cardenas-Sexton Hospital,Lake Patricialand,Arizona,2,1,326,75,255,336,156,24,95,41,Paracetamol,Azithromycin,Vitamin C,1304,75.89,2
2024-07-26,1002,"Thompson, Todd and Curtis Hospital",North Lauren,Idaho,4,0,458,66,402,294,196,26,90,39,Amoxicillin,Azithromycin,Cough Syrup,1374,136.73,0
2024-07-27,1023,Chapman-Jensen Hospital,Lake Joshuaview,Rhode Island,0,1,77,12,55,286,22,9,18,7,Remdesivir,Paracetamol,Oxygen Support,385,19.23,1
2024-07-28,1043,Lucas LLC Hospital,Lake Davidhaven,Nebraska,4,1,290,42,242,514,120,20,52,16,Amoxicillin,Azithromycin,Cough Syrup,1450,47.08,1
2024-07-29,1066,"Bentley, Robinson and Mccarty Hospital",East Richardfurt,New Jersey,3,2,176,23,130,591,61,19,30,18,Chloroquine,Artemisinin,Primaquine,704,22.0,1
2024-07-30,1075,Jenkins-Morris Hospital,East Tracey,Arizona,1,2,89,7,81,557,22,8,21,5,ORS,Platelets,Paracetamol,356,14.54,1
2024-07-31,1023,Phillips PLC Hospital,Bethchester,Vermont,0,1,200,34,139,434,67,21,30,15,Remdesivir,Paracetamol,Oxygen Support,1000,32.03,1
2024-08-01,1052,"Martin, Lara and Nelson Hospital",West Heatherhaven,New York,4,2,187,27,134,110,71,11,33,20,Amoxicillin,Azithromycin,Cough Syrup,748,121.82,0
2024-08-02,1008,"Carpenter, Wilson and Allen Hospital",Grayport,North Dakota,0,0,140,29,93,391,62,16,39,13,Remdesivir,Paracetamol,Oxygen Support,280,23.79,1
2024-08-03,1066,Wells LLC Hospital,Munozville,Pennsylvania,3,0,130,16,107,508,27,11,33,5,Chloroquine,Artemisinin,Primaquine,260,21.06,1
2024-08-04,1059,Hernandez Ltd Hospital,Port Ashleyland,Washington,2,1,258,40,229,192,60,20,74,17,Paracetamol,Azithromycin,Vitamin C,774,119.27,0
2024-08-05,1024,Moore-Thompson Hospital,Lake Emilyshire,Maine,4,2,83,18,59,195,24,6,14,9,Amoxicillin,Azithromycin,Cough Syrup,332,30.26,1
2024-08-06,1012,"Butler, Long and Torres Hospital",East Christopher,New Hampshire,1,2,121,19,84,530,27,8,28,12,ORS,Platelets,Paracetamol,484,15.85,1
2024-08-07,1068,"Burgess, James and Nicholson Hospital",Rodriguezport,Oklahoma,3,2,124,12,93,153,40,8,33,8,Chloroquine,Artemisinin,Primaquine,372,60.78,1
2024-08-08,1061,"Wood, Webb and Fernandez Hospital",New Yolandaview,South Dakota,3,1,286,59,195,213,94,19,45,40,Chloroquine,Artemisinin,Primaquine,1430,91.55,0
2024-08-09,1026,Simmons-Harris Hospital,New Alisha,Pennsylvania,3,2,233,34,208,372,91,24,38,18,Chloroquine,Artemisinin,Primaquine,466,55.91,1
2024-08-10,1056,Holden Inc Hospital,Andrehaven,California,1,0,107,19,91,454,48,5,31,8,ORS,Platelets,Paracetamol,321,20.04,1
2024-08-11,1001,Mcclure PLC Hospital,Alvintown,Michigan,5,0,289,59,183,297,67,18,73,28,Ciprofloxacin,Azithromycin,ORS,1445,61.62,1
2024-08-12,1028,"Jacobs, Young and Mcgee Hospital",East Melissa,New Jersey,1,0,295,39,265,340,106,19,74,26,ORS,Platelets,Paracetamol,1180,77.94,2
2024-08-13,1072,"White, White and Schultz Hospital",West Julian,Delaware,1,0,297,72,226,415,97,23,79,46,ORS,Platelets,Paracetamol,1485,54.46,1
2024-08-14,1092,Anderson-Johnson Hospital,Tommyfort,Oklahoma,0,1,221,17,155,549,80,18,48,7,Remdesivir,Paracetamol,Oxygen Support,442,28.23,1
2024-08-15,1007,Thomas PLC Hospital,Freemanmouth,North Carolina,4,2,202,49,126,160,91,10,59,19,Amoxicillin,Azithromycin,Cough Syrup,808,78.75,2
2024-08-16,1039,"Contreras, Avery and Barker Hospital",East Dianastad,Tennessee,0,0,298,55,207,208,100,31,68,19,Remdesivir,Paracetamol,Oxygen Support,596,99.52,0
2024-08-17,1005,Tyler Ltd Hospital,North Madisonchester,Delaware,3,0,143,33,97,594,70,7,22,14,Chloroquine,Artemisinin,Primaquine,572,16.33,1
2024-08-18,1021,"Adams, Lee and Wilson Hospital",Lake James,Maryland,2,0,125,26,77,505,32,12,36,16,Paracetamol,Azithromycin,Vitamin C,625,15.25,1
2024-08-19,1073,Pearson and Sons Hospital,Abigailshire,Nevada,4,2,385,62,260,414,82,26,107,42,Amoxicillin,Azithromycin,Cough Syrup,1155,62.8,1
2024-08-20,1047,Santana-King Hospital,Jasonbury,Hawaii,3,2,445,106,401,475,198,24,71,66,Chloroquine,Artemisinin,Primaquine,1335,84.42,2
2024-08-21,1067,"Hatfield, Russell and Armstrong Hospital",Rebeccaberg,Rhode Island,1,1,168,20,105,450,45,18,45,10,ORS,Platelets,Paracetamol,336,23.33,1
2024-08-22,1054,Morris Inc Hospital,South Wayne,North Dakota,1,1,118,26,90,342,43,10,19,10,ORS,Platelets,Paracetamol,472,26.32,1
2024-08-23,1035,Carlson-Rodriguez Hospital,Craigshire,Nevada,3,1,85,8,65,302,18,6,14,5,Chloroquine,Artemisinin,Primaquine,425,21.52,1
2024-08-24,1044,"Martinez, Wiley and Ramirez Hospital",South Tara,Florida,5,0,495,101,339,595,165,46,103,59,Ciprofloxacin,Azithromycin,ORS,1485,56.97,1
2024-08-25,1008,"Abbott, Ho and Daniel Hospital",New William,Kansas,2,0,153,29,103,455,40,12,35,23,Paracetamol,Azithromycin,Vitamin C,765,22.64,1
2024-08-26,1044,Russell-Kelly Hospital,New Greg,California,3,2,131,22,123,120,61,13,32,17,Chloroquine,Artemisinin,Primaquine,393,102.5,0
2024-08-27,1060,Diaz-Campbell Hospital,North Cheyenneburgh,South Dakota,5,2,134,16,82,355,27,14,23,6,Ciprofloxacin,Azithromycin,ORS,402,23.1,1
2024-08-28,1068,"Gomez, Henderson and Monroe Hospital",East John,Utah,5,0,209,22,195,193,90,23,48,9,Ciprofloxacin,Azithromycin,ORS,836,101.04,0
2024-08-29,1077,"White, Cooper and Norris Hospital",North Kellyfurt,North Carolina,0,0,241,31,165,262,59,23,38,13,Remdesivir,Paracetamol,Oxygen Support,964,62.98,1
2024-08-30,1092,"Nunez, Roberts and Stone Hospital",New Amandachester,Colorado,0,2,64,13,54,534,16,6,18,7,Remdesivir,Paracetamol,Oxygen Support,256,10.11,1
2024-08-31,1087,Johnston Inc Hospital,New Angelaberg,Iowa,1,0,492,55,384,172,123,30,115,41,ORS,Platelets,Paracetamol,2460,223.26,0
2024-09-01,1027,"Smith, Cross and Rodriguez Hospital",Kimport,Kentucky,1,2,484,100,303,158,125,37,132,40,ORS,Platelets,Paracetamol,1452,191.77,0
2024-09-02,1004,Hogan Ltd Hospital,Port Donald,New Mexico,2,0,62,11,39,135,21,4,13,3,Paracetamol,Azithromycin,Vitamin C,310,28.89,1
2024-09-03,1035,Fuller LLC Hospital,East Michelle,Alabama,1,1,474,79,366,242,152,54,101,44,ORS,Platelets,Paracetamol,1422,151.24,0
2024-09-04,1035,Herrera Ltd Hospital,Hillborough,Ohio,3,0,383,63,294,463,142,38,65,27,Chloroquine,Artemisinin,Primaquine,1532,63.5,1
2024-09-05,1034,Carlson-Martinez Hospital,Rogersfort,Maryland,1,2,59,6,39,494,12,6,14,2,ORS,Platelets,Paracetamol,295,7.89,1
2024-09-06,1009,Cooper-Gonzales Hospital,Lake Joshua,Washington,0,0,393,93,347,169,163,38,101,56,Remdesivir,Paracetamol,Oxygen Support,786,205.33,0
2024-09-07,1064,"Walker, Chung and Nelson Hospital",Smithport,California,1,1,385,92,300,314,129,44,91,62,ORS,Platelets,Paracetamol,1925,95.54,0
2024-09-08,1031,"Miller, Garner and Robinson Hospital",Lake Grantfurt,North Carolina,2,1,364,37,273,600,164,33,101,15,Paracetamol,Azithromycin,Vitamin C,1456,45.5,1
2024-09-09,1018,Rogers LLC Hospital,Christinestad,Connecticut,0,1,217,49,165,107,90,10,55,31,Remdesivir,Paracetamol,Oxygen Support,434,154.21,0
2024-09-10,1017,Gomez-Wilson Hospital,Christopherside,Iowa,0,2,379,52,350,315,89,33,57,39,Remdesivir,Paracetamol,Oxygen Support,758,111.11,0
2024-09-11,1007,Hooper-Wood Hospital,Christopherland,Minnesota,5,0,471,116,373,439,179,45,132,89,Ciprofloxacin,Azithromycin,ORS,2355,84.97,2
2024-09-12,1031,Young and Sons Hospital,East Sarah,Florida,4,0,234,44,158,206,102,22,65,26,Amoxicillin,Azithromycin,Cough Syrup,468,76.7,2
2024-09-13,1030,Neal-Steele Hospital,Strongmouth,South Dakota,5,2,416,100,348,594,108,33,63,58,Ciprofloxacin,Azithromycin,ORS,1248,58.59,1
2024-09-14,1029,"Ball, Reyes and Zimmerman Hospital",New Emmaburgh,Michigan,1,2,482,120,409,397,126,54,131,83,ORS,Platelets,Paracetamol,1928,103.02,0
2024-09-15,1019,"Moses, Miller and Clarke Hospital",New Danielstad,Iowa,3,0,425,101,293,446,155,21,71,47,Chloroquine,Artemisinin,Primaquine,1700,65.7,2
2024-09-16,1077,Fritz Group Hospital,East Lisafurt,Montana,5,2,200,49,171,225,94,10,49,28,Ciprofloxacin,Azithromycin,ORS,800,76.0,2
2024-09-17,1090,"Salazar, Glass and Holmes Hospital",East Johnmouth,Massachusetts,5,0,192,27,168,364,83,10,35,19,Ciprofloxacin,Azithromycin,ORS,384,46.15,1
2024-09-18,1055,Forbes-White Hospital,South Kathleen,Utah,1,2,78,12,73,250,19,7,22,4,ORS,Platelets,Paracetamol,234,29.2,1
2024-09-19,1069,"Rocha, Harper and Lopez Hospital",Marquezburgh,Louisiana,3,1,75,17,65,512,35,4,18,13,Chloroquine,Artemisinin,Primaquine,375,12.7,1
2024-09-20,1025,Garcia LLC Hospital,South Colleenshire,South Carolina,5,0,194,20,133,268,50,19,35,14,Ciprofloxacin,Azithromycin,ORS,388,49.63,1
2024-09-21,1037,Robinson-Romero Hospital,Harriston,New Mexico,1,1,90,10,55,164,40,6,15,7,ORS,Platelets,Paracetamol,360,33.54,1
2024-09-22,1096,"Parks, Nguyen and Lopez Hospital",Robertside,South Dakota,1,1,290,36,270,238,116,14,79,16,ORS,Platelets,Paracetamol,1450,113.45,0
2024-09-23,1002,"Christensen, White and Randolph Hospital",Piercechester,Georgia,4,2,498,117,405,477,193,56,75,48,Amoxicillin,Azithromycin,Cough Syrup,2490,84.91,2
2024-09-24,1068,"Jensen, Fry and Fields Hospital",Josephberg,Connecticut,4,2,76,12,62,102,18,6,20,8,Amoxicillin,Azithromycin,Cough Syrup,228,60.78,1
2024-09-25,1033,Campbell and Sons Hospital,Amandashire,Virginia,3,2,192,19,157,261,89,22,53,15,Chloroquine,Artemisinin,Primaquine,768,60.15,1
2024-09-26,1053,"Wise, Mills and Davila Hospital",Terrimouth,Missouri,4,0,119,11,100,367,26,7,31,6,Amoxicillin,Azithromycin,Cough Syrup,595,27.25,1
2024-09-27,1019,"Castro, Evans and Hatfield Hospital",Donaldview,Texas,1,0,496,50,448,444,127,52,119,20,ORS,Platelets,Paracetamol,1488,100.9,0
2024-09-28,1011,"Caldwell, Bryant and Henderson Hospital",New Meganfurt,North Carolina,4,1,107,12,88,506,35,10,31,7,Amoxicillin,Azithromycin,Cough Syrup,321,17.39,1
2024-09-29,1036,Sherman-Wilson Hospital,New Brendabury,South Dakota,0,2,402,72,328,383,185,22,116,28,Remdesivir,Paracetamol,Oxygen Support,2010,85.64,0
2024-09-30,1097,"Lewis, Rice and Heath Hospital",South Kayla,Michigan,4,2,109,26,72,487,48,5,29,17,Amoxicillin,Azithromycin,Cough Syrup,545,14.78,1
2024-10-01,1008,Cardenas and Sons Hospital,Christophershire,Idaho,4,0,277,22,191,145,91,17,81,16,Amoxicillin,Azithromycin,Cough Syrup,1108,131.72,0
2024-10-02,1044,"Frazier, Cannon and Little Hospital",East Gregory,Virginia,1,1,362,43,260,428,106,42,59,27,ORS,Platelets,Paracetamol,1810,60.75,1
2024-10-03,1093,"Prince, Davis and Short Hospital",Port Brandy,North Carolina,2,0,325,56,284,579,138,16,83,29,Paracetamol,Azithromycin,Vitamin C,1300,49.05,1
2024-10-04,1031,Manning-Newton Hospital,North Ana,Virginia,2,1,103,10,86,553,24,9,25,3,Paracetamol,Azithromycin,Vitamin C,412,15.55,1
2024-10-05,1003,"Murray, Logan and Christensen Hospital",Port Jessica,Virginia,4,0,191,35,120,334,45,17,31,16,Amoxicillin,Azithromycin,Cough Syrup,764,35.93,1
2024-10-06,1033,Williams and Sons Hospital,North Kevinton,Idaho,2,2,387,40,296,458,124,30,115,15,Paracetamol,Azithromycin,Vitamin C,774,64.63,1
2024-10-07,1003,Kirby and Sons Hospital,Port Cassandrabury,Ohio,1,0,58,5,49,232,14,6,14,2,ORS,Platelets,Paracetamol,116,21.12,1
2024-10-08,1039,Perez and Sons Hospital,North Mary,Michigan,1,2,483,108,391,415,175,56,138,70,ORS,Platelets,Paracetamol,2415,94.22,0
2024-10-09,1030,White-Stone Hospital,Saraport,Alabama,4,1,250,53,195,135,86,16,39,26,Amoxicillin,Azithromycin,Cough Syrup,750,144.44,0
2024-10-10,1009,"Rodriguez, Peterson and Smith Hospital",West Anne,Hawaii,5,1,323,53,263,206,113,33,74,33,Ciprofloxacin,Azithromycin,ORS,1292,127.67,0
2024-10-11,1090,Grimes-Hill Hospital,West Yvonneshire,Oregon,4,1,291,66,262,141,127,20,57,24,Amoxicillin,Azithromycin,Cough Syrup,582,185.82,0
2024-10-12,1079,"Ellis, Evans and Gonzalez Hospital",Antonioland,Georgia,0,2,478,94,354,298,136,30,110,73,Remdesivir,Paracetamol,Oxygen Support,956,118.79,0
2024-10-13,1047,"Hill, Powell and Edwards Hospital",Brendaport,California,4,0,189,37,161,167,87,10,53,13,Amoxicillin,Azithromycin,Cough Syrup,378,96.41,0
2024-10-14,1074,"Hughes, Anderson and Thomas Hospital",Jacobfort,Washington,3,2,109,22,75,350,40,12,29,6,Chloroquine,Artemisinin,Primaquine,545,21.43,1
2024-10-15,1081,"Webster, Bailey and Webster Hospital",East Justin,Iowa,5,0,303,75,286,589,108,21,84,38,Ciprofloxacin,Azithromycin,ORS,1515,48.56,1
2024-10-16,1071,"Lewis, Walters and Velasquez Hospital",Arnoldland,Iowa,3,1,217,36,135,448,48,21,41,17,Chloroquine,Artemisinin,Primaquine,1085,30.13,1
2024-10-17,1028,Callahan PLC Hospital,West Jamesfort,Arkansas,2,1,376,44,258,515,137,23,58,15,Paracetamol,Azithromycin,Vitamin C,1504,50.1,1
2024-10-18,1041,Hanna Ltd Hospital,Aliciaville,Virginia,2,0,384,55,287,535,179,33,102,29,Paracetamol,Azithromycin,Vitamin C,1536,53.64,1
2024-10-19,1038,"Walker, Walters and Wilson Hospital",South Cassandrachester,West Virginia,5,2,133,18,100,553,31,10,38,9,Ciprofloxacin,Azithromycin,ORS,532,18.08,1
2024-10-20,1014,"Hampton, Bailey and Frazier Hospital",West Sarahmouth,Mississippi,0,1,486,74,425,583,236,56,130,51,Remdesivir,Paracetamol,Oxygen Support,1944,72.9,2
2024-10-21,1014,Adams and Sons Hospital,West Lisa,Florida,2,0,246,46,160,462,52,20,68,28,Paracetamol,Azithromycin,Vitamin C,492,34.63,1
2024-10-22,1070,Garcia-Mendez Hospital,North Timothyland,Wyoming,4,2,394,70,309,529,186,22,114,38,Amoxicillin,Azithromycin,Cough Syrup,788,58.41,1
2024-10-23,1100,"Baker, Hughes and Clark Hospital",New Shellyville,Mississippi,0,2,241,50,192,299,71,15,47,16,Remdesivir,Paracetamol,Oxygen Support,964,64.21,1
2024-10-24,1074,Little LLC Hospital,New Brianburgh,North Dakota,5,0,296,72,274,215,124,31,49,30,Ciprofloxacin,Azithromycin,ORS,592,127.44,0
2024-10-25,1051,Marsh PLC Hospital,New Shannontown,New Mexico,2,1,196,34,174,474,53,10,55,21,Paracetamol,Azithromycin,Vitamin C,392,36.71,1
2024-10-26,1039,"Peck, James and Rivers Hospital",Brianhaven,Rhode Island,0,1,292,37,269,283,58,29,68,14,Remdesivir,Paracetamol,Oxygen Support,1460,95.05,0
2024-10-27,1013,Wright-Smith Hospital,Nathanbury,Ohio,4,2,134,24,94,506,43,8,33,7,Amoxicillin,Azithromycin,Cough Syrup,536,18.58,1
2024-10-28,1094,"Carter, Faulkner and Savage Hospital",Brittneybury,Kansas,5,0,277,36,232,592,87,29,80,20,Ciprofloxacin,Azithromycin,ORS,1385,39.19,1
2024-10-29,1055,"Escobar, Larsen and Ford Hospital",East Elizabethton,Pennsylvania,4,1,93,22,71,400,26,10,25,8,Amoxicillin,Azithromycin,Cough Syrup,279,17.75,1
2024-10-30,1004,Ford-Lopez Hospital,East Tammy,Oregon,2,2,75,9,62,542,19,3,20,5,Paracetamol,Azithromycin,Vitamin C,300,11.44,1
2024-10-31,1074,"Brock, Aguilar and Norton Hospital",Bradfordmouth,New Jersey,3,1,71,16,65,598,15,5,21,8,Chloroquine,Artemisinin,Primaquine,213,10.87,1
2024-11-01,1053,Ellison-Garcia Hospital,Port Tonyaland,Indiana,2,0,237,25,185,237,64,26,46,12,Paracetamol,Azithromycin,Vitamin C,948,78.06,2
2024-11-02,1061,Waters-Williams Hospital,Royport,Indiana,4,0,440,79,291,257,174,32,75,62,Amoxicillin,Azithromycin,Cough Syrup,2200,113.23,0
2024-11-03,1020,"Butler, Miller and Daugherty Hospital",South Derekfort,Maryland,5,1,354,81,256,253,132,24,67,59,Ciprofloxacin,Azithromycin,ORS,1770,101.19,0
2024-11-04,1100,Walters-Lyons Hospital,Alexanderton,Virginia,3,2,339,32,265,551,124,19,85,16,Chloroquine,Artemisinin,Primaquine,1695,48.09,1
2024-11-05,1005,"Fitzgerald, Nelson and Howell Hospital",Cunninghammouth,Mississippi,4,2,438,39,401,309,91,38,66,22,Amoxicillin,Azithromycin,Cough Syrup,1752,129.77,0
2024-11-06,1073,Le PLC Hospital,Wadefort,Mississippi,4,0,244,41,171,526,59,13,60,17,Amoxicillin,Azithromycin,Cough Syrup,1220,32.51,1
2024-11-07,1002,"Ellis, Lowery and Arnold Hospital",North Sarahton,Indiana,0,0,302,60,204,454,63,31,70,44,Remdesivir,Paracetamol,Oxygen Support,906,44.93,1
2024-11-08,1066,York-Cline Hospital,Stephenshaven,Maine,1,2,238,26,172,369,67,16,57,18,ORS,Platelets,Paracetamol,476,46.61,1
2024-11-09,1020,"Mason, Grant and Chan Hospital",South Christopher,Oklahoma,0,1,65,8,56,404,17,4,10,5,Remdesivir,Paracetamol,Oxygen Support,130,13.86,1
2024-11-10,1008,Miller and Sons Hospital,North Susan,Iowa,2,1,141,32,131,195,61,10,25,16,Paracetamol,Azithromycin,Vitamin C,282,67.18,2
2024-11-11,1030,"Brewer, Ortiz and Sheppard Hospital",East Brandyhaven,North Dakota,3,0,331,73,293,438,164,28,96,35,Chloroquine,Artemisinin,Primaquine,1655,66.89,2
2024-11-12,1002,Gallagher Ltd Hospital,Williamsburgh,Mississippi,0,0,124,12,82,244,52,12,30,9,Remdesivir,Paracetamol,Oxygen Support,496,33.61,1
2024-11-13,1099,Rivera PLC Hospital,West Christophermouth,Ohio,1,1,401,84,358,169,142,35,101,52,ORS,Platelets,Paracetamol,1203,211.83,0
2024-11-14,1025,"Clark, Morris and Allen Hospital",East Ericland,Nebraska,4,0,486,71,413,355,174,47,74,23,Amoxicillin,Azithromycin,Cough Syrup,1944,116.34,0
2024-11-15,1026,"Krause, Kim and Hester Hospital",East Christopherside,Montana,3,0,329,66,207,189,156,21,73,31,Chloroquine,Artemisinin,Primaquine,658,109.52,0
2024-11-16,1036,"Jackson, Miller and Lester Hospital",Ryanburgh,Oregon,0,1,86,7,79,213,21,5,21,4,Remdesivir,Paracetamol,Oxygen Support,258,37.09,1
2024-11-17,1062,"Christian, Rose and Hurley Hospital",Marcusport,Connecticut,5,2,321,45,225,579,128,19,87,17,Ciprofloxacin,Azithromycin,ORS,1284,38.86,1
2024-11-18,1090,"Jenkins, Golden and Wright Hospital",Marychester,South Carolina,4,0,187,22,158,347,82,13,43,14,Amoxicillin,Azithromycin,Cough Syrup,561,45.53,1
2024-11-19,1091,Powell-Roberson Hospital,Port Gina,Tennessee,3,2,385,95,266,444,130,25,106,57,Chloroquine,Artemisinin,Primaquine,1155,59.91,1
2024-11-20,1073,Hall-Lawrence Hospital,Port Briannafort,Minnesota,1,2,493,42,451,107,117,47,113,24,ORS,Platelets,Paracetamol,2465,421.5,0
2024-11-21,1067,Marks-Manning Hospital,South Keithstad,Kansas,5,0,498,103,381,523,107,59,129,72,Ciprofloxacin,Azithromycin,ORS,1992,72.85,2
2024-11-22,1089,Gonzalez LLC Hospital,Morganhaven,Maryland,5,2,170,21,142,562,59,9,41,6,Ciprofloxacin,Azithromycin,ORS,850,25.27,1
2024-11-23,1038,"Brown, Myers and Barker Hospital",Hendersonview,South Carolina,3,0,444,68,328,486,115,35,123,47,Chloroquine,Artemisinin,Primaquine,2220,67.49,2
2024-11-24,1086,Richardson-Warner Hospital,Port Kristin,Wyoming,0,1,444,67,326,355,143,25,128,31,Remdesivir,Paracetamol,Oxygen Support,1332,91.83,0
2024-11-25,1043,"Myers, Jacobs and Garcia Hospital",Lake Daleton,Oregon,3,2,59,5,39,360,25,6,14,1,Chloroquine,Artemisinin,Primaquine,177,10.83,1
2024-11-26,1062,Gill Group Hospital,Goodwinshire,Idaho,0,0,348,59,230,129,81,30,82,34,Remdesivir,Paracetamol,Oxygen Support,1740,178.29,0
2024-11-27,1090,Clark PLC Hospital,West Marioborough,Kentucky,1,1,303,26,230,477,149,32,90,12,ORS,Platelets,Paracetamol,909,48.22,1
2024-11-28,1006,Johnson PLC Hospital,Port Beverly,Minnesota,3,2,393,69,291,509,103,21,74,41,Chloroquine,Artemisinin,Primaquine,786,57.17,1
2024-11-29,1064,"Mills, Sanchez and Roberts Hospital",Lake Michaelshire,Illinois,4,1,431,85,290,353,144,44,79,55,Amoxicillin,Azithromycin,Cough Syrup,2155,82.15,2
2024-11-30,1078,"Thomas, Rodriguez and Chavez Hospital",Caitlinstad,Alaska,4,2,178,16,150,288,87,12,41,9,Amoxicillin,Azithromycin,Cough Syrup,890,52.08,1
2024-12-01,1041,"White, Martin and Anderson Hospital",Cruzview,Arizona,3,1,186,23,140,530,38,22,40,7,Chloroquine,Artemisinin,Primaquine,930,26.42,1
2024-12-02,1046,Phillips Ltd Hospital,East Andrea,New Jersey,2,1,314,26,212,146,98,17,60,15,Paracetamol,Azithromycin,Vitamin C,1256,145.21,0
2024-12-03,1068,Cervantes-Harvey Hospital,South Debraborough,Oregon,0,0,462,87,404,486,149,46,89,41,Remdesivir,Paracetamol,Oxygen Support,1386,83.13,2
2024-12-04,1054,Black PLC Hospital,New Jamie,Montana,2,0,252,57,162,468,86,19,70,38,Paracetamol,Azithromycin,Vitamin C,504,34.62,1
2024-12-05,1095,Perry-Miller Hospital,Kevinside,North Dakota,0,2,104,19,80,174,37,9,16,12,Remdesivir,Paracetamol,Oxygen Support,208,45.98,1
2024-12-06,1098,Hancock-Koch Hospital,South Jeremiahtown,Maine,2,0,86,11,69,445,26,4,19,5,Paracetamol,Azithromycin,Vitamin C,258,15.51,1
2024-12-07,1085,Silva Inc Hospital,Torreston,Alaska,3,2,344,58,300,184,90,40,79,41,Chloroquine,Artemisinin,Primaquine,1376,163.04,0
2024-12-08,1050,"Phillips, Evans and Giles Hospital",Huynhbury,New Hampshire,2,0,352,69,234,256,154,40,94,54,Paracetamol,Azithromycin,Vitamin C,1760,91.41,0
2024-12-09,1009,"Weaver, Anderson and Rogers Hospital",Lake Kerrystad,Maryland,1,1,324,67,265,453,141,17,65,27,ORS,Platelets,Paracetamol,972,58.5,1
2024-12-10,1072,"Nguyen, Dunn and Flores Hospital",East Davidton,Vermont,4,1,76,12,67,540,30,9,11,9,Amoxicillin,Azithromycin,Cough Syrup,228,12.41,1
2024-12-11,1007,Russell Group Hospital,South Heather,Utah,1,0,420,103,255,448,209,36,114,57,ORS,Platelets,Paracetamol,840,56.92,1
2024-12-12,1019,Murillo-Banks Hospital,North Lisa,Washington,0,0,57,12,36,225,16,6,13,7,Remdesivir,Paracetamol,Oxygen Support,228,16.0,1
2024-12-13,1084,Payne and Sons Hospital,Michaelfort,Vermont,2,0,93,15,69,472,43,7,14,6,Paracetamol,Azithromycin,Vitamin C,372,14.62,1
2024-12-14,1084,Garcia PLC Hospital,Edwardport,Washington,3,2,375,34,280,174,113,21,98,19,Chloroquine,Artemisinin,Primaquine,1875,160.92,0
2024-12-15,1035,"Wilkins, King and Kline Hospital",Lake Cynthia,New Mexico,5,0,379,47,246,204,117,34,88,34,Ciprofloxacin,Azithromycin,ORS,1895,120.59,0
2024-12-16,1055,Dennis-Smith Hospital,Maryfort,North Dakota,5,2,152,32,113,227,58,7,34,16,Ciprofloxacin,Azithromycin,ORS,304,49.78,1
2024-12-17,1071,"Anderson, Anderson and Sullivan Hospital",Adrianstad,North Carolina,5,2,73,14,54,222,32,8,21,10,Ciprofloxacin,Azithromycin,ORS,146,24.32,1
2024-12-18,1025,"Davis, Mcgee and Gibson Hospital",Huntville,Vermont,4,0,472,99,400,265,154,34,140,42,Amoxicillin,Azithromycin,Cough Syrup,2360,150.94,0
2024-12-19,1053,Casey LLC Hospital,South Robertbury,Missouri,0,2,497,115,421,285,231,58,118,54,Remdesivir,Paracetamol,Oxygen Support,1491,147.72,0
2024-12-20,1044,Henson Inc Hospital,Allenborough,Texas,5,1,133,19,102,558,33,12,28,7,Ciprofloxacin,Azithromycin,ORS,532,18.28,1
2024-12-21,1088,Watkins PLC Hospital,North Juliaborough,Vermont,4,1,147,35,121,120,65,16,24,27,Amoxicillin,Azithromycin,Cough Syrup,588,100.83,0
2024-12-22,1044,Price PLC Hospital,New Katelyn,Louisiana,0,1,452,64,370,335,167,34,81,45,Remdesivir,Paracetamol,Oxygen Support,2260,110.45,0
2024-12-23,1075,Rosales PLC Hospital,Matthewstad,New Hampshire,3,1,119,23,101,535,49,6,26,18,Chloroquine,Artemisinin,Primaquine,238,18.88,1
2024-12-24,1064,"Marsh, Fields and Paul Hospital",Evanstown,Tennessee,2,2,485,49,457,581,180,48,88,32,Paracetamol,Azithromycin,Vitamin C,1940,78.66,2
2024-12-25,1077,Valencia-Delgado Hospital,West Steven,Arizona,0,1,342,57,313,538,160,34,98,23,Remdesivir,Paracetamol,Oxygen Support,1026,58.18,1
2024-12-26,1093,Hicks LLC Hospital,South Michaelton,South Dakota,5,2,497,70,446,202,115,53,86,33,Ciprofloxacin,Azithromycin,ORS,2485,220.79,0
2024-12-27,1098,"Chavez, Sanchez and Smith Hospital",Loriberg,Maryland,2,1,213,20,131,410,72,14,35,6,Paracetamol,Azithromycin,Vitamin C,1065,31.95,1
2024-12-28,1052,Smith Ltd Hospital,Robertsbury,Ohio,4,2,279,42,247,516,98,17,62,21,Amoxicillin,Azithromycin,Cough Syrup,1116,47.87,1
2024-12-29,1006,Wilcox LLC Hospital,West Brian,Delaware,5,2,302,71,193,523,122,16,74,40,Ciprofloxacin,Azithromycin,ORS,1208,36.9,1
2024-12-30,1033,Williams Ltd Hospital,Kirbyberg,Idaho,1,2,59,13,41,338,16,3,12,4,ORS,Platelets,Paracetamol,118,12.13,1
2024-01-01,1047,"Duran, Mason and Fuentes Hospital",Donborough,Arizona,3,1,124,24,109,316,50,8,32,7,Chloroquine,Artemisinin,Primaquine,372,34.49,1
2024-01-02,1022,Caldwell-Henderson Hospital,Solomonville,Louisiana,5,2,81,11,51,105,30,5,18,6,Ciprofloxacin,Azithromycin,ORS,405,48.57,1
2024-01-03,1076,Nguyen Inc Hospital,South Tanyaport,Michigan,0,1,175,23,155,218,66,14,47,7,Remdesivir,Paracetamol,Oxygen Support,350,71.1,2
2024-01-04,1013,"Gutierrez, Mcbride and Roth Hospital",New Rachel,New Jersey,5,0,384,76,313,338,145,30,69,46,Ciprofloxacin,Azithromycin,ORS,1536,92.6,0
2024-01-05,1004,Harris Ltd Hospital,West Richardland,Arkansas,0,0,164,28,129,211,75,15,44,12,Remdesivir,Paracetamol,Oxygen Support,492,61.14,1
2024-01-06,1055,"Keith, Peterson and Curtis Hospital",Butlerfort,Alaska,4,1,495,61,381,511,128,52,127,27,Amoxicillin,Azithromycin,Cough Syrup,990,74.56,2
2024-01-07,1011,Brown-Walker Hospital,Lisaport,New Hampshire,3,1,387,64,357,249,96,28,103,21,Chloroquine,Artemisinin,Primaquine,1548,143.37,0
2024-01-08,1062,Briggs Ltd Hospital,South Tonya,Oklahoma,1,0,338,51,290,485,88,35,81,16,ORS,Platelets,Paracetamol,1690,59.79,1
2024-01-09,1006,"Dougherty, Hopkins and Fernandez Hospital",West Jennifer,South Carolina,0,2,265,61,159,158,55,14,69,30,Remdesivir,Paracetamol,Oxygen Support,1060,100.63,0
2024-01-10,1082,Mccarthy-Gomez Hospital,New Maureenbury,Georgia,3,2,396,56,295,529,139,20,93,24,Chloroquine,Artemisinin,Primaquine,1980,55.77,1
2024-01-11,1095,"Watson, Serrano and Conrad Hospital",Walkerport,Missouri,3,2,350,52,316,139,163,41,81,41,Chloroquine,Artemisinin,Primaquine,700,227.34,0
2024-01-12,1066,"Bush, Davidson and Porter Hospital",Robertmouth,Alaska,4,0,145,26,119,382,54,15,21,20,Amoxicillin,Azithromycin,Cough Syrup,725,31.15,1
2024-01-13,1095,"Parrish, Rodgers and Little Hospital",Nathanmouth,Tennessee,2,0,245,32,214,142,93,12,49,18,Paracetamol,Azithromycin,Vitamin C,735,150.7,0
2024-01-14,1025,"Thomas, Fitzgerald and Turner Hospital",North Mark,Connecticut,1,2,374,41,244,242,166,44,59,31,ORS,Platelets,Paracetamol,1870,100.83,0
2024-01-15,1078,Smith-Ellis Hospital,Maryfurt,New Mexico,1,1,367,60,293,600,163,25,78,28,ORS,Platelets,Paracetamol,734,48.83,1
2024-01-16,1085,"Nolan, Graham and Reilly Hospital",North Lynn,Texas,5,2,141,19,85,316,70,10,41,11,Ciprofloxacin,Azithromycin,ORS,282,26.9,1
2024-01-17,1004,Ruiz LLC Hospital,Cameronmouth,Kansas,4,2,188,39,157,501,72,13,52,12,Amoxicillin,Azithromycin,Cough Syrup,940,31.34,1
2024-01-18,1047,Pierce-Lane Hospital,Port Dianahaven,North Dakota,1,1,186,16,154,118,45,14,46,8,ORS,Platelets,Paracetamol,744,130.51,0
2024-01-19,1043,"Carter, Reid and Walker Hospital",Sherristad,New Mexico,3,0,225,55,175,545,49,22,41,23,Chloroquine,Artemisinin,Primaquine,675,32.11,1
2024-01-20,1066,"Smith, Meyer and Shaw Hospital",New Elizabethton,Utah,1,2,209,24,172,553,89,12,56,8,ORS,Platelets,Paracetamol,418,31.1,1
2024-01-21,1042,Jones Ltd Hospital,Mooreborough,Montana,0,1,295,56,263,258,71,27,46,34,Remdesivir,Paracetamol,Oxygen Support,1475,101.94,0
2024-01-22,1061,Owens and Sons Hospital,Smithstad,Arizona,0,2,221,34,170,537,90,12,47,22,Remdesivir,Paracetamol,Oxygen Support,663,31.66,1
2024-01-23,1050,"Clark, Rogers and Ruiz Hospital",North Kevinmouth,Hawaii,0,1,248,42,166,587,79,20,44,18,Remdesivir,Paracetamol,Oxygen Support,496,28.28,1
2024-01-24,1082,Bell-Watson Hospital,Lake David,New York,1,1,175,15,155,218,84,11,38,9,ORS,Platelets,Paracetamol,875,71.1,2
2024-01-25,1059,Perez-Cole Hospital,East Davidshire,Louisiana,5,2,110,17,88,261,33,12,26,12,Ciprofloxacin,Azithromycin,ORS,220,33.72,1
2024-01-26,1100,"Johnson, Perez and Conway Hospital",Jameston,North Carolina,5,1,94,22,74,410,27,8,21,13,Ciprofloxacin,Azithromycin,ORS,470,18.05,1
2024-01-27,1092,White-Pierce Hospital,East Amanda,Delaware,4,0,295,56,250,511,60,33,56,26,Amoxicillin,Azithromycin,Cough Syrup,1475,48.92,1
2024-01-28,1034,Martin-Carr Hospital,Emilyside,New Jersey,0,0,460,48,303,488,118,30,137,17,Remdesivir,Paracetamol,Oxygen Support,1380,62.09,1
2024-01-29,1011,Richardson-Wood Hospital,Lake Charlesside,Alaska,1,0,399,94,299,450,146,24,74,41,ORS,Platelets,Paracetamol,798,66.44,2
2024-01-30,1095,James-Howell Hospital,Robertton,Missouri,3,0,66,9,41,344,16,3,15,6,Chloroquine,Artemisinin,Primaquine,198,11.92,1
2024-01-31,1081,"Conner, Mckinney and Cruz Hospital",Bushmouth,North Carolina,0,2,482,47,372,482,98,54,121,34,Remdesivir,Paracetamol,Oxygen Support,1446,77.18,2
2024-02-01,1091,Nelson Group Hospital,Michaelside,Wyoming,1,2,384,50,292,299,113,30,105,22,ORS,Platelets,Paracetamol,1152,97.66,0
2024-02-02,1097,Barker Inc Hospital,Powellside,Kansas,4,0,155,22,133,399,51,15,34,15,Amoxicillin,Azithromycin,Cough Syrup,620,33.33,1
2024-02-03,1037,Moore-Gilmore Hospital,Port Stuart,Montana,3,2,302,59,208,551,88,19,76,23,Chloroquine,Artemisinin,Primaquine,906,37.75,1
2024-02-04,1049,"Marsh, Jones and Chambers Hospital",West Morgan,North Carolina,0,1,177,19,150,219,51,16,47,9,Remdesivir,Paracetamol,Oxygen Support,354,68.49,2
2024-02-05,1051,Jenkins LLC Hospital,Edwardschester,Kansas,2,2,405,99,252,315,174,35,69,60,Paracetamol,Azithromycin,Vitamin C,1215,80.0,2
2024-02-06,1032,"Day, Morris and Sandoval Hospital",South Gabrielaland,New York,5,2,409,82,324,182,84,45,110,26,Ciprofloxacin,Azithromycin,ORS,1227,178.02,0
2024-02-07,1070,Conner-Arias Hospital,Mcbrideside,Virginia,4,0,301,54,226,497,70,18,71,19,Amoxicillin,Azithromycin,Cough Syrup,602,45.47,1
2024-02-08,1091,Alvarez-Howe Hospital,New Jessica,Colorado,4,2,412,73,310,120,132,38,122,23,Amoxicillin,Azithromycin,Cough Syrup,1236,258.33,0
2024-02-09,1086,Campbell-Key Hospital,North Sheri,Illinois,3,0,250,20,175,391,93,27,74,8,Chloroquine,Artemisinin,Primaquine,1000,44.76,1
2024-02-10,1035,Klein-Arellano Hospital,Marshallshire,Iowa,1,1,256,26,201,177,79,22,48,11,ORS,Platelets,Paracetamol,768,113.56,0
2024-02-11,1040,Blackwell Group Hospital,East Dawn,New York,0,1,234,56,180,479,106,14,49,42,Remdesivir,Paracetamol,Oxygen Support,1170,37.58,1
2024-02-12,1097,Jones-Lin Hospital,Port Eric,Missouri,4,0,412,67,274,481,132,38,89,41,Amoxicillin,Azithromycin,Cough Syrup,1236,56.96,1
2024-02-13,1085,"Davidson, White and Spencer Hospital",Lake Jefferyfort,New York,3,2,134,23,116,348,40,14,24,11,Chloroquine,Artemisinin,Primaquine,536,33.33,1
2024-02-14,1016,"Caldwell, Kelly and Higgins Hospital",West Dustinberg,Maryland,0,1,401,62,282,202,187,42,81,41,Remdesivir,Paracetamol,Oxygen Support,802,139.6,0
2024-02-15,1086,Vincent Ltd Hospital,East Leslie,California,5,0,282,51,225,472,89,26,81,31,Ciprofloxacin,Azithromycin,ORS,846,47.67,1
2024-02-16,1025,"Wright, Wallace and Martin Hospital",North Scott,Washington,4,1,403,95,377,581,99,20,76,72,Amoxicillin,Azithromycin,Cough Syrup,1612,64.89,1
2024-02-17,1085,Bennett and Sons Hospital,Hopkinsborough,Louisiana,5,2,59,9,37,215,27,5,12,4,Ciprofloxacin,Azithromycin,ORS,236,17.21,1
2024-02-18,1047,Bennett-Lee Hospital,East Judyview,Kansas,3,1,200,24,182,460,94,22,34,8,Chloroquine,Artemisinin,Primaquine,400,39.57,1
2024-02-19,1085,"Alvarado, Mcknight and Fletcher Hospital",Loribury,Montana,5,0,94,15,61,216,28,8,20,5,Ciprofloxacin,Azithromycin,ORS,282,28.24,1
2024-02-20,1027,Joyce-Mitchell Hospital,New Jonathantown,Wisconsin,5,1,353,79,246,400,131,18,63,35,Ciprofloxacin,Azithromycin,ORS,1059,61.5,1
2024-02-21,1099,"Johnson, Gallagher and Craig Hospital",Nathanside,Alabama,3,2,148,17,136,474,65,8,29,7,Chloroquine,Artemisinin,Primaquine,740,28.69,1
2024-02-22,1091,Williams Inc Hospital,South James,Nevada,4,0,106,25,84,370,50,5,29,11,Amoxicillin,Azithromycin,Cough Syrup,424,22.7,1
2024-02-23,1049,"Johnson, Davenport and Graham Hospital",Port Thomas,Arizona,1,2,165,30,146,223,47,15,41,9,ORS,Platelets,Paracetamol,660,65.47,2
2024-02-24,1099,Jones-Edwards Hospital,Gamblestad,North Dakota,3,2,80,16,69,239,21,4,21,12,Chloroquine,Artemisinin,Primaquine,400,28.87,1
2024-02-25,1095,Horton Group Hospital,Lake Kyle,New Hampshire,4,2,354,84,221,151,101,35,77,52,Amoxicillin,Azithromycin,Cough Syrup,708,146.36,0
2024-02-26,1075,Adams LLC Hospital,East Bradleyview,Idaho,2,0,224,39,157,146,55,25,60,23,Paracetamol,Azithromycin,Vitamin C,896,107.53,0
2024-02-27,1072,Ferguson PLC Hospital,Port Michael,Montana,4,2,173,31,139,307,65,20,42,22,Amoxicillin,Azithromycin,Cough Syrup,865,45.28,1
2024-02-28,1044,"Cook, Morton and Gay Hospital",Rodriguezberg,Maine,5,1,445,109,288,242,211,49,127,73,Ciprofloxacin,Azithromycin,ORS,2225,119.01,0
2024-02-29,1071,"Hall, Kennedy and Williams Hospital",New Danielleland,Maine,0,0,420,48,342,178,96,35,89,18,Remdesivir,Paracetamol,Oxygen Support,840,192.13,0
2024-03-01,1100,Duncan PLC Hospital,Smithbury,South Dakota,4,2,329,64,287,413,94,25,93,41,Amoxicillin,Azithromycin,Cough Syrup,658,69.49,2
2024-03-02,1047,Cummings Group Hospital,Pamland,New York,2,0,443,74,322,502,104,31,72,26,Paracetamol,Azithromycin,Vitamin C,886,64.14,1
2024-03-03,1033,Summers Group Hospital,West Taylor,California,5,0,210,22,183,265,89,18,42,7,Ciprofloxacin,Azithromycin,ORS,1050,69.06,2
2024-03-04,1030,"Carpenter, Schultz and Flores Hospital",Port Anthony,Wyoming,2,2,384,39,307,138,156,39,82,19,Paracetamol,Azithromycin,Vitamin C,1152,222.46,0
2024-03-05,1097,Evans-Bowman Hospital,Lake Angel,Indiana,0,2,232,20,192,413,105,23,48,8,Remdesivir,Paracetamol,Oxygen Support,1160,46.49,1
2024-03-06,1029,Allen-Moore Hospital,Graceborough,Nevada,1,2,199,33,154,145,49,11,30,17,ORS,Platelets,Paracetamol,995,106.21,0
2024-03-07,1036,English-Gomez Hospital,New Derrick,Alabama,3,0,414,42,349,253,103,24,113,24,Chloroquine,Artemisinin,Primaquine,2070,137.94,0
2024-03-08,1038,"Mcneil, Moyer and Le Hospital",Lake Caroline,Maryland,2,2,62,13,44,437,12,6,18,10,Paracetamol,Azithromycin,Vitamin C,310,10.07,1
2024-03-09,1030,Colon-Kim Hospital,New Jennifer,Virginia,2,1,121,11,85,520,53,13,28,4,Paracetamol,Azithromycin,Vitamin C,484,16.35,1
2024-03-10,1047,Holmes-Ruiz Hospital,Meyerfurt,Ohio,5,2,354,77,244,421,77,30,79,43,Ciprofloxacin,Azithromycin,ORS,708,57.96,1
2024-03-11,1086,Hanna-Vaughn Hospital,Edwardsborough,Nebraska,3,2,158,37,113,329,68,8,44,29,Chloroquine,Artemisinin,Primaquine,316,34.35,1
2024-03-12,1081,"Taylor, Ramsey and Gonzalez Hospital",West Mistyhaven,Maine,2,0,494,62,429,441,224,43,97,19,Paracetamol,Azithromycin,Vitamin C,1976,97.28,0
2024-03-13,1021,Velez and Sons Hospital,Josephchester,Idaho,1,0,379,50,257,295,104,21,87,23,ORS,Platelets,Paracetamol,758,87.12,0
2024-03-14,1000,Hansen-Martinez Hospital,Jimmyhaven,Georgia,1,0,248,30,171,303,59,17,61,21,ORS,Platelets,Paracetamol,992,56.44,1
2024-03-15,1046,Morgan-Robinson Hospital,North Jamesville,Maryland,0,1,251,58,199,469,73,14,68,24,Remdesivir,Paracetamol,Oxygen Support,753,42.43,1
2024-03-16,1069,Burnett-Gibbs Hospital,Scottton,Wyoming,0,1,264,51,220,105,107,17,56,28,Remdesivir,Paracetamol,Oxygen Support,528,209.52,0
2024-03-17,1025,Gonzales Ltd Hospital,New David,Ohio,4,1,175,26,110,371,60,13,26,17,Amoxicillin,Azithromycin,Cough Syrup,525,29.65,1
2024-03-18,1016,Taylor-Davila Hospital,Stanleyhaven,Arizona,2,0,369,73,315,373,84,41,73,49,Paracetamol,Azithromycin,Vitamin C,1107,84.45,2
2024-03-19,1013,Harrison-Garcia Hospital,East Beverlyfurt,North Dakota,0,1,232,34,180,121,107,18,40,18,Remdesivir,Paracetamol,Oxygen Support,1160,148.76,0
2024-03-20,1084,Bean LLC Hospital,New Manuel,Arizona,0,0,279,34,221,318,88,20,68,16,Remdesivir,Paracetamol,Oxygen Support,558,69.5,2
2024-03-21,1081,"Wells, Rodriguez and Banks Hospital",West Carolview,New Hampshire,1,0,402,94,339,127,118,27,72,52,ORS,Platelets,Paracetamol,2010,266.93,0
2024-03-22,1046,"Brown, Harris and Fuller Hospital",Randallview,Wisconsin,3,1,284,67,212,195,93,30,60,28,Chloroquine,Artemisinin,Primaquine,568,108.72,0
2024-03-23,1041,Sullivan-Lamb Hospital,Dawnmouth,Nevada,5,1,84,7,54,566,28,7,20,3,Ciprofloxacin,Azithromycin,ORS,252,9.54,1
2024-03-24,1021,Benson Ltd Hospital,Michaelhaven,Arizona,5,0,336,72,258,284,86,29,69,45,Ciprofloxacin,Azithromycin,ORS,672,90.85,0
2024-03-25,1067,Cruz-Moreno Hospital,North Jameschester,New Hampshire,3,2,239,43,208,202,52,22,42,30,Chloroquine,Artemisinin,Primaquine,717,102.97,0
2024-03-26,1078,"Aguilar, Palmer and Pace Hospital",South Carolview,Montana,3,2,227,56,205,446,101,15,40,42,Chloroquine,Artemisinin,Primaquine,1135,45.96,1
2024-03-27,1077,Sanchez Inc Hospital,Lake Joannabury,Hawaii,2,0,199,37,137,464,52,21,33,13,Paracetamol,Azithromycin,Vitamin C,597,29.53,1
2024-03-28,1011,Guzman-Faulkner Hospital,East Davidburgh,South Dakota,4,0,139,17,122,186,34,9,24,7,Amoxicillin,Azithromycin,Cough Syrup,695,65.59,2
2024-03-29,1038,Williams-James Hospital,South Aliciaside,Michigan,2,0,494,69,361,379,208,42,108,23,Paracetamol,Azithromycin,Vitamin C,1976,95.25,0
2024-03-30,1087,Ford PLC Hospital,East Danielville,West Virginia,2,1,500,106,348,376,179,40,119,57,Paracetamol,Azithromycin,Vitamin C,1500,92.55,0
2024-03-31,1057,Donaldson Ltd Hospital,Leonardview,Kentucky,3,1,256,61,189,191,96,28,48,29,Chloroquine,Artemisinin,Primaquine,512,98.95,0
2024-04-01,1067,Smith Group Hospital,West Tonyaside,Kansas,0,1,127,26,112,305,27,11,35,13,Remdesivir,Paracetamol,Oxygen Support,381,36.72,1
2024-04-02,1045,Jones Inc Hospital,West Anthony,North Carolina,5,2,127,23,111,403,41,10,27,16,Ciprofloxacin,Azithromycin,ORS,508,27.54,1
2024-04-03,1016,Beard LLC Hospital,South Reginaville,Iowa,4,0,120,26,94,517,25,13,19,19,Amoxicillin,Azithromycin,Cough Syrup,360,18.18,1
2024-04-04,1076,Young-Brady Hospital,Lake Taylorview,Washington,5,2,485,54,458,427,186,29,113,39,Ciprofloxacin,Azithromycin,ORS,1455,107.26,0
2024-04-05,1021,Evans PLC Hospital,Robertfort,West Virginia,5,0,136,16,89,566,30,16,28,7,Ciprofloxacin,Azithromycin,ORS,408,15.72,1
2024-04-06,1086,Hunter Ltd Hospital,Wendyberg,Mississippi,0,2,466,103,373,283,154,37,85,34,Remdesivir,Paracetamol,Oxygen Support,1864,131.8,0
2024-04-07,1092,Wood LLC Hospital,South Deborah,New Hampshire,1,1,139,12,126,439,56,12,31,7,ORS,Platelets,Paracetamol,556,28.7,1
2024-04-08,1080,"Martin, Hernandez and Moon Hospital",Jasmineborough,Ohio,5,1,179,21,133,525,49,11,39,8,Ciprofloxacin,Azithromycin,ORS,895,25.33,1
2024-04-09,1003,Kent LLC Hospital,Hillport,South Carolina,0,1,280,29,235,400,120,23,44,18,Remdesivir,Paracetamol,Oxygen Support,840,58.75,1
2024-04-10,1067,"Mayer, Thomas and Aguilar Hospital",South Lucas,Louisiana,4,2,387,67,329,156,191,45,69,23,Amoxicillin,Azithromycin,Cough Syrup,1935,210.9,0
2024-04-11,1040,Jackson-Sparks Hospital,New Keith,Arizona,5,0,74,15,48,573,18,5,12,10,Ciprofloxacin,Azithromycin,ORS,222,8.38,1
2024-04-12,1081,Brown-Johnson Hospital,Hammondchester,Montana,5,0,167,41,121,523,78,14,38,13,Ciprofloxacin,Azithromycin,ORS,501,23.14,1
2024-04-13,1056,"Jacobs, Harvey and Lucero Hospital",Lake Lisaport,Nebraska,3,0,221,49,134,230,106,12,59,37,Chloroquine,Artemisinin,Primaquine,442,58.26,1
2024-04-14,1003,"Mills, West and Merritt Hospital",Justinbury,New Hampshire,3,2,429,92,392,268,186,39,123,28,Chloroquine,Artemisinin,Primaquine,1287,146.27,0
2024-04-15,1083,Williams-Lyons Hospital,Harrisonshire,North Carolina,2,1,102,16,75,393,43,6,27,7,Paracetamol,Azithromycin,Vitamin C,510,19.08,1
2024-04-16,1084,Grant Inc Hospital,Karenchester,Virginia,0,0,85,18,52,277,23,8,18,7,Remdesivir,Paracetamol,Oxygen Support,425,18.77,1
2024-04-17,1045,Rollins-Williams Hospital,Ayalaton,California,0,2,352,43,257,379,137,30,100,27,Remdesivir,Paracetamol,Oxygen Support,1408,67.81,2
2024-04-18,1057,Carter PLC Hospital,Coxmouth,South Dakota,5,0,325,31,233,581,145,28,51,22,Ciprofloxacin,Azithromycin,ORS,650,40.1,1
2024-04-19,1088,Shea LLC Hospital,Thomasville,Louisiana,2,2,180,16,148,512,74,12,35,6,Paracetamol,Azithromycin,Vitamin C,540,28.91,1
2024-04-20,1012,Weber PLC Hospital,Lake Gregoryshire,New Mexico,5,2,254,41,200,435,99,19,60,14,Ciprofloxacin,Azithromycin,ORS,1270,45.98,1
2024-04-21,1012,Gray-Brown Hospital,Lake Gabrielborough,Delaware,0,0,58,6,40,298,17,2,16,2,Remdesivir,Paracetamol,Oxygen Support,232,13.42,1
2024-04-22,1007,"Bryant, Trujillo and Thomas Hospital",North James,Georgia,4,0,60,8,36,124,21,6,13,5,Amoxicillin,Azithromycin,Cough Syrup,120,29.03,1
2024-04-23,1050,"Campbell, Mitchell and Ford Hospital",West Nicole,Minnesota,3,2,225,55,176,428,66,12,49,24,Chloroquine,Artemisinin,Primaquine,450,41.12,1
2024-04-24,1040,Lee-Dennis Hospital,West Ericfort,Michigan,2,1,256,25,221,316,122,18,74,16,Paracetamol,Azithromycin,Vitamin C,1024,69.94,2
2024-04-25,1070,Hernandez-Spears Hospital,New Janice,South Carolina,1,0,121,10,90,337,60,14,29,3,ORS,Platelets,Paracetamol,242,26.71,1
2024-04-26,1093,Holt Ltd Hospital,Josephshire,Minnesota,3,2,56,8,45,588,19,6,10,4,Chloroquine,Artemisinin,Primaquine,280,7.65,1
2024-04-27,1096,Smith-Perry Hospital,Cynthiahaven,Rhode Island,2,1,144,17,129,233,42,8,29,7,Paracetamol,Azithromycin,Vitamin C,720,55.36,1
2024-04-28,1051,Lee-Lewis Hospital,Markberg,Montana,2,0,410,50,285,104,201,20,114,38,Paracetamol,Azithromycin,Vitamin C,1230,274.04,0
2024-04-29,1053,Calhoun-Avery Hospital,Rachelbury,West Virginia,1,1,467,90,413,415,189,25,96,68,ORS,Platelets,Paracetamol,1401,99.52,0
2024-04-30,1084,Barr-Tucker Hospital,Rhodesville,Nebraska,2,2,359,69,226,200,94,41,80,53,Paracetamol,Azithromycin,Vitamin C,718,113.0,0
2024-05-01,1082,"Mason, Ballard and Conrad Hospital",South James,Maine,3,0,279,53,209,389,115,33,42,18,Chloroquine,Artemisinin,Primaquine,1395,53.73,1
2024-05-02,1063,"Cantu, Harding and Scott Hospital",West Christianmouth,North Carolina,4,2,168,32,155,315,45,15,28,24,Amoxicillin,Azithromycin,Cough Syrup,840,49.21,1
2024-05-03,1014,Diaz and Sons Hospital,Hernandezhaven,Georgia,0,0,443,95,335,523,139,42,81,65,Remdesivir,Paracetamol,Oxygen Support,886,64.05,1
2024-05-04,1089,Jones Ltd Hospital,West Toddbury,Nevada,0,1,367,32,320,445,174,37,87,23,Remdesivir,Paracetamol,Oxygen Support,1835,71.91,2
2024-05-05,1011,Howard-Ochoa Hospital,Deanport,Mississippi,0,1,420,71,256,228,156,36,114,55,Remdesivir,Paracetamol,Oxygen Support,840,112.28,0
2024-05-06,1085,Norton-Schroeder Hospital,New David,Delaware,3,1,320,48,267,297,154,35,84,20,Chloroquine,Artemisinin,Primaquine,1280,89.9,0
2024-05-07,1025,Chan and Sons Hospital,North Christinaport,Colorado,4,0,362,85,280,199,104,18,65,34,Amoxicillin,Azithromycin,Cough Syrup,1086,140.7,0
2024-05-08,1073,Hoffman and Sons Hospital,Wangborough,North Dakota,3,0,123,28,108,336,29,7,18,8,Chloroquine,Artemisinin,Primaquine,615,32.14,1
2024-05-09,1031,Ryan Ltd Hospital,Port Monique,Massachusetts,1,0,358,70,228,288,106,29,91,43,ORS,Platelets,Paracetamol,716,79.17,2
2024-05-10,1041,Livingston-Flores Hospital,South Brett,Alaska,4,1,351,38,305,292,88,39,55,16,Amoxicillin,Azithromycin,Cough Syrup,1755,104.45,0
2024-05-11,1021,"Jenkins, Jacobson and Burke Hospital",Moorechester,Colorado,3,2,150,35,93,402,65,12,28,27,Chloroquine,Artemisinin,Primaquine,600,23.13,1
2024-05-12,1078,White-Boyd Hospital,Port Meghan,Kansas,4,2,183,35,132,173,47,12,48,16,Amoxicillin,Azithromycin,Cough Syrup,732,76.3,2
2024-05-13,1079,Collins-Johnson Hospital,Lake Stephanie,Delaware,2,0,479,40,344,488,189,44,138,21,Paracetamol,Azithromycin,Vitamin C,958,70.49,2
2024-05-14,1079,Smith Group Hospital,Pattersonbury,Minnesota,5,1,158,20,100,218,58,9,47,10,Ciprofloxacin,Azithromycin,ORS,474,45.87,1
2024-05-15,1069,"Trujillo, Cook and Adkins Hospital",Lake Michael,Rhode Island,2,0,369,62,334,236,124,35,98,22,Paracetamol,Azithromycin,Vitamin C,1845,141.53,0
2024-05-16,1021,Fields-Shelton Hospital,New Davidview,Oregon,5,0,380,47,231,479,182,38,102,20,Ciprofloxacin,Azithromycin,ORS,1520,48.23,1
2024-05-17,1040,Lee LLC Hospital,West Jeffrey,New Jersey,1,1,130,25,101,505,57,9,34,9,ORS,Platelets,Paracetamol,650,20.0,1
2024-05-18,1037,Hall-Guzman Hospital,Castilloside,Tennessee,0,2,405,59,372,140,190,37,104,26,Remdesivir,Paracetamol,Oxygen Support,1620,265.71,0
2024-05-19,1080,"Garcia, Pittman and Olson Hospital",Perryfurt,Utah,5,2,337,51,261,434,122,30,89,35,Ciprofloxacin,Azithromycin,ORS,1685,60.14,1
2024-05-20,1026,"Graham, Morales and Ferguson Hospital",Davidstad,Illinois,3,2,396,72,285,202,141,34,67,47,Chloroquine,Artemisinin,Primaquine,1980,141.09,0
2024-05-21,1096,Wilson PLC Hospital,North Haileyburgh,South Dakota,2,0,406,91,369,131,165,23,69,30,Paracetamol,Azithromycin,Vitamin C,2030,281.68,0
2024-05-22,1043,Mason-Kim Hospital,New Steven,Minnesota,0,2,426,67,350,390,145,37,67,36,Remdesivir,Paracetamol,Oxygen Support,852,89.74,0
2024-05-23,1075,Cummings Ltd Hospital,Hernandezview,Pennsylvania,1,1,115,10,73,106,29,9,20,6,ORS,Platelets,Paracetamol,345,68.87,2
2024-05-24,1097,Ruiz and Sons Hospital,Port Thomaschester,Wisconsin,4,2,417,34,272,440,166,29,68,26,Amoxicillin,Azithromycin,Cough Syrup,2085,61.82,1
2024-05-25,1093,Miller and Sons Hospital,Juliebury,Oregon,5,0,89,18,78,105,27,7,16,6,Ciprofloxacin,Azithromycin,ORS,178,74.29,2
2024-05-26,1048,"Goodman, Fernandez and Juarez Hospital",Victorton,Colorado,0,2,459,89,338,115,199,38,95,40,Remdesivir,Paracetamol,Oxygen Support,2295,293.91,0
2024-05-27,1073,Jones Inc Hospital,West Eric,Delaware,5,0,89,19,74,257,29,4,26,13,Ciprofloxacin,Azithromycin,ORS,356,28.79,1
2024-05-28,1025,"Bell, Taylor and Townsend Hospital",West Charleston,Florida,4,2,301,63,201,512,146,33,46,27,Amoxicillin,Azithromycin,Cough Syrup,1505,39.26,1
2024-05-29,1086,"Torres, Schultz and Rodriguez Hospital",East Jennifer,Kentucky,5,0,309,38,292,268,145,24,54,25,Ciprofloxacin,Azithromycin,ORS,1545,108.96,0
2024-05-30,1025,Perez LLC Hospital,Alvaradoshire,Oklahoma,0,2,112,22,69,113,42,9,26,12,Remdesivir,Paracetamol,Oxygen Support,560,61.06,1
2024-05-31,1016,Diaz-Hernandez Hospital,Vegaview,Indiana,1,0,188,35,127,458,53,15,37,17,ORS,Platelets,Paracetamol,940,27.73,1
2024-06-01,1035,"Nelson, Santiago and Reynolds Hospital",Patelport,Texas,3,0,387,72,241,247,168,20,59,57,Chloroquine,Artemisinin,Primaquine,1548,97.57,0
2024-06-02,1052,Woodward-Riggs Hospital,Santosfurt,Washington,2,2,84,19,52,530,41,9,24,11,Paracetamol,Azithromycin,Vitamin C,336,9.81,1
2024-06-03,1058,Murphy Inc Hospital,Adamport,Wyoming,4,1,347,42,213,446,97,22,68,27,Amoxicillin,Azithromycin,Cough Syrup,1388,47.76,1
2024-06-04,1066,Duncan and Sons Hospital,Cantufort,New Jersey,2,0,393,61,364,379,100,32,113,42,Paracetamol,Azithromycin,Vitamin C,786,96.04,0
2024-06-05,1082,Bryant-Bass Hospital,Markstad,Tennessee,3,1,111,13,83,484,32,8,25,4,Chloroquine,Artemisinin,Primaquine,222,17.15,1
2024-06-06,1014,Cross-Nichols Hospital,West Roberta,Mississippi,3,1,414,96,252,311,157,29,115,49,Chloroquine,Artemisinin,Primaquine,1242,81.03,2
2024-06-07,1031,"Silva, Kim and Patrick Hospital",Christineton,Massachusetts,1,1,421,67,366,589,96,31,87,47,ORS,Platelets,Paracetamol,1684,62.14,1
2024-06-08,1093,"Murphy, Johnson and White Hospital",Salinasshire,Kentucky,2,2,373,66,247,564,154,21,93,25,Paracetamol,Azithromycin,Vitamin C,1865,43.79,1
2024-06-09,1019,Anderson-Mckee Hospital,North Charles,Missouri,1,2,224,42,204,232,56,26,47,27,ORS,Platelets,Paracetamol,896,87.93,0
2024-06-10,1069,"Hendrix, Rodriguez and Hansen Hospital",South Tracybury,Kentucky,1,2,445,72,393,211,98,42,132,51,ORS,Platelets,Paracetamol,890,186.26,0
2024-06-11,1034,Smith-Martinez Hospital,North Shannon,Alaska,0,0,104,22,96,123,30,10,23,14,Remdesivir,Paracetamol,Oxygen Support,312,78.05,2
2024-06-12,1039,Mooney and Sons Hospital,New Jeanchester,Kentucky,2,1,293,38,200,140,137,20,63,13,Paracetamol,Azithromycin,Vitamin C,586,142.86,0
2024-06-13,1033,Daugherty-Walker Hospital,North Emily,Pennsylvania,1,0,244,39,192,302,90,26,44,15,ORS,Platelets,Paracetamol,976,63.58,1
2024-06-14,1053,Schmidt-Walker Hospital,New Christopherville,Washington,2,2,129,19,108,457,56,15,26,8,Paracetamol,Azithromycin,Vitamin C,645,23.63,1
2024-06-15,1056,Barnes Group Hospital,North Rhonda,Alabama,5,1,459,109,348,326,157,51,132,69,Ciprofloxacin,Azithromycin,ORS,1377,106.75,0
2024-06-16,1096,Willis-Montgomery Hospital,New Jeffreyburgh,California,5,0,112,18,81,593,38,11,27,12,Ciprofloxacin,Azithromycin,ORS,560,13.66,1
2024-06-17,1074,"Griffin, Hoffman and Griffin Hospital",Weberbury,Missouri,3,1,82,16,73,411,23,6,23,12,Chloroquine,Artemisinin,Primaquine,164,17.76,1
2024-06-18,1057,Johnson PLC Hospital,Port Andrewhaven,Wyoming,3,0,194,23,130,548,90,13,49,12,Chloroquine,Artemisinin,Primaquine,388,23.72,1
2024-06-19,1002,Thompson-Harris Hospital,Eddiemouth,New York,3,1,121,27,98,522,55,11,23,11,Chloroquine,Artemisinin,Primaquine,363,18.77,1
2024-06-20,1072,"Vaughn, Townsend and Lawson Hospital",Port Brendashire,Alabama,0,2,446,48,374,195,178,22,70,27,Remdesivir,Paracetamol,Oxygen Support,2230,191.79,0
2024-06-21,1063,Hartman Ltd Hospital,Wellsbury,New Hampshire,4,2,438,87,374,545,95,29,93,63,Amoxicillin,Azithromycin,Cough Syrup,2190,68.62,2
2024-06-22,1062,"Hawkins, Hicks and Brown Hospital",North Tracey,Tennessee,0,0,339,63,271,315,114,34,97,49,Remdesivir,Paracetamol,Oxygen Support,1356,86.03,0
2024-06-23,1082,Russell Group Hospital,West Jacob,New Mexico,5,1,54,9,39,310,24,5,16,4,Ciprofloxacin,Azithromycin,ORS,270,12.58,1
2024-06-24,1061,Mcdonald-Osborne Hospital,Kleinland,Connecticut,1,0,297,47,218,427,116,33,59,37,ORS,Platelets,Paracetamol,1485,51.05,1
2024-06-25,1061,Stout-Hamilton Hospital,Bellview,Montana,2,1,307,33,254,337,104,29,88,10,Paracetamol,Azithromycin,Vitamin C,1228,75.37,2
2024-06-26,1006,Butler Inc Hospital,New Johnny,Louisiana,3,2,359,62,329,474,113,38,105,43,Chloroquine,Artemisinin,Primaquine,1795,69.41,2
2024-06-27,1020,Hall and Sons Hospital,Bellfort,North Carolina,5,2,293,43,201,471,137,33,50,12,Ciprofloxacin,Azithromycin,ORS,879,42.68,1
2024-06-28,1039,"Vargas, Dalton and Jones Hospital",South Brandy,New Mexico,2,0,216,53,173,441,95,14,54,37,Paracetamol,Azithromycin,Vitamin C,432,39.23,1
2024-06-29,1041,Martinez Group Hospital,New Andrew,West Virginia,5,1,472,66,331,307,229,24,131,45,Ciprofloxacin,Azithromycin,ORS,1888,107.82,0
2024-06-30,1029,Martinez-Schroeder Hospital,Port Rebeccahaven,Indiana,3,0,438,82,326,337,136,51,84,59,Chloroquine,Artemisinin,Primaquine,1752,96.74,0
2024-07-01,1014,Thompson-Webb Hospital,Singhberg,Wyoming,3,1,182,40,167,438,60,17,53,21,Chloroquine,Artemisinin,Primaquine,364,38.13,1
2024-07-02,1043,Joseph-Smith Hospital,West John,Nebraska,1,0,312,64,292,287,122,25,62,45,ORS,Platelets,Paracetamol,1560,101.74,0
2024-07-03,1013,Burch-Patterson Hospital,Nicoleview,Utah,3,2,449,67,368,375,104,48,108,39,Chloroquine,Artemisinin,Primaquine,898,98.13,0
2024-07-04,1052,Green-Benton Hospital,East Curtis,South Dakota,4,1,480,82,342,491,167,31,135,51,Amoxicillin,Azithromycin,Cough Syrup,960,69.65,2
2024-07-05,1067,"Glover, Perez and Nelson Hospital",Riveraton,Vermont,1,2,223,51,147,173,88,23,51,35,ORS,Platelets,Paracetamol,669,84.97,2
2024-07-06,1018,"Hubbard, Strickland and Taylor Hospital",New Ashley,Massachusetts,2,1,372,72,273,239,121,23,67,40,Paracetamol,Azithromycin,Vitamin C,1116,114.23,0
2024-07-07,1064,Ball-Underwood Hospital,New Christopher,Montana,3,2,305,36,264,416,113,15,86,27,Chloroquine,Artemisinin,Primaquine,1525,63.46,1
2024-07-08,1006,Valdez Inc Hospital,South Tylerport,Kentucky,1,1,379,77,295,510,162,26,57,31,ORS,Platelets,Paracetamol,1516,57.84,1
2024-07-09,1086,Williams-Nelson Hospital,Pittmantown,Florida,1,2,317,50,254,596,66,36,53,28,ORS,Platelets,Paracetamol,634,42.62,1
2024-07-10,1066,Cannon-Randolph Hospital,Port Sandra,South Carolina,2,0,309,59,198,392,75,20,46,22,Paracetamol,Azithromycin,Vitamin C,1545,50.51,1
2024-07-11,1079,"Phillips, Hale and Richards Hospital",Buchanantown,Idaho,2,0,81,17,68,317,25,7,19,8,Paracetamol,Azithromycin,Vitamin C,162,21.45,1
2024-07-12,1039,Burnett PLC Hospital,East Tiffanyville,Nevada,4,2,453,85,355,309,118,52,127,66,Amoxicillin,Azithromycin,Cough Syrup,906,114.89,0
2024-07-13,1017,"Miller, Martin and Grant Hospital",Smithstad,Rhode Island,0,1,358,89,225,162,83,41,67,40,Remdesivir,Paracetamol,Oxygen Support,1432,138.89,0
2024-07-14,1048,Mann-Riddle Hospital,Morganport,Utah,5,1,348,66,326,224,79,19,79,29,Ciprofloxacin,Azithromycin,ORS,1392,145.54,0
2024-07-15,1056,Lloyd Inc Hospital,West Margaret,Alaska,4,2,361,45,276,523,162,28,98,22,Amoxicillin,Azithromycin,Cough Syrup,722,52.77,1
2024-07-16,1062,Burton-Vincent Hospital,Port Thomas,Idaho,2,1,440,62,380,219,208,51,111,39,Paracetamol,Azithromycin,Vitamin C,1320,173.52,0
2024-07-17,1090,Cook-Alvarez Hospital,Lake Sean,Arkansas,0,1,496,72,327,234,202,31,109,54,Remdesivir,Paracetamol,Oxygen Support,992,139.74,0
2024-07-18,1085,Lawrence Group Hospital,North Michaelton,New Jersey,0,2,384,75,341,481,141,19,65,42,Remdesivir,Paracetamol,Oxygen Support,1536,70.89,2
2024-07-19,1059,Cochran PLC Hospital,New Gregory,New Jersey,5,1,373,33,254,349,115,26,97,15,Ciprofloxacin,Azithromycin,ORS,746,72.78,2
2024-07-20,1089,"Townsend, Schmidt and Bennett Hospital",North Michael,North Carolina,2,2,275,51,253,322,108,16,57,15,Paracetamol,Azithromycin,Vitamin C,550,78.57,2
2024-07-21,1082,"Duran, Wilson and Crawford Hospital",Dixonmouth,Missouri,2,0,353,37,304,226,143,23,68,18,Paracetamol,Azithromycin,Vitamin C,1765,134.51,0
2024-07-22,1036,Anderson-Hubbard Hospital,West Lisaville,South Carolina,1,1,125,26,114,465,55,10,29,10,ORS,Platelets,Paracetamol,250,24.52,1
2024-07-23,1075,"Hines, Jones and Lopez Hospital",Martinezstad,Indiana,3,2,306,58,279,373,82,30,61,25,Chloroquine,Artemisinin,Primaquine,1530,74.8,2
2024-07-24,1022,Lee Group Hospital,Chavezmouth,Tennessee,0,2,297,54,230,427,82,19,60,26,Remdesivir,Paracetamol,Oxygen Support,1188,53.86,1
2024-07-25,1088,"Nicholson, Campbell and Kim Hospital",North Charles,South Dakota,2,1,372,92,314,103,155,38,67,44,Paracetamol,Azithromycin,Vitamin C,744,304.85,0
2024-07-26,1017,"Fields, Mcfarland and Young Hospital",East Kirkmouth,Vermont,2,0,415,58,286,515,107,26,93,22,Paracetamol,Azithromycin,Vitamin C,830,55.53,1
2024-07-27,1066,Guerra-Simpson Hospital,Sanchezburgh,Idaho,1,2,379,64,232,358,81,19,97,47,ORS,Platelets,Paracetamol,758,64.8,1
2024-07-28,1084,Pierce LLC Hospital,Jeanview,Delaware,5,0,109,17,85,456,45,8,30,9,Ciprofloxacin,Azithromycin,ORS,436,18.64,1
2024-07-29,1094,Williams-Novak Hospital,Herrerastad,New Hampshire,1,0,321,39,213,259,100,24,89,16,ORS,Platelets,Paracetamol,642,82.24,2
2024-07-30,1047,"Campbell, Henderson and Hunt Hospital",Port Stephen,Minnesota,5,2,372,36,257,311,105,21,75,27,Ciprofloxacin,Azithromycin,ORS,744,82.64,2
2024-07-31,1045,Underwood-Rodriguez Hospital,Reedberg,Texas,4,1,308,48,219,179,73,16,86,33,Amoxicillin,Azithromycin,Cough Syrup,1540,122.35,0
2024-08-01,1086,"Vargas, Johnson and Ryan Hospital",Thomasmouth,Mississippi,0,1,304,38,243,399,148,31,72,23,Remdesivir,Paracetamol,Oxygen Support,1216,60.9,1
2024-08-02,1051,Roy-Medina Hospital,Mcclainview,Wyoming,5,0,299,57,181,350,91,32,61,35,Ciprofloxacin,Azithromycin,ORS,897,51.71,1
2024-08-03,1089,Cook-Wright Hospital,Port Tiffanyport,Alaska,4,0,117,22,90,569,35,11,28,17,Amoxicillin,Azithromycin,Cough Syrup,351,15.82,1
2024-08-04,1000,Watson-Kane Hospital,Whitehaven,Indiana,1,2,425,66,373,437,195,41,92,41,ORS,Platelets,Paracetamol,1700,85.35,0
2024-08-05,1100,Prince-Johnson Hospital,Bergborough,Florida,2,1,496,83,338,544,145,37,96,61,Paracetamol,Azithromycin,Vitamin C,992,62.13,1
2024-08-06,1025,Valencia Ltd Hospital,East Terri,Idaho,2,0,190,34,118,113,61,18,55,25,Paracetamol,Azithromycin,Vitamin C,380,104.42,0
2024-08-07,1044,"Glass, Nelson and Rich Hospital",South James,Wyoming,3,2,489,68,323,209,174,42,73,48,Chloroquine,Artemisinin,Primaquine,1956,154.55,0
2024-08-08,1010,"Alexander, Owens and Camacho Hospital",Angelaburgh,Maryland,1,2,436,92,363,119,133,23,76,28,ORS,Platelets,Paracetamol,1744,305.04,0
2024-08-09,1018,"Yang, Maldonado and Williams Hospital",South Michaeltown,Virginia,3,1,122,28,105,218,25,9,26,18,Chloroquine,Artemisinin,Primaquine,366,48.17,1
2024-08-10,1039,Warren-Cook Hospital,New Kaitlyn,New Hampshire,2,2,113,25,107,116,41,8,30,13,Paracetamol,Azithromycin,Vitamin C,226,92.24,0
2024-08-11,1063,Burns-Roberson Hospital,Hopkinsview,Alaska,5,0,450,36,387,465,125,47,116,18,Ciprofloxacin,Azithromycin,ORS,2250,83.23,2
2024-08-12,1047,"Hoffman, Miller and Evans Hospital",East Jeffreyton,Colorado,1,2,260,59,244,102,94,26,71,33,ORS,Platelets,Paracetamol,520,239.22,0
2024-08-13,1087,"Alexander, Martin and Sanchez Hospital",West Robertbury,Hawaii,3,1,186,19,136,433,54,20,37,8,Chloroquine,Artemisinin,Primaquine,558,31.41,1
2024-08-14,1084,Mora PLC Hospital,Johnnystad,Idaho,4,0,280,59,247,566,81,32,72,18,Amoxicillin,Azithromycin,Cough Syrup,1400,43.64,1
2024-08-15,1056,"Campos, Newton and Carpenter Hospital",Faulknerview,New Hampshire,0,1,480,70,430,292,190,32,114,32,Remdesivir,Paracetamol,Oxygen Support,2400,147.26,0
2024-08-16,1080,"Rodriguez, Miller and Thomas Hospital",Lake Rita,New Mexico,5,0,320,59,249,160,70,35,70,20,Ciprofloxacin,Azithromycin,ORS,1280,155.62,0
2024-08-17,1066,Griffin and Sons Hospital,West Sharon,Texas,0,0,237,30,146,210,76,17,56,19,Remdesivir,Paracetamol,Oxygen Support,474,69.52,2
2024-08-18,1073,Smith-Day Hospital,Kramerport,Alaska,4,0,494,78,410,162,112,27,76,49,Amoxicillin,Azithromycin,Cough Syrup,988,253.09,0
2024-08-19,1091,"Ball, Rivers and Johnson Hospital",South Jessicachester,West Virginia,0,1,375,55,233,484,96,37,68,29,Remdesivir,Paracetamol,Oxygen Support,1875,48.14,1
2024-08-20,1057,Mendoza PLC Hospital,Mendezfort,Louisiana,3,2,465,88,389,447,124,39,132,41,Chloroquine,Artemisinin,Primaquine,930,87.02,0
2024-08-21,1064,Cruz Group Hospital,West Sherryshire,Wyoming,5,2,336,49,293,414,162,22,87,38,Ciprofloxacin,Azithromycin,ORS,1344,70.77,2
2024-08-22,1054,Lopez and Sons Hospital,Philipmouth,California,0,1,399,65,356,259,101,23,64,48,Remdesivir,Paracetamol,Oxygen Support,798,137.45,0
2024-08-23,1059,"Jones, Barnes and Briggs Hospital",Blairfort,Arkansas,5,1,83,17,69,427,24,5,18,8,Ciprofloxacin,Azithromycin,ORS,166,16.16,1
2024-08-24,1010,Dixon-Nelson Hospital,New Gregory,Florida,1,1,172,28,162,383,71,19,45,14,ORS,Platelets,Paracetamol,860,42.3,1
2024-08-25,1079,Ramos-Johnson Hospital,North Tricia,Illinois,1,1,240,30,159,298,92,26,70,22,ORS,Platelets,Paracetamol,1200,53.36,1
2024-08-26,1001,Baker-Daniel Hospital,Seanstad,Vermont,3,0,440,41,336,332,133,23,86,24,Chloroquine,Artemisinin,Primaquine,1760,101.2,0
2024-08-27,1001,"Medina, Lopez and Garcia Hospital",Josephfort,South Carolina,4,0,371,66,348,419,151,38,75,46,Amoxicillin,Azithromycin,Cough Syrup,1113,83.05,2
2024-08-28,1013,Hale-Moore Hospital,Diaztown,Georgia,3,2,397,77,339,451,80,33,72,60,Chloroquine,Artemisinin,Primaquine,1588,75.17,2
2024-08-29,1019,Armstrong Group Hospital,Emilybury,Hawaii,1,1,127,27,118,540,35,13,20,17,ORS,Platelets,Paracetamol,381,21.85,1
2024-08-30,1024,"Robinson, White and Henry Hospital",Lake Michelleborough,Tennessee,5,1,79,17,67,314,17,5,20,13,Ciprofloxacin,Azithromycin,ORS,316,21.34,1
2024-08-31,1068,Higgins and Sons Hospital,Jeffreymouth,Wisconsin,1,1,245,48,230,521,72,26,38,29,ORS,Platelets,Paracetamol,490,44.15,1
2024-09-01,1095,Green-Patterson Hospital,Zacharybury,Kentucky,5,1,429,36,375,268,97,33,104,12,Ciprofloxacin,Azithromycin,ORS,858,139.93,0
2024-09-02,1098,Davis-Roman Hospital,West Sara,Connecticut,4,1,397,43,273,264,122,37,106,27,Amoxicillin,Azithromycin,Cough Syrup,1985,103.41,0
2024-09-03,1056,Lewis and Sons Hospital,Lake Kevinfurt,Florida,5,0,57,10,53,578,22,2,15,4,Ciprofloxacin,Azithromycin,ORS,228,9.17,1
2024-09-04,1010,French-Nelson Hospital,Devinton,Nebraska,1,0,357,37,232,255,155,25,77,24,ORS,Platelets,Paracetamol,714,90.98,0
2024-09-05,1056,Oliver-Weiss Hospital,Jeffreymouth,Arizona,0,0,357,33,242,142,126,29,70,22,Remdesivir,Paracetamol,Oxygen Support,1428,170.42,0
2024-09-06,1065,Schneider PLC Hospital,Randallport,South Carolina,5,2,289,23,236,259,96,19,73,14,Ciprofloxacin,Azithromycin,ORS,867,91.12,0
2024-09-07,1099,"Adams, Davis and Morrow Hospital",Lake Sandra,California,4,0,270,56,233,365,70,23,47,36,Amoxicillin,Azithromycin,Cough Syrup,1350,63.84,1
2024-09-08,1023,Reyes-Joseph Hospital,New Catherinechester,Idaho,3,1,389,65,240,423,165,38,99,21,Chloroquine,Artemisinin,Primaquine,1556,56.74,1
2024-09-09,1092,Wilson LLC Hospital,New Steventon,Connecticut,3,1,380,43,277,507,186,36,60,33,Chloroquine,Artemisinin,Primaquine,1520,54.64,1
2024-09-10,1006,Deleon-Cook Hospital,East Janice,Arizona,4,1,121,21,86,497,54,8,28,14,Amoxicillin,Azithromycin,Cough Syrup,363,17.3,1
2024-09-11,1074,"King, Bennett and Williams Hospital",North Robertborough,New Hampshire,3,2,238,31,222,590,104,25,55,22,Chloroquine,Artemisinin,Primaquine,952,37.63,1
2024-09-12,1095,Rodgers-Ruiz Hospital,Mooreland,New Hampshire,0,1,477,95,305,449,139,44,85,33,Remdesivir,Paracetamol,Oxygen Support,2385,67.93,2
2024-09-13,1033,"Williams, Edwards and Welch Hospital",New Ianborough,South Carolina,2,0,169,19,146,330,45,10,32,10,Paracetamol,Azithromycin,Vitamin C,338,44.24,1
2024-09-14,1099,Freeman and Sons Hospital,East Jasonstad,Minnesota,0,0,202,40,176,312,43,20,39,28,Remdesivir,Paracetamol,Oxygen Support,606,56.41,1
2024-09-15,1033,Lewis-Avila Hospital,Bradleyberg,North Carolina,3,1,453,65,377,348,204,40,134,34,Chloroquine,Artemisinin,Primaquine,906,108.33,0
2024-09-16,1052,"Adkins, Taylor and Anderson Hospital",New Michael,Oregon,0,0,118,24,100,466,46,10,27,9,Remdesivir,Paracetamol,Oxygen Support,590,21.46,1
2024-09-17,1045,Harper Group Hospital,East Michealton,West Virginia,2,2,234,52,169,389,76,19,48,26,Paracetamol,Azithromycin,Vitamin C,702,43.44,1
2024-09-18,1058,Savage-Robertson Hospital,East Alexandra,Washington,0,2,161,18,144,569,57,12,35,7,Remdesivir,Paracetamol,Oxygen Support,483,25.31,1
2024-09-19,1055,"Jones, Lopez and Stafford Hospital",Port Jaclyn,North Dakota,1,1,201,45,141,196,89,12,44,31,ORS,Platelets,Paracetamol,804,71.94,2
2024-09-20,1078,"Martin, Cox and Adams Hospital",South Travis,Iowa,1,1,94,20,81,315,38,10,17,15,ORS,Platelets,Paracetamol,470,25.71,1
2024-09-21,1032,"Johnson, Shaw and Green Hospital",Port Tyronefurt,New Mexico,5,0,335,74,210,553,153,18,95,41,Ciprofloxacin,Azithromycin,ORS,1675,37.97,1
2024-09-22,1019,Robinson-Anderson Hospital,Port Dawnfort,Virginia,4,2,309,49,201,117,92,31,69,32,Amoxicillin,Azithromycin,Cough Syrup,1236,171.79,0
2024-09-23,1082,"Branch, Jones and Barrett Hospital",West Stephanieshire,Illinois,1,2,351,50,268,171,114,28,93,35,ORS,Platelets,Paracetamol,1755,156.73,0
2024-09-24,1039,Green-Morgan Hospital,Port Rachelmouth,Louisiana,5,2,131,31,120,461,53,13,21,18,Ciprofloxacin,Azithromycin,ORS,393,26.03,1
2024-09-25,1050,Martin and Sons Hospital,Derekland,Maine,4,2,183,15,171,473,50,18,37,6,Amoxicillin,Azithromycin,Cough Syrup,549,36.15,1
2024-09-26,1049,Howard Ltd Hospital,Fergusonburgh,Vermont,3,0,85,15,67,565,37,9,13,10,Chloroquine,Artemisinin,Primaquine,425,11.86,1
2024-09-27,1065,Brown-Dyer Hospital,Jasonbury,Virginia,0,1,265,63,230,377,117,29,70,27,Remdesivir,Paracetamol,Oxygen Support,1060,61.01,1
2024-09-28,1024,"Campbell, Moore and Mitchell Hospital",Powellfurt,Vermont,2,2,470,72,344,378,112,38,129,48,Paracetamol,Azithromycin,Vitamin C,1880,91.01,0
2024-09-29,1056,Brennan-Williams Hospital,Kingborough,Alaska,0,0,496,95,356,133,206,26,100,31,Remdesivir,Paracetamol,Oxygen Support,992,267.67,0
2024-09-30,1077,"Luna, White and Murillo Hospital",North Davidtown,Oregon,1,2,444,63,419,550,180,28,83,44,ORS,Platelets,Paracetamol,1776,76.18,2
2024-10-01,1035,Williams Ltd Hospital,Tranborough,Oklahoma,0,0,304,40,222,540,81,18,64,13,Remdesivir,Paracetamol,Oxygen Support,912,41.11,1
2024-10-02,1032,Miller-King Hospital,North Dylanberg,Utah,2,0,373,31,259,252,105,27,79,15,Paracetamol,Azithromycin,Vitamin C,1865,102.78,0
2024-10-03,1098,"Gamble, Garcia and Williams Hospital",West Daniel,Texas,4,0,57,6,41,115,21,3,8,2,Amoxicillin,Azithromycin,Cough Syrup,171,35.65,1
2024-10-04,1014,"Davis, Parker and White Hospital",Dixontown,Alaska,1,2,199,21,181,142,88,22,40,11,ORS,Platelets,Paracetamol,995,127.46,0
2024-10-05,1058,"Dickerson, Davis and Murphy Hospital",Lake Melinda,Rhode Island,3,2,475,80,414,167,206,29,111,27,Chloroquine,Artemisinin,Primaquine,1900,247.9,0
2024-10-06,1084,Patterson-Castro Hospital,Thomasport,Wyoming,1,1,237,46,179,538,54,23,35,13,ORS,Platelets,Paracetamol,948,33.27,1
2024-10-07,1070,"Reyes, Moon and Wiggins Hospital",North Whitneyshire,Massachusetts,3,1,390,93,242,283,126,23,103,47,Chloroquine,Artemisinin,Primaquine,1170,85.51,0
2024-10-08,1014,Henderson-Marquez Hospital,New Kelli,Louisiana,5,2,459,67,369,184,92,43,130,52,Ciprofloxacin,Azithromycin,ORS,1377,200.54,0
2024-10-09,1075,Flores LLC Hospital,Jacobville,Louisiana,3,2,78,8,55,141,37,4,20,6,Chloroquine,Artemisinin,Primaquine,390,39.01,1
2024-10-10,1018,Johnson-Little Hospital,Ruizhaven,Oklahoma,5,1,241,19,198,529,119,28,57,8,Ciprofloxacin,Azithromycin,ORS,964,37.43,1
2024-10-11,1058,"Mitchell, Sanford and West Hospital",Stephensshire,Kansas,1,0,200,43,165,125,83,20,52,15,ORS,Platelets,Paracetamol,1000,132.0,0
2024-10-12,1016,"Bryant, Mcgee and Reed Hospital",North Cynthiaport,Arkansas,4,1,276,65,260,232,69,14,48,51,Amoxicillin,Azithromycin,Cough Syrup,828,112.07,0
2024-10-13,1035,Morales Inc Hospital,Diazfurt,North Carolina,1,2,482,50,427,356,132,32,83,35,ORS,Platelets,Paracetamol,1446,119.94,0
2024-10-14,1069,Horne and Sons Hospital,Lake Charles,Connecticut,1,1,431,102,330,177,135,30,112,56,ORS,Platelets,Paracetamol,1724,186.44,0
2024-10-15,1052,Wilson-Marshall Hospital,Dyerton,Idaho,4,2,308,26,212,102,67,26,57,14,Amoxicillin,Azithromycin,Cough Syrup,616,207.84,0
2024-10-16,1002,"Rush, Perkins and Young Hospital",Larryport,New York,0,0,407,52,282,129,95,42,113,24,Remdesivir,Paracetamol,Oxygen Support,1221,218.6,0
2024-10-17,1074,"Hill, Cook and Rodriguez Hospital",South Michael,Rhode Island,4,2,441,95,374,112,88,34,77,69,Amoxicillin,Azithromycin,Cough Syrup,2205,333.93,0
2024-10-18,1031,"Sandoval, Garcia and Thornton Hospital",Jenniferfurt,New Jersey,1,0,276,36,199,393,82,20,75,12,ORS,Platelets,Paracetamol,1380,50.64,1
2024-10-19,1071,"Arellano, Khan and Johnson Hospital",Moralestown,Virginia,3,1,211,51,197,559,60,22,45,33,Chloroquine,Artemisinin,Primaquine,844,35.24,1
2024-10-20,1007,Cook LLC Hospital,Lake Alyssa,California,5,1,92,7,60,469,22,5,19,2,Ciprofloxacin,Azithromycin,ORS,276,12.79,1
2024-10-21,1075,Hatfield-Newton Hospital,Millerbury,Nevada,4,2,87,14,56,525,42,8,24,8,Amoxicillin,Azithromycin,Cough Syrup,435,10.67,1
2024-10-22,1043,Henson PLC Hospital,New Tiffanyburgh,Wyoming,1,0,162,29,103,381,79,17,30,18,ORS,Platelets,Paracetamol,648,27.03,1
2024-10-23,1099,Curtis PLC Hospital,South Dylan,Wisconsin,4,1,206,25,139,422,96,23,45,16,Amoxicillin,Azithromycin,Cough Syrup,1030,32.94,1
2024-10-24,1095,"Anderson, Ray and Thompson Hospital",Hollyhaven,Alaska,0,1,240,59,201,132,114,14,49,21,Remdesivir,Paracetamol,Oxygen Support,960,152.27,0
2024-10-25,1039,Jackson LLC Hospital,Danielleshire,Ohio,2,0,100,14,92,167,45,10,28,8,Paracetamol,Azithromycin,Vitamin C,200,55.09,1
2024-10-26,1044,Johnson-Warren Hospital,Brownport,Minnesota,2,2,457,94,277,170,127,50,75,64,Paracetamol,Azithromycin,Vitamin C,1828,162.94,0
2024-10-27,1053,"Lewis, Adams and Kelly Hospital",Lake Mitchelltown,Ohio,5,2,466,63,345,452,157,37,109,36,Ciprofloxacin,Azithromycin,ORS,932,76.33,2
2024-10-28,1049,Gray-Owen Hospital,Hernandezstad,Louisiana,4,2,453,88,345,252,100,32,82,34,Amoxicillin,Azithromycin,Cough Syrup,1359,136.9,0
2024-10-29,1058,Johnson-Carlson Hospital,New Lisa,Vermont,2,0,114,17,104,457,34,7,24,10,Paracetamol,Azithromycin,Vitamin C,570,22.76,1
2024-10-30,1003,Kramer-Duran Hospital,Angelafort,Montana,3,2,474,73,437,130,209,50,92,46,Chloroquine,Artemisinin,Primaquine,1422,336.15,0
2024-10-31,1067,Cook PLC Hospital,Currytown,Kentucky,0,0,240,37,177,400,107,21,64,12,Remdesivir,Paracetamol,Oxygen Support,720,44.25,1
2024-11-01,1003,"Collier, Jennings and Moore Hospital",East Eric,Maine,0,2,391,62,261,245,107,26,105,41,Remdesivir,Paracetamol,Oxygen Support,1564,106.53,0
2024-11-02,1096,Jarvis-Cole Hospital,East Karenborough,Vermont,3,2,457,90,399,547,194,44,90,59,Chloroquine,Artemisinin,Primaquine,2285,72.94,2
2024-11-03,1069,"Bruce, Sloan and Hines Hospital",Ericbury,Oklahoma,2,0,198,41,176,294,72,10,32,18,Paracetamol,Azithromycin,Vitamin C,990,59.86,1
2024-11-04,1071,"Cook, Steele and Powell Hospital",East Emily,Montana,1,0,442,63,326,261,94,30,123,22,ORS,Platelets,Paracetamol,2210,124.9,0
2024-11-05,1064,Stein and Sons Hospital,Mccoyberg,Louisiana,5,0,449,75,269,233,183,47,111,25,Ciprofloxacin,Azithromycin,ORS,898,115.45,0
2024-11-06,1069,Bradley-Johnson Hospital,Lake Connor,Kentucky,4,0,378,60,342,441,94,35,90,43,Amoxicillin,Azithromycin,Cough Syrup,1512,77.55,2
2024-11-07,1031,Bruce and Sons Hospital,West Andrew,Colorado,1,1,259,26,222,250,97,28,58,13,ORS,Platelets,Paracetamol,777,88.8,0
2024-11-08,1046,Cochran PLC Hospital,Johnsonland,Nebraska,4,1,493,105,413,276,157,28,118,50,Amoxicillin,Azithromycin,Cough Syrup,986,149.64,0
2024-11-09,1076,Ruiz-Gilmore Hospital,Evansland,Texas,5,0,385,54,232,499,164,39,59,26,Ciprofloxacin,Azithromycin,ORS,1155,46.49,1
2024-11-10,1046,Olson Inc Hospital,Paynetown,Maine,1,0,183,30,146,540,82,16,42,22,ORS,Platelets,Paracetamol,732,27.04,1
2024-11-11,1075,"Graham, Pratt and Stewart Hospital",Port Julieshire,California,5,0,325,63,222,407,106,28,87,44,Ciprofloxacin,Azithromycin,ORS,650,54.55,1
2024-11-12,1055,"Brown, Khan and Trevino Hospital",Port Brianmouth,Vermont,0,1,148,14,93,318,36,11,39,9,Remdesivir,Paracetamol,Oxygen Support,740,29.25,1
2024-11-13,1025,Hudson PLC Hospital,South Gary,New York,1,2,232,52,155,509,90,13,49,16,ORS,Platelets,Paracetamol,928,30.45,1
2024-11-14,1064,Roberson-Berg Hospital,Tammystad,New Mexico,5,1,76,7,69,147,31,8,17,4,Ciprofloxacin,Azithromycin,ORS,152,46.94,1
2024-11-15,1051,Cole PLC Hospital,Lake Melissaberg,Connecticut,0,1,145,13,94,364,44,13,27,9,Remdesivir,Paracetamol,Oxygen Support,725,25.82,1
2024-11-16,1008,James-Oconnor Hospital,Myerschester,Mississippi,4,1,215,40,157,190,104,13,61,12,Amoxicillin,Azithromycin,Cough Syrup,430,82.63,2
2024-11-17,1013,"Lopez, Hahn and Fuentes Hospital",East David,Alabama,1,2,411,66,318,121,184,48,101,44,ORS,Platelets,Paracetamol,2055,262.81,0
2024-11-18,1029,Anderson PLC Hospital,Banksfort,Florida,5,2,313,67,202,358,151,27,77,48,Ciprofloxacin,Azithromycin,ORS,939,56.42,1
2024-11-19,1013,Baker-Freeman Hospital,South Daniel,New Mexico,1,0,414,51,385,535,145,29,88,34,ORS,Platelets,Paracetamol,1242,71.96,2
2024-11-20,1025,"Ramos, Williams and Mcclain Hospital",South Alexside,Maine,1,1,326,49,203,272,90,17,85,30,ORS,Platelets,Paracetamol,1630,74.63,2
2024-11-21,1097,"Cross, Hansen and Guerrero Hospital",Travisburgh,Vermont,2,2,237,31,165,291,108,16,63,19,Paracetamol,Azithromycin,Vitamin C,474,56.7,1
2024-11-22,1013,Walker Inc Hospital,Port Victormouth,Oklahoma,3,0,97,16,65,312,32,7,27,9,Chloroquine,Artemisinin,Primaquine,485,20.83,1
2024-11-23,1089,Gardner-Sanders Hospital,Lake Garyhaven,Maryland,5,2,242,25,159,581,75,28,70,11,Ciprofloxacin,Azithromycin,ORS,484,27.37,1
2024-11-24,1012,"Baxter, Sexton and Gibson Hospital",Lake Mary,Connecticut,1,2,364,36,279,139,85,23,57,17,ORS,Platelets,Paracetamol,728,200.72,0
2024-11-25,1058,Martin Ltd Hospital,Williamsfort,Maryland,0,0,54,12,33,275,18,4,13,5,Remdesivir,Paracetamol,Oxygen Support,162,12.0,1
2024-11-26,1090,Page Ltd Hospital,Brownport,New Hampshire,5,1,402,48,266,144,83,26,69,37,Ciprofloxacin,Azithromycin,ORS,1608,184.72,0
2024-11-27,1067,Strickland-Leonard Hospital,East Jose,Mississippi,5,0,59,4,37,281,14,5,9,2,Ciprofloxacin,Azithromycin,ORS,295,13.17,1
2024-11-28,1047,Schroeder Inc Hospital,North Peter,Tennessee,3,1,61,11,39,154,24,6,13,5,Chloroquine,Artemisinin,Primaquine,244,25.32,1
2024-11-29,1097,Anderson-Hunt Hospital,Butlermouth,Georgia,5,1,310,44,231,183,82,26,49,28,Ciprofloxacin,Azithromycin,ORS,1550,126.23,0
2024-11-30,1018,Anderson Group Hospital,Brentfurt,Florida,5,0,379,68,252,500,187,25,77,26,Ciprofloxacin,Azithromycin,ORS,1137,50.4,1
2024-12-01,1088,Foley-Fernandez Hospital,North Karenfurt,Utah,3,2,71,6,48,556,28,3,13,3,Chloroquine,Artemisinin,Primaquine,213,8.63,1
2024-12-02,1012,"Patel, Ward and Patrick Hospital",New Cindytown,Minnesota,3,0,82,12,77,540,18,5,21,8,Chloroquine,Artemisinin,Primaquine,164,14.26,1
2024-12-03,1041,"Massey, Bailey and Mckee Hospital",Lake Matthew,Washington,5,1,355,58,309,377,94,25,89,33,Ciprofloxacin,Azithromycin,ORS,1775,81.96,2
2024-12-04,1040,Orr-Hoffman Hospital,North James,Pennsylvania,4,0,59,7,36,208,18,6,12,3,Amoxicillin,Azithromycin,Cough Syrup,177,17.31,1
2024-12-05,1069,"Anderson, Jacobs and Howard Hospital",Meyerburgh,Connecticut,1,1,78,12,69,573,25,7,21,7,ORS,Platelets,Paracetamol,156,12.04,1
2024-12-06,1011,Walker PLC Hospital,Dawsonmouth,Wyoming,5,2,135,25,99,140,58,9,26,13,Ciprofloxacin,Azithromycin,ORS,675,70.71,2
2024-12-07,1000,Jimenez-Mitchell Hospital,South Alexandraport,South Dakota,1,0,406,58,286,478,167,43,97,24,ORS,Platelets,Paracetamol,1218,59.83,1
2024-12-08,1066,Williams LLC Hospital,Ericberg,Alabama,1,1,402,90,286,509,121,29,84,62,ORS,Platelets,Paracetamol,1206,56.19,1
2024-12-09,1034,Brown-Henry Hospital,South Shelleyville,Hawaii,2,2,499,123,468,319,104,56,83,50,Paracetamol,Azithromycin,Vitamin C,1996,146.71,0
2024-12-10,1055,"Johnson, Smith and Obrien Hospital",Meganborough,Utah,2,2,448,94,293,566,171,46,92,62,Paracetamol,Azithromycin,Vitamin C,1792,51.77,1
2024-12-11,1052,Knight-Graves Hospital,Lake Chad,South Dakota,1,2,206,37,160,415,84,22,54,28,ORS,Platelets,Paracetamol,824,38.55,1
2024-12-12,1011,Cole-Moss Hospital,Schultzberg,California,3,2,391,76,270,374,162,25,64,25,Chloroquine,Artemisinin,Primaquine,1564,72.19,2
2024-12-13,1064,Mills Inc Hospital,Porterfort,Rhode Island,1,1,175,25,152,593,55,10,33,16,ORS,Platelets,Paracetamol,525,25.63,1
2024-12-14,1049,Montgomery PLC Hospital,Hutchinsonfurt,South Dakota,1,0,222,44,164,425,102,19,57,24,ORS,Platelets,Paracetamol,444,38.59,1
2024-12-15,1093,"Mcdonald, Bishop and Mueller Hospital",East Kim,Georgia,0,1,51,4,32,436,23,5,13,2,Remdesivir,Paracetamol,Oxygen Support,153,7.34,1
2024-12-16,1088,"Gallegos, Choi and Baker Hospital",Lake Marissa,Tennessee,0,2,59,14,50,225,14,3,13,7,Remdesivir,Paracetamol,Oxygen Support,177,22.22,1
2024-12-17,1020,Francis PLC Hospital,Port Joseph,Pennsylvania,1,0,88,14,54,356,24,5,18,8,ORS,Platelets,Paracetamol,264,15.17,1
2024-12-18,1017,"Cooper, Krause and Murillo Hospital",Shawnburgh,Ohio,0,2,232,37,209,116,92,15,34,26,Remdesivir,Paracetamol,Oxygen Support,464,180.17,0
2024-12-19,1062,"Rice, Allen and Johnson Hospital",Anthonyfurt,California,2,1,111,26,95,426,23,8,23,14,Paracetamol,Azithromycin,Vitamin C,333,22.3,1
2024-12-20,1047,Mccarty PLC Hospital,West Melissa,Texas,0,0,158,26,126,222,34,17,46,15,Remdesivir,Paracetamol,Oxygen Support,632,56.76,1
2024-12-21,1087,"Ramirez, Morris and Smith Hospital",Port Joannahaven,Montana,4,0,64,9,44,534,31,7,12,6,Amoxicillin,Azithromycin,Cough Syrup,256,8.24,1
2024-12-22,1025,Erickson-Cruz Hospital,Stevenberg,Tennessee,4,0,274,58,226,433,96,17,54,39,Amoxicillin,Azithromycin,Cough Syrup,1370,52.19,1
2024-12-23,1100,Estrada-Potter Hospital,West Monica,Florida,5,1,156,18,94,276,55,15,23,10,Ciprofloxacin,Azithromycin,ORS,624,34.06,1
2024-12-24,1084,"Mullins, Daniel and Taylor Hospital",South Todd,Hawaii,5,2,188,46,155,234,68,15,43,27,Ciprofloxacin,Azithromycin,ORS,940,66.24,2
2024-12-25,1079,"Dominguez, Davis and Woods Hospital",Marybury,Illinois,4,2,353,80,236,525,151,38,54,45,Amoxicillin,Azithromycin,Cough Syrup,1059,44.95,1
2024-12-26,1051,"Martinez, James and Johnson Hospital",West Jacqueline,Colorado,3,0,196,26,170,348,44,17,58,12,Chloroquine,Artemisinin,Primaquine,980,48.85,1
2024-12-27,1090,"Williams, Hart and Mcgee Hospital",Port William,Indiana,1,2,148,22,112,594,62,10,30,15,ORS,Platelets,Paracetamol,444,18.86,1
2024-12-28,1082,Henson PLC Hospital,North Steven,Louisiana,0,2,245,52,195,546,94,23,69,16,Remdesivir,Paracetamol,Oxygen Support,735,35.71,1
2024-12-29,1044,Doyle Inc Hospital,West Phillip,Arizona,2,0,149,21,95,594,34,16,36,14,Paracetamol,Azithromycin,Vitamin C,745,15.99,1
2024-12-30,1056,"Sellers, Perez and Davis Hospital",New Joseph,Kansas,5,2,165,34,120,529,74,15,46,21,Ciprofloxacin,Azithromycin,ORS,660,22.68,1
2024-01-01,1004,Hoover Group Hospital,Kimberlyborough,Alaska,5,2,323,62,271,435,124,16,95,41,Ciprofloxacin,Azithromycin,ORS,969,62.3,1
2024-01-02,1028,Mcdonald LLC Hospital,South Kevin,Iowa,2,1,156,30,126,386,33,7,30,21,Paracetamol,Azithromycin,Vitamin C,624,32.64,1
2024-01-03,1097,West Group Hospital,Brandiland,West Virginia,3,0,50,9,40,576,13,3,13,5,Chloroquine,Artemisinin,Primaquine,250,6.94,1
2024-01-04,1052,Mercer and Sons Hospital,West Joshuatown,Colorado,2,2,489,100,413,529,113,33,131,67,Paracetamol,Azithromycin,Vitamin C,1956,78.07,2
2024-01-05,1028,Gregory Ltd Hospital,Davidsontown,North Dakota,2,2,63,13,40,320,23,4,12,9,Paracetamol,Azithromycin,Vitamin C,126,12.5,1
2024-01-06,1010,Carroll-Lewis Hospital,Linland,Wisconsin,3,0,80,6,63,226,19,7,16,1,Chloroquine,Artemisinin,Primaquine,320,27.88,1
2024-01-07,1028,"Snyder, Stephenson and Johnson Hospital",Jaredview,Michigan,4,0,493,113,303,513,116,58,119,54,Amoxicillin,Azithromycin,Cough Syrup,1479,59.06,1
2024-01-08,1076,"Harrison, Olson and Moore Hospital",Wadeside,Massachusetts,4,2,74,7,46,231,28,4,13,5,Amoxicillin,Azithromycin,Cough Syrup,370,19.91,1
2024-01-09,1070,"Brock, Chen and Scott Hospital",Cooperberg,South Carolina,5,0,285,37,225,397,125,27,55,16,Ciprofloxacin,Azithromycin,ORS,855,56.68,1
2024-01-10,1100,Austin LLC Hospital,Annetteberg,Montana,2,2,88,19,58,184,26,5,25,13,Paracetamol,Azithromycin,Vitamin C,440,31.52,1
2024-01-11,1031,Howe-Drake Hospital,East Jasonport,Maine,5,2,374,52,315,289,83,41,95,25,Ciprofloxacin,Azithromycin,ORS,1870,109.0,0
2024-01-12,1033,Jones LLC Hospital,Lake Sarachester,Wyoming,5,2,221,31,207,155,46,21,37,20,Ciprofloxacin,Azithromycin,ORS,663,133.55,0
2024-01-13,1074,Avila and Sons Hospital,Rossport,North Carolina,2,1,189,36,118,213,89,17,39,19,Paracetamol,Azithromycin,Vitamin C,945,55.4,1
2024-01-14,1025,"Leach, Rubio and Kelly Hospital",Orozcoberg,New Jersey,3,2,317,77,252,400,68,16,76,51,Chloroquine,Artemisinin,Primaquine,951,63.0,1
2024-01-15,1064,Smith Group Hospital,Sandraton,Iowa,2,2,399,88,353,120,110,26,114,37,Paracetamol,Azithromycin,Vitamin C,798,294.17,0
2024-01-16,1055,Davis-Hughes Hospital,Roseville,North Dakota,5,1,206,37,123,241,87,15,50,22,Ciprofloxacin,Azithromycin,ORS,824,51.04,1
2024-01-17,1039,Carlson-Howe Hospital,West Davidtown,Arkansas,2,2,423,94,303,307,122,48,87,58,Paracetamol,Azithromycin,Vitamin C,1269,98.7,0
2024-01-18,1060,"Nelson, Morgan and Cross Hospital",Kathytown,Maryland,0,2,234,56,151,291,54,16,37,33,Remdesivir,Paracetamol,Oxygen Support,1170,51.89,1
2024-01-19,1027,"Keith, Irwin and Day Hospital",New Sylvia,North Carolina,2,1,164,35,121,379,57,18,30,11,Paracetamol,Azithromycin,Vitamin C,656,31.93,1
2024-01-20,1070,"Molina, Washington and Owens Hospital",New William,Texas,0,2,138,27,99,454,52,7,38,10,Remdesivir,Paracetamol,Oxygen Support,276,21.81,1
2024-01-21,1011,"Mendez, Moore and Davis Hospital",West Danielside,New Hampshire,5,2,332,47,286,363,97,29,53,36,Ciprofloxacin,Azithromycin,ORS,664,78.79,2
2024-01-22,1014,Lindsey Group Hospital,Larryville,Wyoming,0,1,134,14,100,258,43,12,26,10,Remdesivir,Paracetamol,Oxygen Support,670,38.76,1
2024-01-23,1085,Rios-Snyder Hospital,Owensborough,Pennsylvania,1,1,135,17,107,319,27,14,39,12,ORS,Platelets,Paracetamol,270,33.54,1
2024-01-24,1025,Richards Ltd Hospital,Port Stephaniehaven,Indiana,1,2,276,66,177,129,61,27,59,26,ORS,Platelets,Paracetamol,828,137.21,0
2024-01-25,1082,"Williams, Calhoun and West Hospital",South Rickyhaven,Wyoming,4,2,419,62,280,324,182,44,103,35,Amoxicillin,Azithromycin,Cough Syrup,2095,86.42,0
2024-01-26,1061,Pollard Group Hospital,Timothymouth,South Carolina,4,2,183,17,118,448,78,17,42,6,Amoxicillin,Azithromycin,Cough Syrup,366,26.34,1
2024-01-27,1018,Moore Group Hospital,Gonzalezmouth,Florida,0,2,316,78,288,433,84,24,60,55,Remdesivir,Paracetamol,Oxygen Support,948,66.51,2
2024-01-28,1009,Green-Mills Hospital,Brendanfort,Minnesota,3,0,119,16,104,312,45,8,34,6,Chloroquine,Artemisinin,Primaquine,238,33.33,1
2024-01-29,1096,Mason-Green Hospital,Randalltown,Wyoming,5,0,323,43,289,496,82,22,50,29,Ciprofloxacin,Azithromycin,ORS,646,58.27,1
2024-01-30,1084,Murphy-Anderson Hospital,New Jesse,Texas,3,2,208,23,161,416,80,22,54,8,Chloroquine,Artemisinin,Primaquine,416,38.7,1
2024-01-31,1030,"Martinez, Dominguez and Barnes Hospital",Lake Linda,Tennessee,3,0,189,15,157,290,69,15,40,11,Chloroquine,Artemisinin,Primaquine,378,54.14,1
2024-02-01,1007,"Riley, Haney and Watson Hospital",Westhaven,Nevada,2,2,443,77,356,200,187,40,102,47,Paracetamol,Azithromycin,Vitamin C,1772,178.0,0
2024-02-02,1025,"Stewart, Rivera and Perkins Hospital",New Nicholas,Wisconsin,1,1,404,77,267,216,173,36,110,33,ORS,Platelets,Paracetamol,1616,123.61,0
2024-02-03,1083,Elliott-Doyle Hospital,West Justin,Texas,4,2,455,73,334,378,103,24,114,50,Amoxicillin,Azithromycin,Cough Syrup,1820,88.36,0
2024-02-04,1048,Flowers-Snow Hospital,Port Anthony,Mississippi,4,1,74,10,51,503,30,7,19,7,Amoxicillin,Azithromycin,Cough Syrup,370,10.14,1
2024-02-05,1073,Hoffman-Miles Hospital,West Coreyfort,Alaska,2,0,276,33,188,325,90,29,58,16,Paracetamol,Azithromycin,Vitamin C,1380,57.85,1
2024-02-06,1034,"Williams, Navarro and Mendoza Hospital",Lake Kyleton,Washington,4,2,52,11,35,359,11,3,13,5,Amoxicillin,Azithromycin,Cough Syrup,156,9.75,1
2024-02-07,1041,"Lambert, Serrano and Johnson Hospital",Lake Colleen,California,0,2,163,15,142,104,54,8,24,4,Remdesivir,Paracetamol,Oxygen Support,815,136.54,0
2024-02-08,1085,Martin PLC Hospital,Sandybury,Idaho,4,2,414,50,301,449,141,43,108,18,Amoxicillin,Azithromycin,Cough Syrup,1656,67.04,2
2024-02-09,1087,Warren LLC Hospital,South Madison,Maine,1,1,326,77,223,342,98,33,69,25,ORS,Platelets,Paracetamol,978,65.2,2
2024-02-10,1020,"White, Wong and May Hospital",Port Carlos,Wyoming,2,2,239,57,180,148,117,15,66,40,Paracetamol,Azithromycin,Vitamin C,1195,121.62,0
2024-02-11,1046,Kim Group Hospital,Duncantown,Maryland,4,1,137,27,114,588,65,12,36,14,Amoxicillin,Azithromycin,Cough Syrup,548,19.39,1
2024-02-12,1055,Taylor PLC Hospital,Ballfurt,Tennessee,1,0,168,19,109,386,82,16,44,12,ORS,Platelets,Paracetamol,672,28.24,1
2024-02-13,1027,Russo LLC Hospital,Richardport,Ohio,4,1,366,80,266,111,80,21,65,40,Amoxicillin,Azithromycin,Cough Syrup,1098,239.64,0
2024-02-14,1027,"Bell, Brooks and Barnes Hospital",Lake Thomas,Alaska,2,2,56,7,40,277,21,6,10,5,Paracetamol,Azithromycin,Vitamin C,280,14.44,1
2024-02-15,1078,"Jones, Lopez and Sullivan Hospital",Port Deanna,Minnesota,2,1,200,44,174,129,94,13,41,27,Paracetamol,Azithromycin,Vitamin C,1000,134.88,0
2024-02-16,1039,Gutierrez and Sons Hospital,South Jacobmouth,North Carolina,2,1,181,19,130,455,64,18,29,13,Paracetamol,Azithromycin,Vitamin C,543,28.57,1
2024-02-17,1081,Parker-Lee Hospital,Chasestad,Delaware,3,2,195,27,180,527,48,16,43,12,Chloroquine,Artemisinin,Primaquine,780,34.16,1
2024-02-18,1064,Sanchez Ltd Hospital,North Lauraview,Kentucky,3,2,54,10,38,570,16,3,11,6,Chloroquine,Artemisinin,Primaquine,108,6.67,1
2024-02-19,1073,Wall-Sanchez Hospital,Geraldton,Massachusetts,0,2,191,19,126,442,79,13,28,9,Remdesivir,Paracetamol,Oxygen Support,382,28.51,1
2024-02-20,1039,Myers-Spears Hospital,West Caleb,Vermont,3,2,183,31,145,273,60,11,41,12,Chloroquine,Artemisinin,Primaquine,549,53.11,1
2024-02-21,1048,Hill PLC Hospital,Lake Sandrastad,Colorado,3,2,355,83,242,499,112,34,55,42,Chloroquine,Artemisinin,Primaquine,1775,48.5,1
2024-02-22,1046,White-Mills Hospital,Markhaven,Wisconsin,1,0,187,28,129,529,69,15,51,11,ORS,Platelets,Paracetamol,374,24.39,1
2024-02-23,1025,May-Young Hospital,Lake Mitchell,South Dakota,5,2,432,54,317,221,154,43,67,18,Ciprofloxacin,Azithromycin,ORS,864,143.44,0
2024-02-24,1050,"Thomas, Lopez and Vasquez Hospital",Coxshire,Arkansas,2,0,272,35,175,426,83,22,56,25,Paracetamol,Azithromycin,Vitamin C,544,41.08,1
2024-02-25,1053,Osborne-Diaz Hospital,Simpsonchester,Nebraska,3,1,381,30,298,125,132,24,76,13,Chloroquine,Artemisinin,Primaquine,762,238.4,0
2024-02-26,1081,Wilson Inc Hospital,Port Davidview,Hawaii,4,2,104,23,88,523,41,8,25,18,Amoxicillin,Azithromycin,Cough Syrup,312,16.83,1
2024-02-27,1038,Thompson-Huang Hospital,New Amandamouth,Mississippi,4,0,95,16,79,127,37,7,27,5,Amoxicillin,Azithromycin,Cough Syrup,475,62.2,1
2024-02-28,1099,"Morales, Bennett and Davis Hospital",Port Gary,North Dakota,4,0,280,67,236,457,137,22,72,36,Amoxicillin,Azithromycin,Cough Syrup,840,51.64,1
2024-02-29,1052,Terry Group Hospital,New Gregorytown,Nevada,3,1,364,52,287,303,144,32,87,28,Chloroquine,Artemisinin,Primaquine,1820,94.72,0
2024-03-01,1042,"Smith, Rivera and Gonzales Hospital",Hortonport,Maryland,3,0,199,44,152,275,98,18,43,13,Chloroquine,Artemisinin,Primaquine,597,55.27,1
2024-03-02,1065,Baker Ltd Hospital,Gallowayview,Delaware,2,0,143,25,97,318,60,11,41,10,Paracetamol,Azithromycin,Vitamin C,429,30.5,1
2024-03-03,1035,Rogers-Krause Hospital,Morganfurt,South Carolina,4,1,324,48,252,107,156,29,73,20,Amoxicillin,Azithromycin,Cough Syrup,1296,235.51,0
2024-03-04,1073,Duffy and Sons Hospital,Amberton,Connecticut,3,2,351,63,295,133,150,21,93,24,Chloroquine,Artemisinin,Primaquine,1053,221.8,0
2024-03-05,1047,Cisneros-Simpson Hospital,Williamport,Wyoming,5,2,477,44,420,397,157,27,142,33,Ciprofloxacin,Azithromycin,ORS,1431,105.79,0
2024-03-06,1005,Cooper-Taylor Hospital,Lake Wesley,Florida,1,0,313,30,269,545,84,30,86,22,ORS,Platelets,Paracetamol,1565,49.36,1
2024-03-07,1026,Smith Ltd Hospital,North Stephanieside,Maine,3,2,50,6,35,500,12,3,12,1,Chloroquine,Artemisinin,Primaquine,150,7.0,1
2024-03-08,1074,Berg LLC Hospital,Pattonton,North Carolina,2,1,202,24,128,273,93,11,54,18,Paracetamol,Azithromycin,Vitamin C,808,46.89,1
2024-03-09,1063,Curry-Sullivan Hospital,East Mark,Ohio,5,1,100,14,67,157,39,9,25,4,Ciprofloxacin,Azithromycin,ORS,500,42.68,1
2024-03-10,1091,"Gonzalez, Robinson and Davis Hospital",Randallfurt,Arkansas,0,1,437,93,351,590,215,33,113,70,Remdesivir,Paracetamol,Oxygen Support,1748,59.49,1
2024-03-11,1042,Moran-Moore Hospital,Lake Vickiburgh,Kansas,1,2,105,23,78,410,49,8,31,14,ORS,Platelets,Paracetamol,525,19.02,1
2024-03-12,1090,Bailey Group Hospital,South Michael,Ohio,3,0,384,52,230,525,174,19,63,40,Chloroquine,Artemisinin,Primaquine,768,43.81,1
2024-03-13,1017,Nielsen Ltd Hospital,East Amy,Alaska,1,0,304,67,233,583,78,27,52,41,ORS,Platelets,Paracetamol,1520,39.97,1
2024-03-14,1068,Welch-Lawson Hospital,Port Anthonybury,Florida,0,1,472,110,319,136,113,44,104,60,Remdesivir,Paracetamol,Oxygen Support,1416,234.56,0
2024-03-15,1046,Thompson Group Hospital,West Mitchell,Minnesota,2,0,469,107,301,456,234,52,113,84,Paracetamol,Azithromycin,Vitamin C,1876,66.01,2
2024-03-16,1045,"Meyer, Mcdonald and Webb Hospital",Strongland,Massachusetts,2,2,107,15,81,227,25,10,24,7,Paracetamol,Azithromycin,Vitamin C,321,35.68,1
2024-03-17,1086,Ramirez-Mendoza Hospital,Christopherburgh,Idaho,0,1,387,62,317,107,81,27,76,20,Remdesivir,Paracetamol,Oxygen Support,1161,296.26,0
2024-03-18,1003,Hansen-Bennett Hospital,Port Kristen,Wisconsin,5,0,499,58,380,289,212,25,108,42,Ciprofloxacin,Azithromycin,ORS,1996,131.49,0
2024-03-19,1097,"Rogers, Gonzalez and Moore Hospital",Lake Michael,Colorado,3,1,126,17,111,528,61,13,27,13,Chloroquine,Artemisinin,Primaquine,630,21.02,1
2024-03-20,1000,Cruz-Nguyen Hospital,New Chadshire,Kentucky,5,2,322,30,290,221,79,38,90,11,Ciprofloxacin,Azithromycin,ORS,966,131.22,0
2024-03-21,1077,Adams-Fox Hospital,New Matthew,Texas,2,2,153,38,114,114,39,13,30,23,Paracetamol,Azithromycin,Vitamin C,459,100.0,0
2024-03-22,1011,Marks and Sons Hospital,North Danielle,Mississippi,1,1,374,50,246,331,106,29,108,18,ORS,Platelets,Paracetamol,748,74.32,2
2024-03-23,1011,Spence-Simmons Hospital,Kristinside,Kentucky,3,0,185,29,133,454,50,19,48,14,Chloroquine,Artemisinin,Primaquine,925,29.3,1
2024-03-24,1077,Jennings-Smith Hospital,North Erica,Oregon,0,0,176,27,134,587,54,19,45,15,Remdesivir,Paracetamol,Oxygen Support,704,22.83,1
2024-03-25,1017,"Buck, Lopez and Tate Hospital",Port Brian,Oregon,5,0,494,106,444,116,102,34,117,46,Ciprofloxacin,Azithromycin,ORS,1482,382.76,0
2024-03-26,1094,"Patrick, Christian and Brown Hospital",Jeffview,Maine,5,1,315,42,271,173,122,22,64,30,Ciprofloxacin,Azithromycin,ORS,1260,156.65,0
2024-03-27,1073,Collins Group Hospital,Scottland,Utah,4,1,387,33,360,405,170,33,72,20,Amoxicillin,Azithromycin,Cough Syrup,1935,88.89,0
2024-03-28,1048,"Estrada, Simmons and Costa Hospital",New Heatherchester,Texas,0,1,331,63,312,206,129,18,80,47,Remdesivir,Paracetamol,Oxygen Support,1655,151.46,0
2024-03-29,1003,Harris Inc Hospital,East Jimmy,New Jersey,2,0,271,59,206,273,58,28,79,29,Paracetamol,Azithromycin,Vitamin C,542,75.46,2
2024-03-30,1091,Stewart and Sons Hospital,South Rebeccachester,Virginia,4,2,497,104,394,470,138,35,88,77,Amoxicillin,Azithromycin,Cough Syrup,1988,83.83,2
2024-03-31,1044,"Stephens, Weiss and Scott Hospital",Millerburgh,Ohio,1,2,90,11,85,336,38,6,18,4,ORS,Platelets,Paracetamol,180,25.3,1
2024-04-01,1046,Salas Inc Hospital,Dustinville,Mississippi,1,0,101,16,89,169,42,8,22,7,ORS,Platelets,Paracetamol,202,52.66,1
2024-04-02,1087,"Baker, Brown and Anderson Hospital",Lake Robertburgh,Kansas,1,0,59,9,52,302,28,6,15,6,ORS,Platelets,Paracetamol,295,17.22,1
2024-04-03,1067,Massey and Sons Hospital,Pattyfort,Hawaii,0,1,394,33,321,101,168,46,99,12,Remdesivir,Paracetamol,Oxygen Support,788,317.82,0
2024-04-04,1074,Smith PLC Hospital,Burtonmouth,Vermont,3,2,477,48,348,313,139,35,129,20,Chloroquine,Artemisinin,Primaquine,1431,111.18,0
2024-04-05,1061,Hall PLC Hospital,Sloanport,Vermont,2,2,322,53,293,233,71,24,74,35,Paracetamol,Azithromycin,Vitamin C,644,125.75,0
2024-04-06,1096,Williams and Sons Hospital,West Joel,South Dakota,3,1,110,26,69,346,49,10,29,11,Chloroquine,Artemisinin,Primaquine,440,19.94,1
2024-04-07,1027,Wang Ltd Hospital,Brianville,New Jersey,4,2,341,42,267,263,118,38,93,22,Amoxicillin,Azithromycin,Cough Syrup,1023,101.52,0
2024-04-08,1044,Moore PLC Hospital,Kellyhaven,New York,3,2,315,45,260,407,104,28,70,16,Chloroquine,Artemisinin,Primaquine,1575,63.88,1
2024-04-09,1018,Hamilton and Sons Hospital,Lake Tammy,Tennessee,4,0,330,50,308,272,103,30,98,20,Amoxicillin,Azithromycin,Cough Syrup,660,113.24,0
2024-04-10,1098,Taylor-Sanchez Hospital,Christianchester,Louisiana,4,2,498,71,312,566,110,30,75,24,Amoxicillin,Azithromycin,Cough Syrup,1494,55.12,1
2024-04-11,1067,"Phillips, Lozano and Hudson Hospital",South Gordon,Arkansas,0,0,75,16,65,261,25,8,20,11,Remdesivir,Paracetamol,Oxygen Support,375,24.9,1
2024-04-12,1026,Caldwell-Rosales Hospital,North Moniqueview,Nebraska,5,2,247,36,148,116,51,25,66,19,Ciprofloxacin,Azithromycin,ORS,988,127.59,0
2024-04-13,1085,Thomas Ltd Hospital,North Wandafort,Wisconsin,1,2,367,54,280,226,92,30,102,35,ORS,Platelets,Paracetamol,1835,123.89,0
2024-04-14,1087,Harris-Hardy Hospital,Michaelfort,Alaska,1,1,323,50,223,494,96,25,71,38,ORS,Platelets,Paracetamol,646,45.14,1
2024-04-15,1044,Nguyen-Hoffman Hospital,Brettport,Kansas,3,1,65,6,52,288,19,3,13,4,Chloroquine,Artemisinin,Primaquine,130,18.06,1
2024-04-16,1054,Scott PLC Hospital,South Andrew,Nebraska,0,2,137,27,83,355,40,8,37,9,Remdesivir,Paracetamol,Oxygen Support,274,23.38,1
2024-04-17,1063,Taylor-Fox Hospital,Johnsbury,Montana,5,0,440,85,279,465,154,31,81,57,Ciprofloxacin,Azithromycin,ORS,1320,60.0,1
2024-04-18,1025,"Potts, Hayes and Ruiz Hospital",Padillaport,Ohio,3,2,423,101,302,412,156,29,113,31,Chloroquine,Artemisinin,Primaquine,846,73.3,2
2024-04-19,1092,"Schneider, Henry and Haynes Hospital",Port Shellymouth,Maryland,1,1,179,38,149,184,53,10,46,22,ORS,Platelets,Paracetamol,895,80.98,2
2024-04-20,1099,"Benson, Bryan and Bailey Hospital",Lake Meghan,Maryland,4,1,249,50,159,564,64,21,45,29,Amoxicillin,Azithromycin,Cough Syrup,1245,28.19,1
2024-04-21,1089,"Schaefer, Hubbard and Gallegos Hospital",Edwardport,Indiana,3,1,255,53,233,504,80,26,74,40,Chloroquine,Artemisinin,Primaquine,1020,46.23,1
2024-04-22,1066,"Price, Reyes and Roberson Hospital",Michelleton,Wisconsin,4,0,334,65,230,162,129,25,97,28,Amoxicillin,Azithromycin,Cough Syrup,1336,141.98,0
2024-04-23,1034,Henderson-Pollard Hospital,North Bradleyport,Delaware,5,2,174,16,132,141,73,9,32,6,Ciprofloxacin,Azithromycin,ORS,348,93.62,0
2024-04-24,1060,Delgado Inc Hospital,South John,Texas,3,1,277,54,250,519,63,21,82,16,Chloroquine,Artemisinin,Primaquine,1108,48.17,1
2024-04-25,1043,"Taylor, Ford and Woodard Hospital",West Matthew,New Mexico,0,1,357,68,326,315,133,32,71,42,Remdesivir,Paracetamol,Oxygen Support,1071,103.49,0
2024-04-26,1038,Grimes-Fischer Hospital,North Heather,Oklahoma,1,0,183,27,146,102,63,15,30,12,ORS,Platelets,Paracetamol,366,143.14,0
2024-04-27,1037,Stewart-Grant Hospital,South Jackiebury,North Dakota,3,0,327,65,268,288,79,27,87,47,Chloroquine,Artemisinin,Primaquine,654,93.06,0
2024-04-28,1054,Brown Ltd Hospital,South Lesliehaven,New York,5,0,154,13,130,481,69,18,30,5,Ciprofloxacin,Azithromycin,ORS,616,27.03,1
2024-04-29,1062,Paul-Santos Hospital,Duanehaven,Nebraska,2,0,405,48,346,414,168,26,99,26,Paracetamol,Azithromycin,Vitamin C,1215,83.57,2
2024-04-30,1061,"Miller, Gallegos and Cain Hospital",Rachelberg,Oklahoma,4,1,383,32,331,426,156,19,76,11,Amoxicillin,Azithromycin,Cough Syrup,1915,77.7,2
2024-05-01,1028,"Mitchell, Fields and Carpenter Hospital",Newmanfurt,Pennsylvania,0,0,293,67,201,544,136,26,47,47,Remdesivir,Paracetamol,Oxygen Support,1465,36.95,1
2024-05-02,1075,Gibbs Ltd Hospital,North Alex,Arizona,4,0,433,102,374,103,170,37,99,57,Amoxicillin,Azithromycin,Cough Syrup,1299,363.11,0
2024-05-03,1010,"Boyd, Harris and Glover Hospital",Taylorside,Virginia,3,2,286,65,217,459,122,18,75,37,Chloroquine,Artemisinin,Primaquine,858,47.28,1
2024-05-04,1013,Lopez-Lawrence Hospital,West Rachel,Alaska,2,1,301,63,275,121,123,29,79,49,Paracetamol,Azithromycin,Vitamin C,602,227.27,0
2024-05-05,1076,Hunter-Mendoza Hospital,East Linda,Idaho,4,2,396,39,361,182,122,42,76,26,Amoxicillin,Azithromycin,Cough Syrup,1584,198.35,0
2024-05-06,1083,Harper-Bates Hospital,Robertochester,South Dakota,0,0,179,42,118,519,49,17,37,24,Remdesivir,Paracetamol,Oxygen Support,358,22.74,1
2024-05-07,1041,Wallace PLC Hospital,Nicoleville,Massachusetts,1,1,431,45,316,380,165,23,76,29,ORS,Platelets,Paracetamol,1724,83.16,2
2024-05-08,1004,Wilkins-Hall Hospital,Brookeberg,California,0,2,412,96,381,475,116,42,78,46,Remdesivir,Paracetamol,Oxygen Support,1236,80.21,2
2024-05-09,1030,Taylor PLC Hospital,Rebeccaberg,Arizona,4,1,264,41,161,305,57,27,56,17,Amoxicillin,Azithromycin,Cough Syrup,792,52.79,1
2024-05-10,1079,"Pierce, Guerrero and Becker Hospital",Phillipsville,North Carolina,3,1,155,17,129,551,64,9,32,9,Chloroquine,Artemisinin,Primaquine,775,23.41,1
2024-05-11,1017,Walker-Schneider Hospital,Cliffordmouth,New Hampshire,1,1,297,45,190,280,59,30,56,35,ORS,Platelets,Paracetamol,891,67.86,2
2024-05-12,1070,Stafford-Hudson Hospital,Lake Elizabeth,West Virginia,5,2,59,5,54,110,21,3,14,2,Ciprofloxacin,Azithromycin,ORS,295,49.09,1
2024-05-13,1097,"Barnes, Thomas and Davis Hospital",Port Philipbury,Oklahoma,5,1,377,92,280,561,167,40,76,69,Ciprofloxacin,Azithromycin,ORS,1508,49.91,1
2024-05-14,1032,Lester-Gill Hospital,Port Cynthia,New Hampshire,0,2,333,67,246,295,68,39,61,49,Remdesivir,Paracetamol,Oxygen Support,999,83.39,2
2024-05-15,1074,"Wells, Lindsey and Perkins Hospital",West Jasonland,Iowa,5,0,336,48,236,395,155,26,64,32,Ciprofloxacin,Azithromycin,ORS,1008,59.75,1
2024-05-16,1011,Chen-Harrell Hospital,Maryburgh,Louisiana,3,1,481,94,367,456,237,53,127,37,Chloroquine,Artemisinin,Primaquine,1924,80.48,2
2024-05-17,1027,Allen Ltd Hospital,East Meganborough,New Hampshire,5,2,125,26,93,379,30,13,36,17,Ciprofloxacin,Azithromycin,ORS,375,24.54,1
2024-05-18,1070,Taylor-Long Hospital,Lisatown,Alabama,5,2,215,26,173,324,51,11,40,11,Ciprofloxacin,Azithromycin,ORS,430,53.4,1
2024-05-19,1072,Brown LLC Hospital,Greerburgh,Ohio,1,2,481,46,291,112,158,32,111,19,ORS,Platelets,Paracetamol,1443,259.82,0
2024-05-20,1094,Flores LLC Hospital,Lawrencefort,Nebraska,2,2,322,51,193,311,141,37,50,25,Paracetamol,Azithromycin,Vitamin C,966,62.06,1
2024-05-21,1088,Kirby and Sons Hospital,Perkinsport,Arizona,5,0,343,42,297,106,121,28,63,13,Ciprofloxacin,Azithromycin,ORS,686,280.19,0
2024-05-22,1090,Jordan LLC Hospital,Trevinoton,Florida,2,1,230,39,189,243,102,19,50,26,Paracetamol,Azithromycin,Vitamin C,690,77.78,2
2024-05-23,1068,Cooper PLC Hospital,Danielstad,Maryland,3,1,76,8,48,157,22,4,15,5,Chloroquine,Artemisinin,Primaquine,380,30.57,1
2024-05-24,1087,Ortega and Sons Hospital,New James,Maryland,2,1,426,103,398,202,132,40,96,55,Paracetamol,Azithromycin,Vitamin C,1278,197.03,0
2024-05-25,1006,Rodriguez-Stuart Hospital,North Michelle,Iowa,4,2,319,29,290,318,99,32,90,11,Amoxicillin,Azithromycin,Cough Syrup,1276,91.19,0
2024-05-26,1032,Alexander Group Hospital,Mitchellport,Virginia,2,1,373,33,297,461,125,31,58,11,Paracetamol,Azithromycin,Vitamin C,1492,64.43,1
2024-05-27,1030,Ruiz and Sons Hospital,Michellemouth,Florida,4,1,87,15,80,368,24,6,20,10,Amoxicillin,Azithromycin,Cough Syrup,261,21.74,1
2024-05-28,1031,Booth PLC Hospital,East Destinybury,North Carolina,1,0,359,41,304,295,135,25,58,13,ORS,Platelets,Paracetamol,718,103.05,0
2024-05-29,1050,Riley Group Hospital,New Victoriabury,Mississippi,3,0,474,93,421,455,225,33,135,60,Chloroquine,Artemisinin,Primaquine,948,92.53,0
2024-05-30,1019,Mclean-Bishop Hospital,Sharitown,Mississippi,4,0,239,37,208,367,64,22,53,23,Amoxicillin,Azithromycin,Cough Syrup,717,56.68,1
2024-05-31,1090,Mccann-Garcia Hospital,New Michele,Louisiana,5,1,446,59,389,452,172,48,94,32,Ciprofloxacin,Azithromycin,ORS,2230,86.06,0
2024-06-01,1024,Stewart Ltd Hospital,Ramirezmouth,Virginia,2,0,443,85,274,473,184,35,121,34,Paracetamol,Azithromycin,Vitamin C,886,57.93,1
2024-06-02,1056,Webb-Brooks Hospital,Lisaville,Montana,5,1,460,38,322,140,138,33,118,16,Ciprofloxacin,Azithromycin,ORS,2300,230.0,0
2024-06-03,1036,Russell-Morris Hospital,South Stephen,New Jersey,1,2,295,54,226,510,105,22,66,17,ORS,Platelets,Paracetamol,1475,44.31,1
2024-06-04,1053,Rogers-Ross Hospital,New Sheila,Delaware,0,0,493,57,376,441,223,47,85,41,Remdesivir,Paracetamol,Oxygen Support,1972,85.26,0
2024-06-05,1087,Fox LLC Hospital,East Jacob,Delaware,2,1,371,41,270,441,139,24,78,16,Paracetamol,Azithromycin,Vitamin C,1113,61.22,1
2024-06-06,1055,Stanton LLC Hospital,Nolanbury,Illinois,1,1,348,74,300,243,173,25,93,51,ORS,Platelets,Paracetamol,1740,123.46,0
2024-06-07,1076,Chang and Sons Hospital,East Brianborough,Missouri,4,1,357,77,224,488,163,37,78,49,Amoxicillin,Azithromycin,Cough Syrup,1785,45.9,1
2024-06-08,1043,Martin Ltd Hospital,New Angela,Maryland,1,2,126,18,91,484,50,9,35,6,ORS,Platelets,Paracetamol,504,18.8,1
2024-06-09,1085,Sims Ltd Hospital,East Davidshire,New Hampshire,5,0,174,37,124,580,77,12,32,26,Ciprofloxacin,Azithromycin,ORS,696,21.38,1
2024-06-10,1047,"Hall, Mckinney and Dixon Hospital",Davisshire,Delaware,3,2,325,40,209,178,105,29,49,22,Chloroquine,Artemisinin,Primaquine,1625,117.42,0
2024-06-11,1011,"Hayes, Edwards and Lara Hospital",Turnermouth,Ohio,3,1,342,28,307,196,107,34,74,15,Chloroquine,Artemisinin,Primaquine,684,156.63,0
2024-06-12,1057,"Bell, Lewis and Matthews Hospital",Lopezfurt,Vermont,5,0,97,15,76,555,40,5,26,6,Ciprofloxacin,Azithromycin,ORS,388,13.69,1
2024-06-13,1010,Rodriguez-Mccarty Hospital,Lake Jonathanville,Arkansas,1,1,168,22,116,450,50,13,40,15,ORS,Platelets,Paracetamol,336,25.78,1
2024-06-14,1049,Ross-Robles Hospital,Port Max,Florida,5,0,61,8,38,327,17,6,15,5,Ciprofloxacin,Azithromycin,ORS,244,11.62,1
2024-06-15,1030,"Green, Stone and Beck Hospital",Port Olivia,Oklahoma,1,1,163,26,102,337,54,17,37,15,ORS,Platelets,Paracetamol,489,30.27,1
2024-06-16,1036,Murphy Ltd Hospital,Parksfurt,New Mexico,2,2,140,21,126,253,51,8,35,10,Paracetamol,Azithromycin,Vitamin C,700,49.8,1
2024-06-17,1070,Patel Ltd Hospital,West Barbara,Nevada,0,2,60,11,39,156,16,4,14,7,Remdesivir,Paracetamol,Oxygen Support,240,25.0,1
2024-06-18,1064,Foster Group Hospital,East Tarachester,Florida,4,0,64,14,45,513,19,4,12,4,Amoxicillin,Azithromycin,Cough Syrup,256,8.77,1
2024-06-19,1046,Li-Wilkinson Hospital,Lake Patrick,Louisiana,4,2,290,31,205,523,128,32,82,21,Amoxicillin,Azithromycin,Cough Syrup,870,39.2,1
2024-06-20,1043,Price-Myers Hospital,South Ashley,Tennessee,4,0,206,40,129,105,77,12,50,15,Amoxicillin,Azithromycin,Cough Syrup,1030,122.86,0
2024-06-21,1060,Taylor Ltd Hospital,Smithport,Nebraska,0,2,477,82,426,183,103,49,73,34,Remdesivir,Paracetamol,Oxygen Support,2385,232.79,0
2024-06-22,1068,"Williams, Jones and Scott Hospital",Lake Adam,Arizona,2,0,420,86,290,144,178,40,106,57,Paracetamol,Azithromycin,Vitamin C,2100,201.39,0
2024-06-23,1043,Wilson Group Hospital,Leebury,Nevada,1,0,380,41,320,213,117,41,80,20,ORS,Platelets,Paracetamol,1140,150.23,0
2024-06-24,1079,"Nguyen, Frederick and Long Hospital",Laurashire,South Dakota,0,2,175,26,107,544,70,10,38,11,Remdesivir,Paracetamol,Oxygen Support,875,19.67,1
2024-06-25,1043,"Skinner, Smith and Wood Hospital",North Antonio,Maryland,3,0,103,11,86,138,29,7,27,3,Chloroquine,Artemisinin,Primaquine,515,62.32,1
2024-06-26,1066,Williams Ltd Hospital,Maryberg,South Dakota,3,1,458,51,356,332,146,24,95,17,Chloroquine,Artemisinin,Primaquine,1374,107.23,0
2024-06-27,1086,"Hill, Murphy and Mills Hospital",Stevenburgh,Louisiana,3,0,110,21,96,315,25,5,29,16,Chloroquine,Artemisinin,Primaquine,330,30.48,1
2024-06-28,1096,Cole-Smith Hospital,Pattersonmouth,New Hampshire,2,1,439,95,272,449,132,50,82,34,Paracetamol,Azithromycin,Vitamin C,878,60.58,1
2024-06-29,1044,Daniel-Martinez Hospital,Davidfort,Alaska,1,1,486,85,344,358,197,44,82,51,ORS,Platelets,Paracetamol,1944,96.09,0
2024-06-30,1074,Spears Group Hospital,Robertberg,South Dakota,5,1,132,14,85,490,46,10,20,7,Ciprofloxacin,Azithromycin,ORS,396,17.35,1
2024-07-01,1042,Owen-Roach Hospital,Garyside,Georgia,0,1,326,53,247,380,128,38,76,29,Remdesivir,Paracetamol,Oxygen Support,652,65.0,1
2024-07-02,1052,Dixon LLC Hospital,Jenniferstad,Rhode Island,2,0,50,4,46,264,13,4,8,2,Paracetamol,Azithromycin,Vitamin C,250,17.42,1
2024-07-03,1044,"Collins, Hartman and Fox Hospital",Matthewsside,Kentucky,4,1,448,38,412,243,106,49,114,22,Amoxicillin,Azithromycin,Cough Syrup,1792,169.55,0
2024-07-04,1037,"Gross, Schroeder and Chan Hospital",Tuckerland,Indiana,4,0,266,27,199,253,72,20,73,17,Amoxicillin,Azithromycin,Cough Syrup,1330,78.66,2
2024-07-05,1040,"Sparks, Holt and Collins Hospital",West Davidshire,South Carolina,5,1,237,29,158,541,71,26,69,13,Ciprofloxacin,Azithromycin,ORS,948,29.21,1
2024-07-06,1049,Campos-Gibson Hospital,Lake John,North Dakota,5,0,223,37,188,276,53,13,49,24,Ciprofloxacin,Azithromycin,ORS,1115,68.12,2
2024-07-07,1065,Richardson Group Hospital,West Dennis,Montana,1,2,140,18,105,577,52,11,23,6,ORS,Platelets,Paracetamol,560,18.2,1
2024-07-08,1005,Myers LLC Hospital,Port Patriciatown,Massachusetts,3,1,60,14,43,124,21,3,11,6,Chloroquine,Artemisinin,Primaquine,240,34.68,1
2024-07-09,1054,Parker-Olsen Hospital,South Karenberg,Kansas,4,1,316,48,266,156,107,25,77,25,Amoxicillin,Azithromycin,Cough Syrup,948,170.51,0
2024-07-10,1018,Rodriguez-Martinez Hospital,Karenbury,New Hampshire,0,0,140,28,123,560,34,8,39,11,Remdesivir,Paracetamol,Oxygen Support,560,21.96,1
2024-07-11,1079,"Faulkner, Robinson and Bailey Hospital",North Marie,Ohio,4,2,331,29,248,421,86,28,56,19,Amoxicillin,Azithromycin,Cough Syrup,1324,58.91,1
2024-07-12,1063,Perry PLC Hospital,East Carlosshire,Nevada,2,2,486,105,444,320,127,25,81,63,Paracetamol,Azithromycin,Vitamin C,972,138.75,0
2024-07-13,1067,"Jones, Patterson and Ward Hospital",Aprilmouth,Alaska,1,0,90,17,54,292,22,5,22,7,ORS,Platelets,Paracetamol,450,18.49,1
2024-07-14,1036,Howell-Walton Hospital,Port Lisaburgh,Mississippi,1,0,444,76,280,311,140,51,100,28,ORS,Platelets,Paracetamol,2220,90.03,0
2024-07-15,1002,Williamson Inc Hospital,Kaufmanmouth,Montana,4,0,120,15,79,599,56,9,28,5,Amoxicillin,Azithromycin,Cough Syrup,240,13.19,1
2024-07-16,1079,Davis Group Hospital,South Kathleenfurt,North Carolina,0,1,485,86,328,538,130,50,90,35,Remdesivir,Paracetamol,Oxygen Support,970,60.97,1
2024-07-17,1078,Mitchell Inc Hospital,North Cindy,Vermont,4,1,77,17,50,234,36,4,13,6,Amoxicillin,Azithromycin,Cough Syrup,231,21.37,1
2024-07-18,1052,Barnes Ltd Hospital,Port David,Delaware,4,2,353,81,326,582,125,35,94,63,Amoxicillin,Azithromycin,Cough Syrup,1059,56.01,1
2024-07-19,1018,Harris-Johnson Hospital,Laurafurt,South Carolina,3,2,378,44,257,172,173,41,58,26,Chloroquine,Artemisinin,Primaquine,1512,149.42,0
2024-07-20,1087,"Duncan, Juarez and Rodriguez Hospital",Angelafurt,Iowa,4,2,82,10,61,560,20,8,14,7,Amoxicillin,Azithromycin,Cough Syrup,164,10.89,1
2024-07-21,1096,Turner-Romero Hospital,East Bryanshire,Alabama,5,1,72,14,44,291,18,5,16,8,Ciprofloxacin,Azithromycin,ORS,288,15.12,1
2024-07-22,1062,Molina-Jones Hospital,Amyborough,California,1,2,148,28,114,250,48,7,38,9,ORS,Platelets,Paracetamol,444,45.6,1
2024-07-23,1091,Williams-Mcdonald Hospital,New Davidfort,Colorado,0,1,489,69,365,221,101,55,104,53,Remdesivir,Paracetamol,Oxygen Support,1956,165.16,0
2024-07-24,1062,"Gregory, Martinez and Johnson Hospital",Edwardbury,Oklahoma,0,1,63,14,44,133,17,5,18,9,Remdesivir,Paracetamol,Oxygen Support,315,33.08,1
2024-07-25,1037,Mooney and Sons Hospital,Lake Austin,Missouri,2,1,494,40,430,106,108,54,88,30,Paracetamol,Azithromycin,Vitamin C,988,405.66,0
2024-07-26,1016,"Rodriguez, Edwards and Grant Hospital",Lake Juan,Nevada,3,1,268,60,184,500,113,13,45,23,Chloroquine,Artemisinin,Primaquine,1072,36.8,1
2024-07-27,1014,Garcia-Palmer Hospital,Shortmouth,Oregon,1,2,146,12,104,578,61,15,26,7,ORS,Platelets,Paracetamol,584,17.99,1
2024-07-28,1069,Nelson PLC Hospital,East Brittney,Tennessee,2,1,215,33,196,147,53,13,34,15,Paracetamol,Azithromycin,Vitamin C,1075,133.33,0
2024-07-29,1004,Graham Inc Hospital,West Laura,Kentucky,2,1,470,75,310,194,130,30,113,33,Paracetamol,Azithromycin,Vitamin C,1880,159.79,0
2024-07-30,1050,Casey-Davis Hospital,Simmonsside,Arkansas,5,2,258,54,187,586,128,16,53,17,Ciprofloxacin,Azithromycin,ORS,774,31.91,1
2024-07-31,1014,"Knight, Richardson and Petersen Hospital",West Eric,Oklahoma,0,1,269,54,229,564,99,30,45,17,Remdesivir,Paracetamol,Oxygen Support,1345,40.6,1
2024-08-01,1081,Johnson PLC Hospital,Lake Sheilatown,Indiana,0,1,123,17,86,198,59,9,36,7,Remdesivir,Paracetamol,Oxygen Support,492,43.43,1
2024-08-02,1038,"Salazar, Logan and Powell Hospital",Samanthaville,Utah,1,2,231,44,209,479,80,20,46,19,ORS,Platelets,Paracetamol,693,43.63,1
2024-08-03,1080,Butler PLC Hospital,Lake John,Maryland,5,0,199,30,167,282,41,12,35,20,Ciprofloxacin,Azithromycin,ORS,995,59.22,1
2024-08-04,1051,Hall-Campbell Hospital,Lake Steven,Alaska,4,1,153,36,113,591,58,16,32,18,Amoxicillin,Azithromycin,Cough Syrup,459,19.12,1
2024-08-05,1073,"Vaughn, Ayala and Parker Hospital",Jacksonland,Pennsylvania,5,1,176,16,147,570,62,13,37,10,Ciprofloxacin,Azithromycin,ORS,352,25.79,1
2024-08-06,1031,"Bailey, Dawson and Carter Hospital",Grahamland,Michigan,3,2,443,68,374,332,111,47,78,43,Chloroquine,Artemisinin,Primaquine,1772,112.65,0
2024-08-07,1019,Gaines-Howell Hospital,Baldwinborough,Florida,1,2,50,10,39,213,16,2,11,5,ORS,Platelets,Paracetamol,100,18.31,1
2024-08-08,1057,Foster PLC Hospital,Lake Benjamin,Indiana,1,2,205,17,176,506,54,11,41,7,ORS,Platelets,Paracetamol,1025,34.78,1
2024-08-09,1027,Ayers and Sons Hospital,North David,Delaware,5,1,413,99,372,564,161,40,112,75,Ciprofloxacin,Azithromycin,ORS,1239,65.96,2
2024-08-10,1029,Acevedo-Williamson Hospital,Lake Haleytown,New York,5,0,194,31,150,336,83,17,32,11,Ciprofloxacin,Azithromycin,ORS,582,44.64,1
2024-08-11,1023,"Figueroa, Rodriguez and Parsons Hospital",Reedshire,Virginia,3,2,71,9,44,535,25,6,19,5,Chloroquine,Artemisinin,Primaquine,213,8.22,1
2024-08-12,1008,"Rodriguez, Daugherty and Green Hospital",West Christina,Illinois,4,0,74,6,46,520,29,8,14,3,Amoxicillin,Azithromycin,Cough Syrup,370,8.85,1
2024-08-13,1007,Lara-Sandoval Hospital,Beckerborough,Arkansas,2,1,135,11,125,234,33,14,29,4,Paracetamol,Azithromycin,Vitamin C,405,53.42,1
2024-08-14,1023,Mckinney-Bentley Hospital,Ericaton,Florida,2,1,285,52,259,275,75,32,84,33,Paracetamol,Azithromycin,Vitamin C,570,94.18,0
2024-08-15,1045,Johnson Group Hospital,East Rhonda,New York,4,1,286,70,271,568,137,15,44,51,Amoxicillin,Azithromycin,Cough Syrup,572,47.71,1
2024-08-16,1071,"Gonzales, James and Thomas Hospital",Joelmouth,Maine,5,0,458,60,355,270,166,28,128,41,Ciprofloxacin,Azithromycin,ORS,916,131.48,0
2024-08-17,1085,Rogers Group Hospital,East Brookeberg,Louisiana,0,1,288,42,195,499,86,24,44,26,Remdesivir,Paracetamol,Oxygen Support,576,39.08,1
2024-08-18,1045,"Nelson, Smith and Thomas Hospital",West Kaylamouth,New Jersey,2,2,394,38,370,526,122,38,65,26,Paracetamol,Azithromycin,Vitamin C,788,70.34,2
2024-08-19,1005,Green Ltd Hospital,North Richard,California,2,2,468,114,369,360,100,48,112,37,Paracetamol,Azithromycin,Vitamin C,2340,102.5,0
2024-08-20,1048,"Bowman, Dudley and Blanchard Hospital",Ricefurt,New Jersey,5,1,302,40,244,484,133,26,64,12,Ciprofloxacin,Azithromycin,ORS,604,50.41,1
2024-08-21,1100,Herring Inc Hospital,Port Rhonda,Maine,2,0,66,7,55,317,20,4,16,3,Paracetamol,Azithromycin,Vitamin C,264,17.35,1
2024-08-22,1045,"Madden, Lewis and Mason Hospital",Teresabury,Nevada,1,1,452,67,295,225,143,23,90,51,ORS,Platelets,Paracetamol,1356,131.11,0
2024-08-23,1006,Aguilar-Douglas Hospital,Rodriguezstad,Massachusetts,2,0,265,55,206,107,122,20,40,18,Paracetamol,Azithromycin,Vitamin C,795,192.52,0
2024-08-24,1092,Barron-Miller Hospital,Davisburgh,California,4,2,403,79,284,252,134,41,97,49,Amoxicillin,Azithromycin,Cough Syrup,806,112.7,0
2024-08-25,1029,Rocha-Smith Hospital,Kristenberg,Nevada,3,1,422,74,298,244,143,28,70,34,Chloroquine,Artemisinin,Primaquine,844,122.13,0
2024-08-26,1069,Nunez-Torres Hospital,South Kylefort,Texas,0,1,66,5,59,520,32,7,10,3,Remdesivir,Paracetamol,Oxygen Support,330,11.35,1
2024-08-27,1059,Hudson LLC Hospital,Arianaport,Wyoming,0,0,421,62,376,348,196,25,94,18,Remdesivir,Paracetamol,Oxygen Support,1684,108.05,0
2024-08-28,1097,Jones Group Hospital,Dominiqueside,Massachusetts,0,1,158,21,119,557,62,10,35,15,Remdesivir,Paracetamol,Oxygen Support,316,21.36,1
2024-08-29,1037,Barrett-Grimes Hospital,Carpenterborough,Maryland,3,0,327,45,207,438,124,35,76,29,Chloroquine,Artemisinin,Primaquine,654,47.26,1
2024-08-30,1015,"Tran, Robles and Wang Hospital",Lake Jennifer,Indiana,3,0,269,36,187,594,92,27,63,22,Chloroquine,Artemisinin,Primaquine,1076,31.48,1
2024-08-31,1071,"Wilson, Schroeder and Carpenter Hospital",North Steven,South Dakota,1,2,368,42,311,388,93,25,56,13,ORS,Platelets,Paracetamol,1840,80.15,2
2024-09-01,1064,Brady and Sons Hospital,Tuckermouth,Wyoming,3,0,193,42,182,212,39,18,54,19,Chloroquine,Artemisinin,Primaquine,386,85.85,0
2024-09-02,1064,"Austin, Carey and Lambert Hospital",East Albertport,Arkansas,5,0,210,50,165,146,48,19,57,15,Ciprofloxacin,Azithromycin,ORS,420,113.01,0
2024-09-03,1080,Rose Group Hospital,Nicolemouth,Pennsylvania,4,2,104,24,77,464,28,6,24,10,Amoxicillin,Azithromycin,Cough Syrup,208,16.59,1
2024-09-04,1015,Harrell-Smith Hospital,Markton,Delaware,1,0,252,59,194,135,62,16,68,45,ORS,Platelets,Paracetamol,756,143.7,0
2024-09-05,1099,Smith-Hendricks Hospital,West Mariamouth,Vermont,1,1,210,18,169,102,68,18,51,11,ORS,Platelets,Paracetamol,630,165.69,0
2024-09-06,1081,Jennings-Turner Hospital,Mckinneyfurt,Oklahoma,0,0,233,26,181,357,54,14,63,11,Remdesivir,Paracetamol,Oxygen Support,699,50.7,1
2024-09-07,1041,Morgan and Sons Hospital,Danielfort,Iowa,2,1,100,20,76,123,22,11,24,13,Paracetamol,Azithromycin,Vitamin C,200,61.79,1
2024-09-08,1026,Bird PLC Hospital,Rojasfurt,Kansas,1,0,70,11,65,479,23,7,14,4,ORS,Platelets,Paracetamol,140,13.57,1
2024-09-09,1090,Juarez LLC Hospital,Chelseaburgh,Tennessee,4,2,151,25,131,358,54,10,29,13,Amoxicillin,Azithromycin,Cough Syrup,604,36.59,1
2024-09-10,1038,"Moore, Rocha and Rodriguez Hospital",Kimberlyburgh,Nevada,0,2,100,22,68,246,21,11,16,13,Remdesivir,Paracetamol,Oxygen Support,400,27.64,1
2024-09-11,1018,Perez-Brooks Hospital,New Bryanport,Missouri,1,2,284,51,259,186,123,32,73,28,ORS,Platelets,Paracetamol,568,139.25,0
2024-09-12,1079,Lawrence-Gonzalez Hospital,Pettyland,Oregon,2,0,162,19,143,159,76,14,42,7,Paracetamol,Azithromycin,Vitamin C,648,89.94,0
2024-09-13,1012,"Barker, Medina and Edwards Hospital",New Chad,Idaho,1,0,101,25,72,162,28,10,16,19,ORS,Platelets,Paracetamol,505,44.44,1
2024-09-14,1042,"Page, Wade and Arroyo Hospital",East Jennifermouth,Delaware,5,0,122,27,108,370,33,10,29,10,Ciprofloxacin,Azithromycin,ORS,610,29.19,1
2024-09-15,1089,Moyer-Beltran Hospital,Anafort,Arkansas,0,2,82,18,72,411,38,7,14,10,Remdesivir,Paracetamol,Oxygen Support,410,17.52,1
2024-09-16,1013,Newman-Stevens Hospital,East Robertaton,North Dakota,0,0,433,74,344,559,100,42,85,23,Remdesivir,Paracetamol,Oxygen Support,1299,61.54,1
2024-09-17,1047,Frye PLC Hospital,Lake Ronniestad,Nevada,1,0,177,32,116,465,46,9,46,16,ORS,Platelets,Paracetamol,531,24.95,1
2024-09-18,1010,Miller-Coffey Hospital,North Karenland,South Carolina,4,1,346,78,311,308,90,32,59,25,Amoxicillin,Azithromycin,Cough Syrup,1384,100.97,0
2024-09-19,1014,"Boyer, Joyce and Quinn Hospital",Dianaside,Kansas,5,0,388,36,246,433,179,27,62,14,Ciprofloxacin,Azithromycin,ORS,1164,56.81,1
2024-09-20,1032,Graves-Haney Hospital,Craigfurt,New York,4,2,250,56,221,398,95,13,45,24,Amoxicillin,Azithromycin,Cough Syrup,1000,55.53,1
2024-09-21,1014,Alvarez LLC Hospital,Port Jose,Alabama,4,2,80,18,48,103,30,5,23,10,Amoxicillin,Azithromycin,Cough Syrup,320,46.6,1
2024-09-22,1087,"Barnes, Hunter and Richard Hospital",Dorothytown,Alabama,3,1,263,36,202,373,124,15,49,17,Chloroquine,Artemisinin,Primaquine,1315,54.16,1
2024-09-23,1076,Olson-Lewis Hospital,North Timothybury,Alabama,2,2,418,81,349,344,101,24,86,48,Paracetamol,Azithromycin,Vitamin C,836,101.45,0
2024-09-24,1000,Brown-Campbell Hospital,North Ianbury,South Dakota,2,2,327,81,290,179,97,28,73,26,Paracetamol,Azithromycin,Vitamin C,981,162.01,0
2024-09-25,1040,"Cruz, Morgan and Rodriguez Hospital",South Jackstad,Illinois,4,2,115,11,70,573,34,9,26,5,Amoxicillin,Azithromycin,Cough Syrup,345,12.22,1
2024-09-26,1048,"Gonzales, Flores and Price Hospital",Gloverborough,Oklahoma,4,0,499,42,380,317,202,47,111,31,Amoxicillin,Azithromycin,Cough Syrup,998,119.87,0
2024-09-27,1017,"Walker, Harmon and Salazar Hospital",Port Sandraview,Nebraska,5,0,411,71,259,139,201,22,108,30,Ciprofloxacin,Azithromycin,ORS,1644,186.33,0
2024-09-28,1028,Whitney-Martinez Hospital,West Allison,Ohio,3,1,350,58,218,258,154,27,52,26,Chloroquine,Artemisinin,Primaquine,1750,84.5,2
2024-09-29,1037,Cole PLC Hospital,South Howardville,New York,4,1,479,72,312,444,104,36,88,22,Amoxicillin,Azithromycin,Cough Syrup,2395,70.27,2
2024-09-30,1034,Smith Inc Hospital,Courtneyfort,Illinois,4,0,194,33,123,576,95,17,57,13,Amoxicillin,Azithromycin,Cough Syrup,776,21.35,1
2024-10-01,1097,Leach PLC Hospital,Port Sydneychester,Montana,5,0,378,55,330,314,185,43,84,31,Ciprofloxacin,Azithromycin,ORS,1890,105.1,0
2024-10-02,1027,Bernard-King Hospital,Patelmouth,Arkansas,3,1,491,78,445,532,210,40,108,57,Chloroquine,Artemisinin,Primaquine,1964,83.65,2
2024-10-03,1060,Owens Inc Hospital,Port Stephen,Virginia,5,1,469,75,337,292,141,40,98,27,Ciprofloxacin,Azithromycin,ORS,2345,115.41,0
2024-10-04,1008,"Pham, Jackson and Valenzuela Hospital",North Markstad,Nebraska,4,0,348,43,257,594,109,28,76,33,Amoxicillin,Azithromycin,Cough Syrup,1392,43.27,1
2024-10-05,1001,Kennedy Inc Hospital,East Alyssaport,West Virginia,2,2,100,21,66,132,32,6,27,16,Paracetamol,Azithromycin,Vitamin C,400,50.0,1
2024-10-06,1022,"Mullins, Crosby and Wells Hospital",North Ashleyshire,Rhode Island,1,1,90,10,55,164,19,4,14,7,ORS,Platelets,Paracetamol,180,33.54,1
2024-10-07,1052,Mullins-Nicholson Hospital,Brianshire,West Virginia,0,2,279,67,230,147,119,15,65,34,Remdesivir,Paracetamol,Oxygen Support,837,156.46,0
2024-10-08,1071,Thomas-Rodriguez Hospital,Michaelmouth,Oregon,4,2,278,27,178,115,61,27,58,19,Amoxicillin,Azithromycin,Cough Syrup,1112,154.78,0
2024-10-09,1002,Santiago and Sons Hospital,West Mollyhaven,Oregon,1,1,132,16,88,197,39,12,28,9,ORS,Platelets,Paracetamol,264,44.67,1
2024-10-10,1081,Peterson-Church Hospital,Carloshaven,Georgia,1,1,288,66,191,348,109,26,80,45,ORS,Platelets,Paracetamol,576,54.89,1
2024-10-11,1094,White LLC Hospital,Robinfort,Louisiana,5,2,468,102,385,582,183,51,89,41,Ciprofloxacin,Azithromycin,ORS,1872,66.15,2
2024-10-12,1080,"Walker, Lin and Dixon Hospital",Stonetown,South Dakota,3,1,428,89,395,254,162,46,88,56,Chloroquine,Artemisinin,Primaquine,856,155.51,0
2024-10-13,1042,"Lawrence, Hall and Potter Hospital",New Devinburgh,Oklahoma,4,0,115,28,93,435,28,7,26,8,Amoxicillin,Azithromycin,Cough Syrup,460,21.38,1
2024-10-14,1007,Glover-Hall Hospital,Port Taramouth,Michigan,1,1,309,51,260,301,145,36,54,31,ORS,Platelets,Paracetamol,618,86.38,0
2024-10-15,1064,Johnson PLC Hospital,North Daniel,Rhode Island,4,0,199,29,171,208,84,18,37,19,Amoxicillin,Azithromycin,Cough Syrup,796,82.21,2
2024-10-16,1074,Smith PLC Hospital,Deborahfurt,Oklahoma,4,1,72,12,67,583,30,4,14,8,Amoxicillin,Azithromycin,Cough Syrup,288,11.49,1
2024-10-17,1066,Calhoun-Johnson Hospital,New Lindahaven,New Jersey,1,2,188,17,129,378,89,11,45,5,ORS,Platelets,Paracetamol,564,34.13,1
2024-10-18,1056,"Pittman, Foster and Sanders Hospital",Adrianfort,Georgia,3,1,193,38,178,564,57,16,37,20,Chloroquine,Artemisinin,Primaquine,772,31.56,1
2024-10-19,1093,"Nelson, Jenkins and Thomas Hospital",Huertaborough,North Carolina,0,2,258,51,212,566,88,28,40,40,Remdesivir,Paracetamol,Oxygen Support,516,37.46,1
2024-10-20,1005,"Green, Mcbride and Holland Hospital",Port Scottland,Tennessee,0,1,286,35,218,154,89,25,66,13,Remdesivir,Paracetamol,Oxygen Support,572,141.56,0
2024-10-21,1073,Alvarez Ltd Hospital,Briantown,New York,3,1,252,52,216,477,60,16,68,28,Chloroquine,Artemisinin,Primaquine,756,45.28,1
2024-10-22,1002,Williams PLC Hospital,Nicholasberg,Utah,3,1,432,90,335,253,177,32,125,64,Chloroquine,Artemisinin,Primaquine,1296,132.41,0
2024-10-23,1003,Garcia Ltd Hospital,East William,Kentucky,2,1,479,42,408,159,196,52,96,32,Paracetamol,Azithromycin,Vitamin C,958,256.6,0
2024-10-24,1008,Sanchez-Mercado Hospital,Port Brandyfurt,Vermont,0,1,245,42,151,132,113,26,72,13,Remdesivir,Paracetamol,Oxygen Support,1225,114.39,0
2024-10-25,1012,Kerr-Wheeler Hospital,Melissaport,Maine,3,1,499,103,399,197,141,58,90,70,Chloroquine,Artemisinin,Primaquine,998,202.54,0
2024-10-26,1021,"Fitzpatrick, Martinez and Hancock Hospital",Matthewberg,New Mexico,4,0,383,55,274,113,93,19,83,19,Amoxicillin,Azithromycin,Cough Syrup,1149,242.48,0
2024-10-27,1021,Nelson Inc Hospital,Sellersshire,South Carolina,4,1,179,32,168,571,42,21,40,15,Amoxicillin,Azithromycin,Cough Syrup,895,29.42,1
2024-10-28,1030,"Navarro, Stokes and Larsen Hospital",North Cliffordberg,West Virginia,2,2,79,12,64,115,32,4,18,9,Paracetamol,Azithromycin,Vitamin C,316,55.65,1
2024-10-29,1009,Thomas-Duran Hospital,East Nathan,Louisiana,4,0,450,86,296,381,196,39,123,55,Amoxicillin,Azithromycin,Cough Syrup,900,77.69,2
2024-10-30,1082,Jones-Phillips Hospital,Millermouth,West Virginia,5,0,54,7,41,424,16,3,13,2,Ciprofloxacin,Azithromycin,ORS,162,9.67,1
2024-10-31,1008,Stone LLC Hospital,Elliottberg,South Carolina,5,2,387,88,237,130,177,27,63,35,Ciprofloxacin,Azithromycin,ORS,774,182.31,0
2024-11-01,1088,Hernandez Group Hospital,New Triciamouth,South Carolina,5,2,432,37,321,115,136,36,86,13,Ciprofloxacin,Azithromycin,ORS,864,279.13,0
2024-11-02,1006,Williams Group Hospital,East Amandaton,Pennsylvania,4,1,230,42,142,521,73,14,62,33,Amoxicillin,Azithromycin,Cough Syrup,1150,27.26,1
2024-11-03,1030,Ramirez PLC Hospital,West Michael,North Dakota,1,2,339,75,231,503,125,35,61,31,ORS,Platelets,Paracetamol,1017,45.92,1
2024-11-04,1064,"Ball, Mckinney and Campbell Hospital",Stevenborough,Arkansas,3,2,402,99,253,192,172,47,91,65,Chloroquine,Artemisinin,Primaquine,2010,131.77,0
2024-11-05,1097,Macdonald-Vazquez Hospital,Stephenport,New Hampshire,1,0,124,28,79,285,40,11,23,16,ORS,Platelets,Paracetamol,248,27.72,1
2024-11-06,1042,"Diaz, Smith and Smith Hospital",Walkerfort,Indiana,0,0,462,60,301,595,227,29,107,47,Remdesivir,Paracetamol,Oxygen Support,1848,50.59,1
2024-11-07,1024,Buckley-Wang Hospital,Mercadochester,Kansas,4,2,466,50,296,447,136,47,85,30,Amoxicillin,Azithromycin,Cough Syrup,1398,66.22,2
2024-11-08,1032,"Williams, Atkinson and Coleman Hospital",Port Maureen,Alaska,0,1,379,93,357,499,87,20,77,32,Remdesivir,Paracetamol,Oxygen Support,1137,71.54,2
2024-11-09,1073,Campbell Inc Hospital,Kathleenchester,Massachusetts,2,1,243,21,212,118,66,14,41,8,Paracetamol,Azithromycin,Vitamin C,1215,179.66,0
2024-11-10,1036,Jones-Griffin Hospital,Carrollbury,Vermont,2,2,145,20,121,125,56,11,41,7,Paracetamol,Azithromycin,Vitamin C,580,96.8,0
2024-11-11,1097,"Rice, Campos and Garrett Hospital",East Staceyview,North Dakota,2,1,251,27,215,311,58,23,65,9,Paracetamol,Azithromycin,Vitamin C,502,69.13,2
2024-11-12,1067,Wilson LLC Hospital,Bondberg,Texas,3,2,201,47,182,595,63,16,32,14,Chloroquine,Artemisinin,Primaquine,804,30.59,1
2024-11-13,1071,Weber Ltd Hospital,Taylorport,Montana,5,1,247,28,154,444,99,16,68,21,Ciprofloxacin,Azithromycin,ORS,494,34.68,1
2024-11-14,1061,"Moody, Drake and Mills Hospital",Stephenland,Ohio,5,1,70,15,63,492,15,5,20,5,Ciprofloxacin,Azithromycin,ORS,280,12.8,1
2024-11-15,1069,"Barnett, York and Higgins Hospital",North Jessica,Washington,1,2,168,16,146,385,69,13,28,7,ORS,Platelets,Paracetamol,504,37.92,1
2024-11-16,1084,Estes LLC Hospital,West Emilyshire,Arizona,1,0,127,26,102,509,53,9,35,10,ORS,Platelets,Paracetamol,254,20.04,1
2024-11-17,1038,Harper-Anderson Hospital,Vincentshire,New Hampshire,5,0,117,9,81,149,41,12,33,3,Ciprofloxacin,Azithromycin,ORS,468,54.36,1
2024-11-18,1075,"Smith, Foley and Lucero Hospital",Port Jesse,South Carolina,1,1,117,14,78,395,30,13,24,6,ORS,Platelets,Paracetamol,234,19.75,1
2024-11-19,1000,"Douglas, Smith and Davis Hospital",West Richardshire,Alabama,5,1,102,12,81,394,28,5,29,3,Ciprofloxacin,Azithromycin,ORS,306,20.56,1
2024-11-20,1014,"Bowen, Myers and Lawson Hospital",East Amandamouth,Colorado,4,0,485,114,310,231,147,25,123,50,Amoxicillin,Azithromycin,Cough Syrup,1455,134.2,0
2024-11-21,1017,Acosta PLC Hospital,Raymondberg,Vermont,1,1,267,27,203,395,80,13,41,18,ORS,Platelets,Paracetamol,801,51.39,1
2024-11-22,1064,Weaver PLC Hospital,East Erinton,Idaho,4,2,413,37,261,115,115,37,87,16,Amoxicillin,Azithromycin,Cough Syrup,826,226.96,0
2024-11-23,1056,"Barrett, Rose and Collins Hospital",Adamsland,Wisconsin,3,1,427,87,383,385,177,43,109,41,Chloroquine,Artemisinin,Primaquine,1708,99.48,0
2024-11-24,1019,Blankenship Inc Hospital,Stephenbury,Colorado,5,2,161,23,105,263,32,16,28,14,Ciprofloxacin,Azithromycin,ORS,644,39.92,1
2024-11-25,1024,"Hanson, West and Keith Hospital",Lake Andreville,North Dakota,5,1,221,33,154,102,57,24,41,17,Ciprofloxacin,Azithromycin,ORS,663,150.98,0
2024-11-26,1050,Hudson Inc Hospital,Smithborough,Kentucky,2,2,181,20,123,253,68,10,43,11,Paracetamol,Azithromycin,Vitamin C,362,48.62,1
2024-11-27,1028,Velez Ltd Hospital,Lake Edward,Iowa,1,0,94,18,76,400,34,9,22,5,ORS,Platelets,Paracetamol,282,19.0,1
2024-11-28,1037,Trevino LLC Hospital,West Markchester,New Hampshire,2,1,59,6,54,195,18,3,16,4,Paracetamol,Azithromycin,Vitamin C,236,27.69,1
2024-11-29,1045,Anderson PLC Hospital,Andersonside,Pennsylvania,4,0,119,24,101,432,52,12,31,8,Amoxicillin,Azithromycin,Cough Syrup,595,23.38,1
2024-11-30,1084,Wong Group Hospital,Kramerside,Oregon,0,2,162,22,121,282,56,19,33,8,Remdesivir,Paracetamol,Oxygen Support,324,42.91,1
2024-12-01,1086,"Harris, Price and Baker Hospital",Richardton,Rhode Island,1,0,267,63,246,103,129,29,56,48,ORS,Platelets,Paracetamol,1068,238.83,0
2024-12-02,1096,Martin and Sons Hospital,Foxtown,Connecticut,0,0,161,39,109,549,51,19,38,21,Remdesivir,Paracetamol,Oxygen Support,483,19.85,1
2024-12-03,1043,Oneal and Sons Hospital,East Laurastad,Oklahoma,0,2,263,59,209,480,55,16,48,37,Remdesivir,Paracetamol,Oxygen Support,789,43.54,1
2024-12-04,1021,Escobar Inc Hospital,Williamstown,North Carolina,0,2,237,22,203,543,66,17,67,9,Remdesivir,Paracetamol,Oxygen Support,948,37.38,1
2024-12-05,1053,Santos-Duncan Hospital,Port Joseph,Colorado,4,1,140,29,106,125,45,12,39,15,Amoxicillin,Azithromycin,Cough Syrup,280,84.8,2
2024-12-06,1038,Aguilar Ltd Hospital,North Stephanieborough,Oregon,3,0,141,28,86,303,52,10,23,16,Chloroquine,Artemisinin,Primaquine,423,28.38,1
2024-12-07,1007,Watts-Williams Hospital,Mcdonaldmouth,Utah,4,2,96,16,84,446,41,11,16,7,Amoxicillin,Azithromycin,Cough Syrup,288,18.83,1
2024-12-08,1021,"Johnson, Wright and Zamora Hospital",Josephland,Rhode Island,5,0,358,38,276,299,98,27,93,15,Ciprofloxacin,Azithromycin,ORS,1074,92.31,0
2024-12-09,1088,"Lopez, Thomas and Young Hospital",Jamieton,Hawaii,1,1,55,10,37,316,22,4,14,7,ORS,Platelets,Paracetamol,275,11.71,1
2024-12-10,1063,Collins Ltd Hospital,Larsonstad,Washington,2,2,424,60,352,241,92,32,71,26,Paracetamol,Azithromycin,Vitamin C,2120,146.06,0
2024-12-11,1052,Bryant-Mooney Hospital,South Davidmouth,Pennsylvania,0,2,440,81,323,106,214,48,96,51,Remdesivir,Paracetamol,Oxygen Support,2200,304.72,0
2024-12-12,1013,Bailey Ltd Hospital,North Erikport,New York,3,2,344,76,303,322,162,26,70,39,Chloroquine,Artemisinin,Primaquine,1032,94.1,0
2024-12-13,1086,Banks Ltd Hospital,Christophermouth,South Carolina,3,2,197,45,170,322,45,22,38,23,Chloroquine,Artemisinin,Primaquine,985,52.8,1
2024-12-14,1062,"Harris, Cox and James Hospital",New Christineville,Arizona,1,1,360,38,340,254,144,30,54,24,ORS,Platelets,Paracetamol,720,133.86,0
2024-12-15,1032,Abbott-Mills Hospital,West Markland,Missouri,2,1,305,69,226,300,78,18,77,22,Paracetamol,Azithromycin,Vitamin C,1220,75.33,2
2024-12-16,1059,Alexander LLC Hospital,Lake Tiffany,Oregon,5,1,270,53,175,225,107,18,72,39,Ciprofloxacin,Azithromycin,ORS,1080,77.78,2
2024-12-17,1078,Salinas Group Hospital,Patricialand,South Carolina,3,0,500,96,389,571,156,54,114,50,Chloroquine,Artemisinin,Primaquine,1500,68.13,2
2024-12-18,1001,"Gonzalez, Williams and Ruiz Hospital",Mataborough,Indiana,0,2,350,81,251,426,157,20,74,58,Remdesivir,Paracetamol,Oxygen Support,1050,58.92,1
2024-12-19,1000,Johnson-Anderson Hospital,Michaelborough,Tennessee,3,0,327,71,296,506,147,17,85,21,Chloroquine,Artemisinin,Primaquine,1635,58.5,1
2024-12-20,1002,"Galloway, Mueller and Jackson Hospital",Port Robert,New York,1,2,434,67,316,498,152,34,128,50,ORS,Platelets,Paracetamol,1302,63.45,1
2024-12-21,1063,"Larsen, Ho and Miller Hospital",East Jake,Connecticut,2,1,422,56,356,578,90,34,96,36,Paracetamol,Azithromycin,Vitamin C,2110,61.59,1
2024-12-22,1032,Miller Inc Hospital,Port William,Maine,1,2,404,75,381,522,93,21,82,52,ORS,Platelets,Paracetamol,1616,72.99,2
2024-12-23,1058,Hernandez and Sons Hospital,Donnaview,Washington,1,1,195,47,161,436,60,12,41,20,ORS,Platelets,Paracetamol,780,36.93,1
2024-12-24,1013,Turner-Morris Hospital,East Jacobfort,Arkansas,0,0,271,21,218,276,118,28,48,14,Remdesivir,Paracetamol,Oxygen Support,1355,78.99,2
2024-12-25,1039,Lozano-Perez Hospital,Crawfordbury,Missouri,2,1,212,25,192,443,68,14,37,17,Paracetamol,Azithromycin,Vitamin C,848,43.34,1
2024-12-26,1092,Costa PLC Hospital,East Coreyborough,South Carolina,1,2,473,46,329,561,225,42,115,25,ORS,Platelets,Paracetamol,946,58.65,1
2024-12-27,1097,Hale and Sons Hospital,South Jason,Idaho,1,2,283,65,190,248,109,24,76,43,ORS,Platelets,Paracetamol,1415,76.61,2
2024-12-28,1038,Clark Inc Hospital,East Martha,Minnesota,2,1,289,28,206,329,87,15,57,17,Paracetamol,Azithromycin,Vitamin C,1445,62.61,1
2024-12-29,1037,"Parker, Benson and Taylor Hospital",Clarkville,Mississippi,2,0,129,25,117,101,60,11,37,15,Paracetamol,Azithromycin,Vitamin C,387,115.84,0
2024-12-30,1074,Hill-Wheeler Hospital,Hardyview,Nevada,5,2,241,21,200,145,66,12,45,8,Ciprofloxacin,Azithromycin,ORS,723,137.93,0
2024-01-01,1034,"Zavala, Johnson and Juarez Hospital",Port Amberside,Missouri,5,2,115,26,103,332,49,11,22,12,Ciprofloxacin,Azithromycin,ORS,230,31.02,1
2024-01-02,1072,Hall Ltd Hospital,New Josephhaven,Ohio,3,2,122,29,107,350,56,6,18,12,Chloroquine,Artemisinin,Primaquine,366,30.57,1
2024-01-03,1070,Thompson-Rogers Hospital,Anthonyview,Minnesota,0,1,88,16,63,312,36,8,14,12,Remdesivir,Paracetamol,Oxygen Support,440,20.19,1
2024-01-04,1064,Alvarez Group Hospital,Lake Rodney,Virginia,0,1,134,22,87,332,51,10,30,15,Remdesivir,Paracetamol,Oxygen Support,268,26.2,1
2024-01-05,1098,"Simpson, Ochoa and Hodge Hospital",Catherineburgh,Indiana,1,0,390,60,306,154,131,22,85,46,ORS,Platelets,Paracetamol,780,198.7,0
2024-01-06,1003,Martin-Brown Hospital,Banksberg,California,0,1,216,51,163,499,100,20,36,28,Remdesivir,Paracetamol,Oxygen Support,1080,32.67,1
2024-01-07,1037,"Ramirez, Harris and Johnson Hospital",East Andrea,Indiana,5,1,459,78,378,186,146,35,84,58,Ciprofloxacin,Azithromycin,ORS,2295,203.23,0
2024-01-08,1013,Smith PLC Hospital,Mendozaville,Louisiana,5,0,191,40,155,360,51,21,43,30,Ciprofloxacin,Azithromycin,ORS,573,43.06,1
2024-01-09,1075,Williamson-Shaw Hospital,Abigailmouth,North Carolina,1,1,273,44,207,542,104,29,55,18,ORS,Platelets,Paracetamol,1092,38.19,1
2024-01-10,1012,Hutchinson-Caldwell Hospital,Stephenchester,Vermont,2,0,496,51,353,125,228,42,117,32,Paracetamol,Azithromycin,Vitamin C,2480,282.4,0
2024-01-11,1014,Walker-Reed Hospital,Lauraberg,New Mexico,1,1,113,10,75,330,40,12,17,3,ORS,Platelets,Paracetamol,226,22.73,1
2024-01-12,1078,"Johnson, Meyer and Hawkins Hospital",Lake Edward,Maryland,2,1,451,87,342,442,224,44,129,38,Paracetamol,Azithromycin,Vitamin C,1804,77.38,2
2024-01-13,1003,Williams PLC Hospital,South Karen,Missouri,2,1,64,10,56,550,17,3,10,7,Paracetamol,Azithromycin,Vitamin C,256,10.18,1
2024-01-14,1090,Barnett Inc Hospital,Debraburgh,Wyoming,3,2,417,86,269,571,179,26,116,65,Chloroquine,Artemisinin,Primaquine,2085,47.11,1
2024-01-15,1051,Sullivan LLC Hospital,Josephport,Arizona,0,0,93,14,59,441,43,9,21,8,Remdesivir,Paracetamol,Oxygen Support,465,13.38,1
2024-01-16,1075,"Singleton, Palmer and Cook Hospital",Fuentesport,Rhode Island,3,2,465,63,385,406,136,26,76,26,Chloroquine,Artemisinin,Primaquine,1395,94.83,0
2024-01-17,1075,"Gonzalez, Wilson and Conway Hospital",Lake Laurenside,Pennsylvania,3,1,155,22,106,494,75,17,28,17,Chloroquine,Artemisinin,Primaquine,465,21.46,1
2024-01-18,1036,Mack-Garcia Hospital,South Robin,Arizona,1,0,375,32,306,426,184,35,68,23,ORS,Platelets,Paracetamol,750,71.83,2
2024-01-19,1025,Thompson Group Hospital,Port Adrianaburgh,New Jersey,0,1,302,30,241,358,104,20,57,9,Remdesivir,Paracetamol,Oxygen Support,604,67.32,2
2024-01-20,1000,Young and Sons Hospital,West Jessicafurt,Georgia,1,0,220,37,142,484,102,20,64,28,ORS,Platelets,Paracetamol,660,29.34,1
2024-01-21,1077,Valdez-Perry Hospital,Rachelstad,Vermont,5,2,164,19,140,378,74,18,41,7,Ciprofloxacin,Azithromycin,ORS,492,37.04,1
2024-01-22,1054,"Tucker, Bryan and Hoover Hospital",Rogersland,Mississippi,5,2,194,27,121,494,73,11,29,15,Ciprofloxacin,Azithromycin,ORS,388,24.49,1
2024-01-23,1017,Sullivan-Clark Hospital,North Jennifershire,Wyoming,4,2,401,67,348,322,93,40,60,43,Amoxicillin,Azithromycin,Cough Syrup,802,108.07,0
2024-01-24,1074,Beck-Taylor Hospital,East Michael,Wyoming,0,1,189,39,149,370,50,21,47,28,Remdesivir,Paracetamol,Oxygen Support,756,40.27,1
2024-01-25,1049,Sanders Inc Hospital,Port Jennifer,Illinois,4,2,394,72,241,106,167,32,111,21,Amoxicillin,Azithromycin,Cough Syrup,1576,227.36,0
2024-01-26,1085,Obrien LLC Hospital,Bennettstad,Wisconsin,5,1,432,92,384,416,124,33,92,65,Ciprofloxacin,Azithromycin,ORS,864,92.31,0
2024-01-27,1017,Walker-Beasley Hospital,Lake Krystal,South Carolina,0,0,297,29,281,405,76,22,58,15,Remdesivir,Paracetamol,Oxygen Support,1188,69.38,2
2024-01-28,1049,Allen LLC Hospital,Greenstad,Iowa,1,2,283,43,174,544,119,19,58,32,ORS,Platelets,Paracetamol,1415,31.99,1
2024-01-29,1029,Rogers PLC Hospital,East Melissahaven,Hawaii,0,0,177,16,116,494,74,9,28,4,Remdesivir,Paracetamol,Oxygen Support,885,23.48,1
2024-01-30,1028,Whitney-Gonzales Hospital,Davidtown,Michigan,2,2,444,43,402,275,95,48,89,14,Paracetamol,Azithromycin,Vitamin C,1332,146.18,0
2024-01-31,1070,Miller Group Hospital,Greenport,Pennsylvania,1,0,388,53,361,468,155,30,84,31,ORS,Platelets,Paracetamol,776,77.14,2
2024-02-01,1016,Wallace and Sons Hospital,West Robert,Alabama,5,0,312,59,240,255,80,16,85,32,Ciprofloxacin,Azithromycin,ORS,1560,94.12,0
2024-02-02,1022,Ramirez-Carter Hospital,East Robertport,Nebraska,3,1,380,44,332,342,120,31,94,30,Chloroquine,Artemisinin,Primaquine,1900,97.08,0
2024-02-03,1039,Waters and Sons Hospital,Arnoldton,Pennsylvania,1,1,172,13,120,235,79,11,27,6,ORS,Platelets,Paracetamol,516,51.06,1
2024-02-04,1010,Trujillo and Sons Hospital,West Daniel,Maine,0,2,226,43,184,305,109,19,62,13,Remdesivir,Paracetamol,Oxygen Support,1130,60.33,1
2024-02-05,1027,"Stone, Davila and Parker Hospital",South Peterside,Minnesota,2,0,246,41,168,103,110,23,66,15,Paracetamol,Azithromycin,Vitamin C,492,163.11,0
2024-02-06,1016,Stevens and Sons Hospital,Gravesfurt,Louisiana,1,1,268,25,239,325,104,17,76,11,ORS,Platelets,Paracetamol,1072,73.54,2
2024-02-07,1031,Green LLC Hospital,Griffinborough,West Virginia,0,2,102,24,75,243,35,10,22,9,Remdesivir,Paracetamol,Oxygen Support,510,30.86,1
2024-02-08,1055,Wiggins-Kelly Hospital,South Victoria,Kentucky,0,0,321,49,220,530,134,29,89,27,Remdesivir,Paracetamol,Oxygen Support,642,41.51,1
2024-02-09,1048,Williams-Kim Hospital,New Hunter,Minnesota,1,2,374,64,336,166,147,24,72,38,ORS,Platelets,Paracetamol,1870,202.41,0
2024-02-10,1057,Brooks-Gutierrez Hospital,North Thomas,California,3,0,185,25,146,570,62,19,48,13,Chloroquine,Artemisinin,Primaquine,555,25.61,1
2024-02-11,1069,"Keith, Green and Evans Hospital",Pamelaview,Oregon,2,1,448,67,384,442,213,24,94,28,Paracetamol,Azithromycin,Vitamin C,1344,86.88,0
2024-02-12,1080,Warren Inc Hospital,North Mary,Texas,3,1,71,15,44,276,19,5,12,6,Chloroquine,Artemisinin,Primaquine,284,15.94,1
2024-02-13,1084,Moore-Marquez Hospital,Port Robert,Arkansas,1,0,414,38,265,588,83,49,66,24,ORS,Platelets,Paracetamol,2070,45.07,1
2024-02-14,1008,"Hodge, Sawyer and Baker Hospital",Justintown,Montana,1,1,154,13,127,549,75,11,44,8,ORS,Platelets,Paracetamol,616,23.13,1
2024-02-15,1094,Whitaker-Holloway Hospital,Juliemouth,Delaware,0,2,467,90,293,484,108,46,124,40,Remdesivir,Paracetamol,Oxygen Support,1401,60.54,1
2024-02-16,1054,"Gonzalez, Lam and Rios Hospital",Perezchester,Washington,1,2,65,14,40,252,16,6,11,10,ORS,Platelets,Paracetamol,325,15.87,1
2024-02-17,1047,Cochran-Rowe Hospital,Port Randybury,Minnesota,4,1,446,68,388,467,201,30,96,46,Amoxicillin,Azithromycin,Cough Syrup,892,83.08,2
2024-02-18,1052,"Miller, Mcbride and Harrison Hospital",East Georgetown,Idaho,0,2,371,77,251,119,166,21,95,28,Remdesivir,Paracetamol,Oxygen Support,742,210.92,0
2024-02-19,1026,Morrow-Gonzales Hospital,Port Lawrence,Florida,2,0,107,11,99,271,51,8,16,7,Paracetamol,Azithromycin,Vitamin C,214,36.53,1
2024-02-20,1002,Andrade Group Hospital,East Stephaniebury,Vermont,5,1,114,11,99,305,26,11,28,8,Ciprofloxacin,Azithromycin,ORS,228,32.46,1
2024-02-21,1091,Thompson-Mann Hospital,New Traciefort,Vermont,2,0,162,18,139,158,65,13,25,14,Paracetamol,Azithromycin,Vitamin C,324,87.97,0
2024-02-22,1070,James LLC Hospital,Jamesstad,New York,2,2,399,80,314,596,192,32,96,32,Paracetamol,Azithromycin,Vitamin C,1197,52.68,1
2024-02-23,1042,Lopez Group Hospital,Hobbsview,Nebraska,5,2,160,14,145,380,34,13,33,5,Ciprofloxacin,Azithromycin,ORS,800,38.16,1
2024-02-24,1043,Lowe-Jordan Hospital,East Vincentport,South Carolina,4,0,141,14,103,531,38,14,38,5,Amoxicillin,Azithromycin,Cough Syrup,564,19.4,1
2024-02-25,1076,Martinez LLC Hospital,Port Samanthafort,Kentucky,2,2,240,23,180,100,65,16,68,7,Paracetamol,Azithromycin,Vitamin C,960,180.0,0
2024-02-26,1004,Dunlap-Watts Hospital,Smithmouth,Ohio,5,2,235,39,163,242,107,25,48,29,Ciprofloxacin,Azithromycin,ORS,940,67.36,2
2024-02-27,1005,"Jensen, Phillips and Price Hospital",Davidsonport,Connecticut,3,0,210,45,154,393,65,11,42,19,Chloroquine,Artemisinin,Primaquine,420,39.19,1
2024-02-28,1066,Hull-Austin Hospital,East Valeriefort,Nebraska,4,1,364,69,264,239,99,21,85,23,Amoxicillin,Azithromycin,Cough Syrup,728,110.46,0
2024-02-29,1005,Johnson Group Hospital,Stevenberg,Rhode Island,4,0,258,39,220,150,100,25,39,29,Amoxicillin,Azithromycin,Cough Syrup,774,146.67,0
2024-03-01,1041,"Baker, White and Lopez Hospital",West Kaitlyn,Connecticut,5,0,218,28,191,354,56,24,53,14,Ciprofloxacin,Azithromycin,ORS,1090,53.95,1
2024-03-02,1092,Robinson PLC Hospital,West Jamesburgh,Mississippi,2,0,161,19,136,274,32,15,37,6,Paracetamol,Azithromycin,Vitamin C,644,49.64,1
2024-03-03,1074,Jensen-Reyes Hospital,East Selena,North Carolina,2,2,211,41,173,397,70,14,32,21,Paracetamol,Azithromycin,Vitamin C,633,43.58,1
2024-03-04,1066,"Campbell, Graham and Williams Hospital",Salazarbury,Iowa,4,2,280,43,212,414,109,19,45,16,Amoxicillin,Azithromycin,Cough Syrup,840,51.21,1
2024-03-05,1000,Stewart PLC Hospital,North Marthaland,Kentucky,1,2,180,19,126,256,79,11,29,9,ORS,Platelets,Paracetamol,360,49.22,1
2024-03-06,1053,Williams-Carter Hospital,Port Beckyfort,Arkansas,2,0,53,9,35,236,13,6,10,4,Paracetamol,Azithromycin,Vitamin C,106,14.83,1
2024-03-07,1013,Clark-Richards Hospital,Port Victor,New Mexico,2,1,61,9,56,160,21,3,16,6,Paracetamol,Azithromycin,Vitamin C,183,35.0,1
2024-03-08,1042,Gross-Myers Hospital,Port Philip,Missouri,2,1,348,57,328,263,165,26,88,29,Paracetamol,Azithromycin,Vitamin C,696,124.71,0
2024-03-09,1029,"Gillespie, Garza and James Hospital",Maldonadofort,Illinois,2,0,482,65,380,562,230,35,116,32,Paracetamol,Azithromycin,Vitamin C,1446,67.62,2
2024-03-10,1053,Smith-Harrington Hospital,West Cynthiachester,West Virginia,5,1,216,53,132,552,87,24,44,24,Ciprofloxacin,Azithromycin,ORS,432,23.91,1
2024-03-11,1051,Nelson Inc Hospital,Chungside,Minnesota,2,0,309,37,246,465,74,21,79,19,Paracetamol,Azithromycin,Vitamin C,1236,52.9,1
2024-03-12,1059,Myers Ltd Hospital,West Stephanie,Alabama,0,2,112,17,92,163,49,10,27,5,Remdesivir,Paracetamol,Oxygen Support,336,56.44,1
2024-03-13,1017,"Rogers, Hicks and Burnett Hospital",New Ashley,Oklahoma,0,0,202,29,154,502,58,24,59,19,Remdesivir,Paracetamol,Oxygen Support,808,30.68,1
2024-03-14,1089,Ball-Rivera Hospital,West Tony,Hawaii,2,2,308,32,265,590,70,35,77,15,Paracetamol,Azithromycin,Vitamin C,924,44.92,1
2024-03-15,1018,"Smith, Mccormick and Braun Hospital",Brittanystad,Alabama,3,2,59,14,47,508,17,3,12,6,Chloroquine,Artemisinin,Primaquine,177,9.25,1
2024-03-16,1083,"Craig, Cardenas and Larsen Hospital",Kathleenfurt,South Carolina,0,2,388,51,245,550,80,28,90,24,Remdesivir,Paracetamol,Oxygen Support,1164,44.55,1
2024-03-17,1045,Smith LLC Hospital,East Dianebury,Indiana,5,1,154,27,142,218,40,7,43,13,Ciprofloxacin,Azithromycin,ORS,462,65.14,2
2024-03-18,1065,Mason Ltd Hospital,New Danny,Georgia,4,1,357,29,274,439,124,35,65,21,Amoxicillin,Azithromycin,Cough Syrup,1071,62.41,1
2024-03-19,1091,Bowman-Walker Hospital,Sandramouth,Connecticut,3,2,171,32,155,408,60,11,29,19,Chloroquine,Artemisinin,Primaquine,855,37.99,1
2024-03-20,1049,Carpenter Inc Hospital,Obrienville,Iowa,1,2,410,53,366,213,140,44,122,21,ORS,Platelets,Paracetamol,1640,171.83,0
2024-03-21,1067,Guerrero-Pratt Hospital,Donnaport,New York,4,2,114,27,97,402,48,13,33,14,Amoxicillin,Azithromycin,Cough Syrup,570,24.13,1
2024-03-22,1032,"Smith, Benson and Johnson Hospital",West Jessicaborough,Washington,5,2,183,41,151,578,89,21,41,14,Ciprofloxacin,Azithromycin,ORS,732,26.12,1
2024-03-23,1051,"Conway, Rodriguez and Tanner Hospital",Port Tarachester,Indiana,5,2,101,11,66,401,21,11,28,7,Ciprofloxacin,Azithromycin,ORS,505,16.46,1
2024-03-24,1004,Warren-Burns Hospital,Port Jordanstad,Maryland,0,0,188,22,113,428,77,18,38,10,Remdesivir,Paracetamol,Oxygen Support,752,26.4,1
2024-03-25,1074,Thomas-Baldwin Hospital,East Beckyton,Arizona,4,1,170,38,136,224,54,14,27,24,Amoxicillin,Azithromycin,Cough Syrup,680,60.71,1
2024-03-26,1003,Tucker and Sons Hospital,New Nicholaston,Wisconsin,0,1,353,61,285,104,72,22,72,35,Remdesivir,Paracetamol,Oxygen Support,1059,274.04,0
2024-03-27,1068,Lee Inc Hospital,Masseyburgh,Hawaii,5,1,391,43,369,389,120,27,112,14,Ciprofloxacin,Azithromycin,ORS,1564,94.86,0
2024-03-28,1096,Hamilton-Johnson Hospital,Tuckerburgh,Hawaii,2,0,90,16,74,137,29,8,21,10,Paracetamol,Azithromycin,Vitamin C,270,54.01,1
2024-03-29,1083,"Davis, Reynolds and Hernandez Hospital",North Cristianborough,North Dakota,4,2,88,7,75,421,42,4,25,5,Amoxicillin,Azithromycin,Cough Syrup,440,17.81,1
2024-03-30,1047,Kelley-Evans Hospital,Jonathanfurt,Utah,2,0,433,68,321,371,125,51,118,41,Paracetamol,Azithromycin,Vitamin C,2165,86.52,0
2024-03-31,1031,Scott Group Hospital,North Victorville,Arizona,3,0,470,66,371,307,193,45,113,49,Chloroquine,Artemisinin,Primaquine,1410,120.85,0
2024-04-01,1075,Fuentes Group Hospital,South Gabriel,Montana,0,2,180,33,169,150,44,20,53,14,Remdesivir,Paracetamol,Oxygen Support,360,112.67,0
2024-04-02,1016,Howard-Horton Hospital,Johnfurt,Utah,1,1,316,32,265,585,75,34,53,22,ORS,Platelets,Paracetamol,948,45.3,1
2024-04-03,1040,Simmons-Sanchez Hospital,Leefort,Maryland,3,0,431,57,346,374,117,27,103,39,Chloroquine,Artemisinin,Primaquine,1293,92.51,0
2024-04-04,1017,"Gordon, Moreno and Lyons Hospital",North Jacob,Indiana,1,1,293,58,197,411,80,20,49,24,ORS,Platelets,Paracetamol,1465,47.93,1
2024-04-05,1059,Huynh-Gonzalez Hospital,New Kathryn,Arkansas,0,1,329,28,266,335,105,36,55,9,Remdesivir,Paracetamol,Oxygen Support,1316,79.4,2
2024-04-06,1007,Williamson-Hoffman Hospital,West Ryanfurt,New York,1,1,67,5,42,246,31,7,11,1,ORS,Platelets,Paracetamol,335,17.07,1
2024-04-07,1080,"Fernandez, Reed and Simpson Hospital",Donaldchester,Arizona,1,0,449,81,360,119,106,53,111,27,ORS,Platelets,Paracetamol,898,302.52,0
2024-04-08,1002,Jimenez-Johnson Hospital,Deannaland,Connecticut,1,2,140,34,97,438,30,15,29,14,ORS,Platelets,Paracetamol,280,22.15,1
2024-04-09,1047,Rodriguez LLC Hospital,South Terri,North Carolina,0,2,359,50,334,425,113,32,79,31,Remdesivir,Paracetamol,Oxygen Support,1077,78.59,2
2024-04-10,1032,Allison-Barr Hospital,Rhondahaven,North Dakota,1,2,358,81,323,146,110,28,70,28,ORS,Platelets,Paracetamol,716,221.23,0
2024-04-11,1096,Li-Sanders Hospital,Port Meganview,South Carolina,4,0,228,39,171,595,91,11,42,20,Amoxicillin,Azithromycin,Cough Syrup,684,28.74,1
2024-04-12,1040,"Hill, Williamson and Evans Hospital",Riceland,Kentucky,2,0,86,20,53,322,24,6,17,8,Paracetamol,Azithromycin,Vitamin C,258,16.46,1
2024-04-13,1057,Norris-Ramsey Hospital,Davidtown,South Dakota,3,0,494,104,455,279,133,28,129,38,Chloroquine,Artemisinin,Primaquine,2470,163.08,0
2024-04-14,1055,"Rogers, Dixon and Richards Hospital",Thompsonbury,Arizona,0,2,137,11,99,413,43,7,22,5,Remdesivir,Paracetamol,Oxygen Support,411,23.97,1
2024-04-15,1016,Walker-Davis Hospital,Woodsshire,Idaho,3,1,221,37,166,577,44,11,50,18,Chloroquine,Artemisinin,Primaquine,1105,28.77,1
2024-04-16,1061,Guzman Ltd Hospital,Port Angela,West Virginia,5,1,389,55,245,318,122,29,69,23,Ciprofloxacin,Azithromycin,ORS,778,77.04,2
2024-04-17,1016,Zavala LLC Hospital,Port Bethborough,Minnesota,1,2,207,21,125,113,82,15,48,14,ORS,Platelets,Paracetamol,414,110.62,0
2024-04-18,1031,"Thomas, Reilly and Lynch Hospital",South Barryfort,Indiana,3,0,109,24,65,325,43,6,18,10,Chloroquine,Artemisinin,Primaquine,545,20.0,1
2024-04-19,1097,Ellis PLC Hospital,North Nicoletown,Arizona,4,2,431,60,352,165,146,46,128,23,Amoxicillin,Azithromycin,Cough Syrup,1293,213.33,0
2024-04-20,1048,Brown LLC Hospital,New Erin,Oregon,3,2,57,9,48,278,22,5,11,4,Chloroquine,Artemisinin,Primaquine,114,17.27,1
2024-04-21,1057,Vance Inc Hospital,Veronicaport,Iowa,2,1,331,37,296,301,161,39,95,29,Paracetamol,Azithromycin,Vitamin C,662,98.34,0
2024-04-22,1025,"Andrews, Miller and Allison Hospital",West Thomas,Nebraska,4,0,78,13,56,571,21,7,19,6,Amoxicillin,Azithromycin,Cough Syrup,234,9.81,1
2024-04-23,1062,Cline Group Hospital,South Susan,Utah,5,0,66,13,51,449,22,3,10,7,Ciprofloxacin,Azithromycin,ORS,198,11.36,1
2024-04-24,1065,"Rocha, Lowe and Roy Hospital",Michaelland,Hawaii,5,2,363,58,332,524,168,28,68,36,Ciprofloxacin,Azithromycin,ORS,1815,63.36,1
2024-04-25,1062,"Sutton, Miles and Kennedy Hospital",Lauriebury,Maine,3,0,255,26,183,336,81,24,44,19,Chloroquine,Artemisinin,Primaquine,510,54.46,1
2024-04-26,1045,Blake Inc Hospital,Port Vincent,Massachusetts,3,0,165,17,137,189,79,13,40,5,Chloroquine,Artemisinin,Primaquine,825,72.49,2
2024-04-27,1083,"Mcdowell, Cuevas and Johnson Hospital",South Danielview,New Mexico,3,1,74,14,58,513,29,4,15,7,Chloroquine,Artemisinin,Primaquine,222,11.31,1
2024-04-28,1014,Johnson Group Hospital,Chadview,Idaho,2,2,245,58,183,296,93,24,40,39,Paracetamol,Azithromycin,Vitamin C,490,61.82,1
2024-04-29,1081,Bailey-Davis Hospital,Angelborough,New York,1,2,342,54,274,492,157,35,56,28,ORS,Platelets,Paracetamol,1026,55.69,1
2024-04-30,1017,Bryan-Rivera Hospital,Cannonchester,Oklahoma,0,2,271,32,247,334,95,16,52,16,Remdesivir,Paracetamol,Oxygen Support,542,73.95,2
2024-05-01,1013,Rubio-Hoffman Hospital,East Rhonda,Pennsylvania,0,1,353,72,230,337,148,31,90,36,Remdesivir,Paracetamol,Oxygen Support,1765,68.25,2
2024-05-02,1026,Zimmerman-Diaz Hospital,Haynesberg,Tennessee,2,2,200,22,153,349,72,21,42,8,Paracetamol,Azithromycin,Vitamin C,800,43.84,1
2024-05-03,1087,Grant LLC Hospital,Vasquezport,Indiana,3,1,278,63,167,438,132,28,67,38,Chloroquine,Artemisinin,Primaquine,556,38.13,1
2024-05-04,1068,"Lucas, Powers and Brady Hospital",North Loriton,South Dakota,3,0,164,33,122,272,80,8,25,20,Chloroquine,Artemisinin,Primaquine,820,44.85,1
2024-05-05,1068,Barber PLC Hospital,Colemanborough,New Hampshire,1,0,124,24,93,322,41,14,27,14,ORS,Platelets,Paracetamol,248,28.88,1
2024-05-06,1093,Mclaughlin-Horn Hospital,South Edward,New Mexico,4,2,308,66,227,428,93,32,69,23,Amoxicillin,Azithromycin,Cough Syrup,924,53.04,1
2024-05-07,1096,"Williams, Levy and Hammond Hospital",North Robertport,Vermont,2,0,431,40,386,119,191,40,109,27,Paracetamol,Azithromycin,Vitamin C,2155,324.37,0
2024-05-08,1094,"Clayton, Perry and Brown Hospital",Longfurt,New Mexico,2,0,100,18,84,179,20,6,19,13,Paracetamol,Azithromycin,Vitamin C,200,46.93,1
2024-05-09,1035,"Jefferson, Smith and Sampson Hospital",East Kimberly,California,1,1,54,12,49,422,16,4,11,6,ORS,Platelets,Paracetamol,216,11.61,1
2024-05-10,1066,"Armstrong, Chambers and Hernandez Hospital",Gomezmouth,Illinois,1,1,208,39,195,219,61,11,46,15,ORS,Platelets,Paracetamol,416,89.04,0
2024-05-11,1076,"Brown, Williams and Brown Hospital",Collinshaven,Massachusetts,5,0,290,35,266,261,119,25,75,27,Ciprofloxacin,Azithromycin,ORS,580,101.92,0
2024-05-12,1005,Burton-Phillips Hospital,Port Larry,Tennessee,5,2,341,47,277,393,120,22,59,29,Ciprofloxacin,Azithromycin,ORS,1364,70.48,2
2024-05-13,1091,Bowen PLC Hospital,East Frankport,Rhode Island,5,2,362,54,317,252,124,23,85,32,Ciprofloxacin,Azithromycin,ORS,1448,125.79,0
2024-05-14,1002,Jordan-Herman Hospital,East Ronald,Oklahoma,0,2,176,21,149,226,68,10,37,10,Remdesivir,Paracetamol,Oxygen Support,704,65.93,2
2024-05-15,1048,King-Smith Hospital,West Briantown,Missouri,3,1,231,29,194,218,76,24,62,21,Chloroquine,Artemisinin,Primaquine,693,88.99,0
2024-05-16,1027,"Lee, Poole and York Hospital",Sullivanshire,New Jersey,0,1,371,42,284,488,111,36,104,22,Remdesivir,Paracetamol,Oxygen Support,1113,58.2,1
2024-05-17,1056,Fuentes Inc Hospital,North Ashley,Washington,3,1,58,6,43,248,24,5,13,3,Chloroquine,Artemisinin,Primaquine,116,17.34,1
2024-05-18,1011,"Austin, Jones and Green Hospital",South Sarafurt,Virginia,0,0,313,29,296,118,91,20,50,9,Remdesivir,Paracetamol,Oxygen Support,1252,250.85,0
2024-05-19,1038,Drake-Murray Hospital,East Patriciamouth,Illinois,1,0,266,35,234,281,107,18,71,18,ORS,Platelets,Paracetamol,1064,83.27,2
2024-05-20,1000,Murray-Sullivan Hospital,Blevinsland,Texas,2,0,450,108,384,582,214,48,84,46,Paracetamol,Azithromycin,Vitamin C,900,65.98,2
2024-05-21,1033,Hardin Group Hospital,West Lisaburgh,Vermont,4,2,309,65,243,335,73,26,67,29,Amoxicillin,Azithromycin,Cough Syrup,1236,72.54,2
2024-05-22,1040,Maldonado and Sons Hospital,North Wesley,Nebraska,0,0,135,21,90,239,44,15,21,12,Remdesivir,Paracetamol,Oxygen Support,405,37.66,1
2024-05-23,1092,Walker-Williams Hospital,Wesleybury,Kentucky,4,1,395,54,276,304,85,19,66,31,Amoxicillin,Azithromycin,Cough Syrup,1185,90.79,0
2024-05-24,1082,"Gonzalez, Baker and Webb Hospital",Keithside,Michigan,1,2,409,82,349,257,99,47,95,39,ORS,Platelets,Paracetamol,1636,135.8,0
2024-05-25,1052,Johnson Ltd Hospital,New Cassandrahaven,Maryland,1,1,277,23,198,142,64,33,75,15,ORS,Platelets,Paracetamol,831,139.44,0
2024-05-26,1065,Mueller-Moran Hospital,Ramoschester,Arkansas,2,2,453,101,418,102,99,46,115,76,Paracetamol,Azithromycin,Vitamin C,2265,409.8,0
2024-05-27,1044,Case and Sons Hospital,New Michelleville,Wisconsin,5,1,391,87,318,226,117,25,66,28,Ciprofloxacin,Azithromycin,ORS,1564,140.71,0
2024-05-28,1091,"Howard, Cook and Howard Hospital",East Robinton,New Mexico,4,1,431,77,335,517,95,31,101,29,Amoxicillin,Azithromycin,Cough Syrup,1293,64.8,1
2024-05-29,1000,French PLC Hospital,Sandramouth,Tennessee,4,0,76,16,66,210,30,5,14,12,Amoxicillin,Azithromycin,Cough Syrup,152,31.43,1
2024-05-30,1078,Vazquez Group Hospital,Haynesberg,Missouri,3,1,281,61,204,240,110,31,70,48,Chloroquine,Artemisinin,Primaquine,1405,85.0,2
2024-05-31,1054,Hughes LLC Hospital,East Kathy,California,3,2,449,46,412,466,130,47,93,34,Chloroquine,Artemisinin,Primaquine,2245,88.41,0
2024-06-01,1012,"Alvarez, Porter and Jackson Hospital",Port Claudia,Missouri,4,2,370,54,324,256,132,28,60,21,Amoxicillin,Azithromycin,Cough Syrup,1110,126.56,0
2024-06-02,1094,Schneider PLC Hospital,New Lisamouth,Rhode Island,3,2,249,47,208,309,69,14,67,26,Chloroquine,Artemisinin,Primaquine,1245,67.31,2
2024-06-03,1005,Eaton-Russell Hospital,Rowlandport,Massachusetts,0,0,160,19,136,412,71,19,38,11,Remdesivir,Paracetamol,Oxygen Support,640,33.01,1
2024-06-04,1087,"Phillips, Koch and Pope Hospital",Millerside,Utah,0,1,349,66,287,530,88,27,83,22,Remdesivir,Paracetamol,Oxygen Support,1396,54.15,1
2024-06-05,1026,Weber-Morgan Hospital,North Jodi,Idaho,3,0,216,22,129,521,56,22,49,16,Chloroquine,Artemisinin,Primaquine,648,24.76,1
2024-06-06,1034,Smith LLC Hospital,Bradfordburgh,Missouri,5,2,317,25,258,188,82,35,67,16,Ciprofloxacin,Azithromycin,ORS,1585,137.23,0
2024-06-07,1038,Jones Inc Hospital,Rachelland,Indiana,4,2,493,66,447,105,183,26,120,40,Amoxicillin,Azithromycin,Cough Syrup,2465,425.71,0
2024-06-08,1002,Schmitt Inc Hospital,Coreymouth,New Jersey,3,0,128,25,119,292,31,15,27,12,Chloroquine,Artemisinin,Primaquine,256,40.75,1
2024-06-09,1066,Ball-Cochran Hospital,Lake Johnstad,Idaho,2,0,380,40,236,569,159,39,76,31,Paracetamol,Azithromycin,Vitamin C,1900,41.48,1
2024-06-10,1052,Robinson-Le Hospital,Santiagoshire,Georgia,0,2,241,36,208,327,66,14,38,25,Remdesivir,Paracetamol,Oxygen Support,964,63.61,1
2024-06-11,1059,Kim-Zhang Hospital,Wardstad,Georgia,5,0,344,46,318,298,146,36,81,28,Ciprofloxacin,Azithromycin,ORS,1720,106.71,0
2024-06-12,1016,Garcia-Lyons Hospital,Lake Edwardview,Vermont,0,1,453,57,323,404,203,24,71,37,Remdesivir,Paracetamol,Oxygen Support,1359,79.95,2
2024-06-13,1059,"Graves, Anderson and Morris Hospital",Dannybury,Minnesota,4,2,281,46,242,178,122,14,73,22,Amoxicillin,Azithromycin,Cough Syrup,1124,135.96,0
2024-06-14,1013,Taylor-Johnson Hospital,Hesston,Hawaii,5,2,162,18,108,251,58,10,37,11,Ciprofloxacin,Azithromycin,ORS,648,43.03,1
2024-06-15,1041,"Lyons, Fitzpatrick and Moore Hospital",Lopezburgh,Washington,1,2,338,39,255,127,161,22,65,16,ORS,Platelets,Paracetamol,676,200.79,0
2024-06-16,1049,Prince Inc Hospital,Port Brian,Washington,5,0,495,109,332,164,161,40,124,75,Ciprofloxacin,Azithromycin,ORS,1980,202.44,0
2024-06-17,1033,Aguilar Inc Hospital,Christophertown,South Carolina,2,0,356,29,239,103,123,28,63,14,Paracetamol,Azithromycin,Vitamin C,1068,232.04,0
2024-06-18,1012,Quinn Ltd Hospital,Tylerside,Ohio,1,0,253,45,201,373,111,12,43,34,ORS,Platelets,Paracetamol,759,53.89,1
2024-06-19,1024,Walker-Rogers Hospital,North Joanside,Rhode Island,1,2,192,27,139,478,42,12,34,19,ORS,Platelets,Paracetamol,576,29.08,1
2024-06-20,1039,Dixon-Ramirez Hospital,South Scott,Oklahoma,3,1,130,15,105,132,28,9,24,11,Chloroquine,Artemisinin,Primaquine,520,79.55,2
2024-06-21,1033,Robertson-Hill Hospital,Reesefort,Iowa,4,0,284,42,268,504,141,29,67,18,Amoxicillin,Azithromycin,Cough Syrup,568,53.17,1
2024-06-22,1011,Sparks-Anderson Hospital,North Travisshire,South Dakota,0,1,184,32,158,460,43,13,34,15,Remdesivir,Paracetamol,Oxygen Support,920,34.35,1
2024-06-23,1099,Frazier Ltd Hospital,Port Joshua,Michigan,0,0,261,26,217,154,95,30,53,12,Remdesivir,Paracetamol,Oxygen Support,783,140.91,0
2024-06-24,1000,"Jackson, Steele and Walker Hospital",Donovanfort,South Dakota,2,2,263,64,193,452,60,13,49,45,Paracetamol,Azithromycin,Vitamin C,1052,42.7,1
2024-06-25,1041,"Johnson, Maxwell and Johnson Hospital",Murrayport,Massachusetts,4,1,50,10,45,564,13,5,8,4,Amoxicillin,Azithromycin,Cough Syrup,250,7.98,1
2024-06-26,1078,Martin PLC Hospital,Gregoryside,West Virginia,5,1,62,7,56,318,22,4,16,4,Ciprofloxacin,Azithromycin,ORS,310,17.61,1
2024-06-27,1027,"Beck, Martin and Short Hospital",Lake Tammyside,South Dakota,2,0,397,85,282,268,122,28,71,61,Paracetamol,Azithromycin,Vitamin C,1191,105.22,0
2024-06-28,1034,"Farmer, Martinez and Shepard Hospital",Clarkport,Tennessee,1,1,121,29,113,524,33,13,25,16,ORS,Platelets,Paracetamol,242,21.56,1
2024-06-29,1083,Lamb-Henry Hospital,North Cynthia,Kentucky,2,2,421,90,275,349,106,30,91,59,Paracetamol,Azithromycin,Vitamin C,842,78.8,2
2024-06-30,1021,"Romero, Duncan and Davidson Hospital",South Robertport,Oregon,2,0,407,51,283,203,122,39,69,25,Paracetamol,Azithromycin,Vitamin C,2035,139.41,0
2024-07-01,1058,Haley-Curry Hospital,Port Pamelamouth,Georgia,2,1,483,118,348,544,128,24,101,50,Paracetamol,Azithromycin,Vitamin C,1449,63.97,1
2024-07-02,1068,"Hodges, Keller and Henry Hospital",West Kimberlyton,Michigan,5,0,298,57,273,420,98,31,78,17,Ciprofloxacin,Azithromycin,ORS,1490,65.0,1
2024-07-03,1076,Cox LLC Hospital,East Bonnie,Pennsylvania,2,1,190,35,180,308,66,22,48,23,Paracetamol,Azithromycin,Vitamin C,950,58.44,1
2024-07-04,1037,Koch Group Hospital,Sarahfurt,Washington,0,1,179,30,157,145,73,20,53,11,Remdesivir,Paracetamol,Oxygen Support,895,108.28,0
2024-07-05,1023,Jones Ltd Hospital,Salazarfort,Tennessee,4,0,452,51,384,582,101,23,119,31,Amoxicillin,Azithromycin,Cough Syrup,2260,65.98,2
2024-07-06,1039,"Velasquez, Gill and Thompson Hospital",Michealburgh,Connecticut,5,1,413,56,262,235,122,46,97,34,Ciprofloxacin,Azithromycin,ORS,1239,111.49,0
2024-07-07,1066,May Group Hospital,Thompsonbury,Ohio,1,1,131,13,87,522,26,7,20,8,ORS,Platelets,Paracetamol,393,16.67,1
2024-07-08,1001,Hurley-Lee Hospital,Riveratown,Minnesota,1,2,471,100,323,306,102,38,111,60,ORS,Platelets,Paracetamol,2355,105.56,0
2024-07-09,1087,Garza Group Hospital,Alisontown,North Carolina,2,0,303,52,271,513,111,15,65,18,Paracetamol,Azithromycin,Vitamin C,1515,52.83,1
2024-07-10,1063,Kelley-Burns Hospital,North Lauren,Wyoming,1,1,400,42,304,523,114,38,105,13,ORS,Platelets,Paracetamol,2000,58.13,1
2024-07-11,1050,"Adams, Carroll and Davis Hospital",Audreyshire,New Mexico,0,1,274,41,199,519,63,22,52,15,Remdesivir,Paracetamol,Oxygen Support,1370,38.34,1
2024-07-12,1030,Pierce-Hopkins Hospital,East Paul,Oklahoma,1,2,94,17,64,273,33,5,28,7,ORS,Platelets,Paracetamol,282,23.44,1
2024-07-13,1054,Steele-Waller Hospital,Muellerburgh,Montana,2,0,376,43,311,284,147,24,101,13,Paracetamol,Azithromycin,Vitamin C,752,109.51,0
2024-07-14,1038,Cantrell Inc Hospital,Kylemouth,Rhode Island,3,2,246,44,197,191,61,18,67,13,Chloroquine,Artemisinin,Primaquine,1230,103.14,0
2024-07-15,1061,Cherry-Ramirez Hospital,Port Jessica,Delaware,3,0,238,46,144,141,87,17,62,14,Chloroquine,Artemisinin,Primaquine,952,102.13,0
2024-07-16,1004,Henderson-Perez Hospital,East Bryan,New Mexico,4,2,301,36,197,544,80,31,60,25,Amoxicillin,Azithromycin,Cough Syrup,602,36.21,1
2024-07-17,1035,Davis LLC Hospital,North Michael,Virginia,4,2,166,24,130,498,55,13,41,8,Amoxicillin,Azithromycin,Cough Syrup,830,26.1,1
2024-07-18,1000,"Arellano, Odonnell and Garza Hospital",Shannonside,Kentucky,1,0,242,47,182,278,101,21,49,34,ORS,Platelets,Paracetamol,726,65.47,2
2024-07-19,1030,Mann and Sons Hospital,Foxtown,Kentucky,0,0,335,49,306,532,127,31,52,32,Remdesivir,Paracetamol,Oxygen Support,1005,57.52,1
2024-07-20,1082,"Brown, Hansen and Miles Hospital",East Brandonfort,Alabama,4,0,263,53,204,210,76,28,67,37,Amoxicillin,Azithromycin,Cough Syrup,1052,97.14,0
2024-07-21,1030,Miller-Melendez Hospital,Milesbury,Connecticut,1,1,325,37,270,533,114,24,91,24,ORS,Platelets,Paracetamol,1300,50.66,1
2024-07-22,1092,Brown-Olson Hospital,Sanchezstad,Arizona,5,1,498,116,393,161,208,37,94,52,Ciprofloxacin,Azithromycin,ORS,2490,244.1,0
2024-07-23,1092,"Ferguson, Cole and Ortiz Hospital",Port Johnshire,New York,3,1,187,16,116,560,78,17,48,10,Chloroquine,Artemisinin,Primaquine,561,20.71,1
2024-07-24,1100,Douglas-Bowman Hospital,Raytown,North Dakota,0,0,249,49,177,315,110,26,55,22,Remdesivir,Paracetamol,Oxygen Support,1245,56.19,1
2024-07-25,1034,"Lee, Bryan and Hayes Hospital",Callahanmouth,Idaho,0,0,448,39,300,185,113,46,130,22,Remdesivir,Paracetamol,Oxygen Support,896,162.16,0
2024-07-26,1083,Archer LLC Hospital,Laurabury,Hawaii,2,1,114,10,82,294,46,6,29,5,Paracetamol,Azithromycin,Vitamin C,570,27.89,1
2024-07-27,1054,Thompson-Gonzalez Hospital,South Robert,South Carolina,5,1,288,65,260,579,74,18,76,21,Ciprofloxacin,Azithromycin,ORS,576,44.91,1
2024-07-28,1005,Guerra-Jones Hospital,Greentown,Michigan,0,2,331,29,300,281,79,31,77,19,Remdesivir,Paracetamol,Oxygen Support,662,106.76,0
2024-07-29,1005,Williams PLC Hospital,Morganshire,South Carolina,5,0,455,113,289,521,94,46,105,37,Ciprofloxacin,Azithromycin,ORS,1820,55.47,1
2024-07-30,1035,"Nolan, Howard and Galvan Hospital",Johnborough,Colorado,2,2,468,65,436,429,116,27,128,21,Paracetamol,Azithromycin,Vitamin C,1872,101.63,0
2024-07-31,1047,Jones-Shelton Hospital,Wigginston,Georgia,4,0,210,38,127,191,63,22,36,13,Amoxicillin,Azithromycin,Cough Syrup,840,66.49,2
2024-08-01,1039,Lawrence LLC Hospital,Graychester,South Carolina,5,1,469,91,360,299,155,35,126,66,Ciprofloxacin,Azithromycin,ORS,1876,120.4,0
2024-08-02,1006,"Franco, Munoz and Alvarez Hospital",West Tiffanytown,Montana,5,2,107,21,86,523,40,7,20,9,Ciprofloxacin,Azithromycin,ORS,214,16.44,1
2024-08-03,1047,"Valentine, Campbell and Hernandez Hospital",Perrytown,Hawaii,4,1,343,30,211,230,92,28,77,23,Amoxicillin,Azithromycin,Cough Syrup,1715,91.74,0
2024-08-04,1018,"Paul, Underwood and Smith Hospital",South Denise,Idaho,3,0,123,28,75,141,34,7,27,18,Chloroquine,Artemisinin,Primaquine,246,53.19,1
2024-08-05,1050,Ward-Hess Hospital,Fisherton,New Mexico,5,0,211,41,163,143,93,23,46,30,Ciprofloxacin,Azithromycin,ORS,422,113.99,0
2024-08-06,1068,Johnson Inc Hospital,Antonioberg,Illinois,4,2,55,7,51,205,20,3,15,3,Amoxicillin,Azithromycin,Cough Syrup,275,24.88,1
2024-08-07,1099,"Perkins, Freeman and Weaver Hospital",Andrewstad,Tennessee,4,0,441,91,385,461,89,28,89,70,Amoxicillin,Azithromycin,Cough Syrup,2205,83.51,2
2024-08-08,1059,Weber-Eaton Hospital,South Theresaland,California,1,2,129,27,79,158,31,13,34,11,ORS,Platelets,Paracetamol,387,50.0,1
2024-08-09,1009,"Mccann, Brown and Rodriguez Hospital",New Brittanyberg,Nebraska,5,0,450,41,418,400,111,50,127,25,Ciprofloxacin,Azithromycin,ORS,900,104.5,0
2024-08-10,1046,Kennedy PLC Hospital,Michaelland,Alaska,4,1,299,31,237,284,120,32,74,23,Amoxicillin,Azithromycin,Cough Syrup,897,83.45,2
2024-08-11,1091,"Morris, Odom and Mendez Hospital",Port Christopherhaven,Pennsylvania,4,2,54,11,49,549,16,3,9,5,Amoxicillin,Azithromycin,Cough Syrup,216,8.93,1
2024-08-12,1060,"Hill, Armstrong and Alexander Hospital",Harristown,North Carolina,5,0,188,46,158,376,75,9,45,30,Ciprofloxacin,Azithromycin,ORS,376,42.02,1
2024-08-13,1069,Reyes-Middleton Hospital,New Pamela,Tennessee,2,1,198,35,148,486,83,23,54,15,Paracetamol,Azithromycin,Vitamin C,594,30.45,1
2024-08-14,1016,"Reese, Bridges and Jacobs Hospital",West Rachaeltown,Virginia,3,0,327,57,258,483,83,38,75,32,Chloroquine,Artemisinin,Primaquine,981,53.42,1
2024-08-15,1030,Hopkins-Mejia Hospital,West Christina,Florida,1,1,337,76,318,209,103,24,57,28,ORS,Platelets,Paracetamol,1685,152.15,0
2024-08-16,1026,Ryan and Sons Hospital,North Matthew,North Dakota,5,0,263,30,182,142,111,27,76,17,Ciprofloxacin,Azithromycin,ORS,1315,128.17,0
2024-08-17,1019,"Jones, Hahn and Smith Hospital",South Jason,Georgia,1,1,236,48,156,345,102,15,58,17,ORS,Platelets,Paracetamol,472,45.22,1
2024-08-18,1056,Bright Group Hospital,North Brandi,Arizona,1,2,186,31,121,175,55,12,43,22,ORS,Platelets,Paracetamol,558,69.14,2
2024-08-19,1083,Cowan Inc Hospital,East Samantha,Utah,2,1,468,71,293,247,187,52,134,28,Paracetamol,Azithromycin,Vitamin C,1872,118.62,0
2024-08-20,1000,"Garcia, Kane and Jones Hospital",Rachelbury,Ohio,1,1,330,36,273,306,143,37,93,19,ORS,Platelets,Paracetamol,1650,89.22,0
2024-08-21,1075,Smith LLC Hospital,Angelaville,Washington,3,2,385,50,245,541,155,36,107,35,Chloroquine,Artemisinin,Primaquine,770,45.29,1
2024-08-22,1075,Acevedo-Ford Hospital,West Austin,Texas,3,2,262,30,161,437,104,27,41,22,Chloroquine,Artemisinin,Primaquine,1310,36.84,1
2024-08-23,1065,Alexander Group Hospital,Lesliebury,New York,1,0,451,59,343,161,117,29,134,37,ORS,Platelets,Paracetamol,1353,213.04,0
2024-08-24,1086,Armstrong-Rodriguez Hospital,Lake Ruth,California,0,0,206,18,148,437,63,17,53,7,Remdesivir,Paracetamol,Oxygen Support,618,33.87,1
2024-08-25,1006,Rivera PLC Hospital,Lake Henryland,Nebraska,1,1,363,72,222,275,110,37,87,44,ORS,Platelets,Paracetamol,1089,80.73,2
2024-08-26,1036,Robinson Inc Hospital,Angelicaview,Florida,5,1,322,53,276,289,67,19,71,22,Ciprofloxacin,Azithromycin,ORS,966,95.5,0
2024-08-27,1027,"Nelson, Brooks and Thomas Hospital",New Wesley,Oklahoma,2,1,450,105,284,565,173,40,68,59,Paracetamol,Azithromycin,Vitamin C,1350,50.27,1
2024-08-28,1097,Stewart-Pace Hospital,Barryview,Oregon,4,0,339,59,273,480,138,40,55,44,Amoxicillin,Azithromycin,Cough Syrup,678,56.88,1
2024-08-29,1051,"Miller, Stewart and Martin Hospital",New Monique,Arizona,4,2,372,61,268,540,102,43,58,25,Amoxicillin,Azithromycin,Cough Syrup,744,49.63,1
2024-08-30,1063,"Mosley, Bell and Long Hospital",Kristinburgh,Nebraska,3,2,218,41,147,387,108,24,63,23,Chloroquine,Artemisinin,Primaquine,1090,37.98,1
2024-08-31,1018,Duncan-Smith Hospital,New Edward,Montana,5,1,249,44,201,317,92,20,44,30,Ciprofloxacin,Azithromycin,ORS,1245,63.41,1
2024-09-01,1026,"Smith, Sharp and Christensen Hospital",Port Bethanyburgh,West Virginia,3,1,472,61,318,418,96,37,141,18,Chloroquine,Artemisinin,Primaquine,1416,76.08,2
2024-09-02,1095,"Sellers, Lucas and Kerr Hospital",New Anthonyhaven,South Dakota,0,0,265,57,201,323,126,15,76,27,Remdesivir,Paracetamol,Oxygen Support,795,62.23,1
2024-09-03,1099,Roach PLC Hospital,East Sara,Illinois,2,1,294,45,274,362,70,25,77,35,Paracetamol,Azithromycin,Vitamin C,1176,75.69,2
2024-09-04,1016,"Black, Scott and Myers Hospital",Lake Peter,Maine,3,1,229,46,195,369,113,21,41,22,Chloroquine,Artemisinin,Primaquine,458,52.85,1
2024-09-05,1051,Baldwin-Beck Hospital,Smithbury,Wyoming,1,1,267,47,245,252,89,29,52,22,ORS,Platelets,Paracetamol,801,97.22,0
2024-09-06,1024,Krueger-Knapp Hospital,New Joseph,Montana,5,1,176,37,120,596,64,17,51,20,Ciprofloxacin,Azithromycin,ORS,528,20.13,1
2024-09-07,1039,"Fernandez, Lopez and Kelly Hospital",Amandachester,Massachusetts,2,2,499,99,442,363,149,42,90,56,Paracetamol,Azithromycin,Vitamin C,1497,121.76,0
2024-09-08,1062,Collins Ltd Hospital,Maryborough,Arkansas,0,2,491,102,416,495,184,25,100,67,Remdesivir,Paracetamol,Oxygen Support,1473,84.04,2
2024-09-09,1005,"Schroeder, Richards and Smith Hospital",Port Mitchell,South Carolina,5,1,468,88,390,411,130,33,98,61,Ciprofloxacin,Azithromycin,ORS,2340,94.89,0
2024-09-10,1029,Mason LLC Hospital,Christianburgh,Utah,0,1,73,14,44,112,19,6,18,7,Remdesivir,Paracetamol,Oxygen Support,146,39.29,1
2024-09-11,1085,"Hickman, Brown and Williams Hospital",Chadmouth,Minnesota,0,1,212,41,176,521,53,19,33,13,Remdesivir,Paracetamol,Oxygen Support,636,33.78,1
2024-09-12,1080,Horn Ltd Hospital,Mossview,New York,2,0,200,20,167,157,78,10,30,13,Paracetamol,Azithromycin,Vitamin C,400,106.37,0
2024-09-13,1016,"Sampson, Stevens and Mitchell Hospital",Lake Edwardshire,Indiana,4,2,121,19,103,179,60,6,25,9,Amoxicillin,Azithromycin,Cough Syrup,484,57.54,1
2024-09-14,1017,Brown Inc Hospital,Latashafort,Indiana,1,1,145,18,110,546,53,9,31,6,ORS,Platelets,Paracetamol,580,20.15,1
2024-09-15,1084,"Butler, Weiss and Sampson Hospital",Myersside,Colorado,0,0,151,35,116,249,67,8,41,11,Remdesivir,Paracetamol,Oxygen Support,453,46.59,1
2024-09-16,1030,"Herrera, Good and Shelton Hospital",Lake Josephside,Washington,3,1,272,42,190,360,54,21,71,29,Chloroquine,Artemisinin,Primaquine,1088,52.78,1
2024-09-17,1047,Dixon-Andrews Hospital,Vanessamouth,Washington,5,2,223,47,177,467,107,22,42,37,Ciprofloxacin,Azithromycin,ORS,669,37.9,1
2024-09-18,1037,Moore-Lewis Hospital,Port Michael,Oklahoma,4,1,224,49,177,327,62,21,46,35,Amoxicillin,Azithromycin,Cough Syrup,672,54.13,1
2024-09-19,1040,Rodriguez Inc Hospital,Grosstown,Maryland,2,0,313,32,244,313,136,17,64,19,Paracetamol,Azithromycin,Vitamin C,939,77.96,2
2024-09-20,1079,Frank LLC Hospital,Barreramouth,Maryland,2,0,199,34,166,385,43,17,41,26,Paracetamol,Azithromycin,Vitamin C,597,43.12,1
2024-09-21,1079,Blackwell-Torres Hospital,North Ashleyside,Tennessee,3,2,227,42,172,581,87,16,58,27,Chloroquine,Artemisinin,Primaquine,454,29.6,1
2024-09-22,1008,Wilson-Gonzalez Hospital,Lake Breanna,Alaska,5,1,241,48,220,400,77,24,49,37,Ciprofloxacin,Azithromycin,ORS,482,55.0,1
2024-09-23,1000,Stark Group Hospital,Michaelchester,Oklahoma,5,0,461,107,302,215,145,33,101,48,Ciprofloxacin,Azithromycin,ORS,922,140.47,0
2024-09-24,1000,"Davies, Castro and Gonzales Hospital",Lisabury,Maine,3,2,197,26,119,343,66,19,45,8,Chloroquine,Artemisinin,Primaquine,788,34.69,1
2024-09-25,1071,"Hood, Norton and Young Hospital",South Sarahview,California,4,2,294,60,265,471,64,28,61,46,Amoxicillin,Azithromycin,Cough Syrup,1470,56.26,1
2024-09-26,1051,Long-Campbell Hospital,Jamesstad,Kentucky,3,0,82,18,76,455,31,6,20,9,Chloroquine,Artemisinin,Primaquine,410,16.7,1
2024-09-27,1060,Ochoa-Jones Hospital,Port Brookeshire,Missouri,3,2,118,12,72,314,28,10,24,9,Chloroquine,Artemisinin,Primaquine,590,22.93,1
2024-09-28,1090,Rosales-Woodard Hospital,Henrymouth,New Mexico,3,0,91,11,64,411,43,6,16,3,Chloroquine,Artemisinin,Primaquine,364,15.57,1
2024-09-29,1047,Zavala-Brown Hospital,Doyleview,Montana,5,1,148,15,133,542,43,9,28,4,Ciprofloxacin,Azithromycin,ORS,740,24.54,1
2024-09-30,1090,Graham-Powell Hospital,Lake Nicholas,Delaware,3,1,256,53,172,152,74,25,45,26,Chloroquine,Artemisinin,Primaquine,768,113.16,0
2024-10-01,1023,Gonzalez LLC Hospital,Amberville,Idaho,5,1,144,23,100,233,38,16,24,7,Ciprofloxacin,Azithromycin,ORS,288,42.92,1
2024-10-02,1048,Alvarez LLC Hospital,Anthonyborough,Wisconsin,0,0,332,46,307,409,161,19,71,17,Remdesivir,Paracetamol,Oxygen Support,1328,75.06,2
2024-10-03,1059,"Sandoval, Bowen and Jackson Hospital",Brentberg,Ohio,0,2,83,6,55,123,27,6,19,3,Remdesivir,Paracetamol,Oxygen Support,415,44.72,1
2024-10-04,1062,"Gibbs, Hall and Horton Hospital",Juliebury,New York,4,2,230,24,218,191,101,18,42,17,Amoxicillin,Azithromycin,Cough Syrup,1150,114.14,0
2024-10-05,1014,Shaw-Miller Hospital,Christianport,Massachusetts,5,2,192,24,166,223,84,20,54,12,Ciprofloxacin,Azithromycin,ORS,576,74.44,2
2024-10-06,1051,"Estrada, Gomez and Delgado Hospital",Matthewmouth,Tennessee,4,0,482,47,348,337,161,56,121,34,Amoxicillin,Azithromycin,Cough Syrup,2410,103.26,0
2024-10-07,1000,West Ltd Hospital,Tylerhaven,Colorado,0,1,464,94,346,469,199,45,77,34,Remdesivir,Paracetamol,Oxygen Support,1856,73.77,2
2024-10-08,1024,Sandoval Ltd Hospital,Jenniferburgh,New York,1,2,282,67,241,531,81,29,61,30,ORS,Platelets,Paracetamol,564,45.39,1
2024-10-09,1025,"Lindsey, Williams and Mcdonald Hospital",Tylerfurt,New Mexico,0,1,357,62,242,509,133,34,88,38,Remdesivir,Paracetamol,Oxygen Support,1785,47.54,1
2024-10-10,1077,White-Simon Hospital,Thomasport,New Hampshire,1,2,254,53,164,208,70,25,45,36,ORS,Platelets,Paracetamol,508,78.85,2
2024-10-11,1078,Robertson Ltd Hospital,Craigton,Maine,3,2,143,17,131,459,61,10,37,5,Chloroquine,Artemisinin,Primaquine,572,28.54,1
2024-10-12,1025,Reynolds-Phillips Hospital,East Paul,Oklahoma,3,0,469,99,390,123,127,37,117,74,Chloroquine,Artemisinin,Primaquine,1876,317.07,0
2024-10-13,1017,Gillespie-Meyers Hospital,Allenland,Wyoming,5,2,441,106,416,517,158,49,108,58,Ciprofloxacin,Azithromycin,ORS,882,80.46,2
2024-10-14,1032,Velasquez-Ortega Hospital,Weavertown,Tennessee,5,1,407,62,324,468,168,45,68,46,Ciprofloxacin,Azithromycin,ORS,1221,69.23,2
2024-10-15,1057,Smith Ltd Hospital,Stevenburgh,New Hampshire,2,1,451,60,370,558,102,45,74,19,Paracetamol,Azithromycin,Vitamin C,1353,66.31,2
2024-10-16,1061,"Swanson, Arnold and Banks Hospital",New Brooke,Tennessee,3,1,380,89,353,133,93,39,89,67,Chloroquine,Artemisinin,Primaquine,1140,265.41,0
2024-10-17,1094,"Young, Jones and Moore Hospital",Aimeeburgh,New Hampshire,2,2,464,83,387,114,195,31,84,42,Paracetamol,Azithromycin,Vitamin C,928,339.47,0
2024-10-18,1003,Simpson PLC Hospital,Benjaminchester,Kentucky,0,2,161,28,148,226,70,14,27,10,Remdesivir,Paracetamol,Oxygen Support,483,65.49,2
2024-10-19,1087,Martin-Robles Hospital,Tylerbury,Maine,2,1,314,35,255,578,88,37,79,17,Paracetamol,Azithromycin,Vitamin C,1570,44.12,1
2024-10-20,1036,Peters-Long Hospital,Hopkinsmouth,Wisconsin,4,1,100,22,86,260,29,9,27,15,Amoxicillin,Azithromycin,Cough Syrup,200,33.08,1
2024-10-21,1069,Lyons Group Hospital,Johnstonberg,Arkansas,2,1,144,22,121,313,29,12,40,12,Paracetamol,Azithromycin,Vitamin C,576,38.66,1
2024-10-22,1013,Bennett-Chang Hospital,Bartlettberg,Hawaii,1,0,324,66,228,494,97,29,58,34,ORS,Platelets,Paracetamol,648,46.15,1
2024-10-23,1093,"Harrison, Palmer and Owens Hospital",Hayesfurt,Louisiana,5,1,308,74,244,246,108,29,83,37,Ciprofloxacin,Azithromycin,ORS,1540,99.19,0
2024-10-24,1039,Brown-Brown Hospital,Franklinbury,Virginia,3,0,245,34,230,387,51,19,59,22,Chloroquine,Artemisinin,Primaquine,1225,59.43,1
2024-10-25,1002,Williams PLC Hospital,Johnport,Tennessee,4,0,466,75,375,169,155,31,106,45,Amoxicillin,Azithromycin,Cough Syrup,932,221.89,0
2024-10-26,1035,"Simon, Sanchez and Johnson Hospital",Lake Veronica,West Virginia,1,1,235,41,182,351,47,15,51,24,ORS,Platelets,Paracetamol,470,51.85,1
2024-10-27,1012,Patton PLC Hospital,Hillfurt,Oregon,1,2,364,53,321,492,165,21,91,23,ORS,Platelets,Paracetamol,1092,65.24,2
2024-10-28,1002,"Beck, Hill and Martinez Hospital",South Savannahmouth,Georgia,2,2,370,66,281,555,114,27,88,40,Paracetamol,Azithromycin,Vitamin C,1110,50.63,1
2024-10-29,1012,Baker-Owens Hospital,West Arthurberg,North Dakota,0,2,477,94,302,106,204,40,101,34,Remdesivir,Paracetamol,Oxygen Support,1908,284.91,0
2024-10-30,1042,Jones-Brown Hospital,North Levitown,Nebraska,3,1,469,114,286,470,130,39,108,36,Chloroquine,Artemisinin,Primaquine,1407,60.85,1
2024-10-31,1048,"Miller, Martinez and Hernandez Hospital",Zhangland,Texas,3,2,191,26,172,140,91,9,42,13,Chloroquine,Artemisinin,Primaquine,382,122.86,0
2024-11-01,1042,Cisneros-Lee Hospital,East Juanchester,Arizona,1,1,54,5,41,354,11,5,10,1,ORS,Platelets,Paracetamol,270,11.58,1
2024-11-02,1095,"Austin, Carter and Cooper Hospital",Penningtonfurt,New Mexico,1,1,491,104,413,527,126,44,113,75,ORS,Platelets,Paracetamol,2455,78.37,2
2024-11-03,1038,Jones-Grant Hospital,Ashleybury,Georgia,5,1,88,11,81,126,41,6,24,7,Ciprofloxacin,Azithromycin,ORS,264,64.29,1
2024-11-04,1056,Wheeler-Trevino Hospital,Brandonchester,Texas,0,0,143,29,125,115,30,7,31,16,Remdesivir,Paracetamol,Oxygen Support,286,108.7,0
2024-11-05,1078,Ortiz-Fuller Hospital,West Scottmouth,Nebraska,0,2,362,75,291,356,93,23,74,55,Remdesivir,Paracetamol,Oxygen Support,1810,81.74,2
2024-11-06,1035,Stewart-Dawson Hospital,Erinhaven,Georgia,4,1,399,52,248,425,94,45,64,18,Amoxicillin,Azithromycin,Cough Syrup,1197,58.35,1
2024-11-07,1042,"Reed, Anthony and Roberts Hospital",East Jefferymouth,Indiana,0,1,323,39,249,593,155,30,63,12,Remdesivir,Paracetamol,Oxygen Support,646,41.99,1
2024-11-08,1001,Smith LLC Hospital,East Jose,West Virginia,1,1,64,8,44,488,15,5,16,2,ORS,Platelets,Paracetamol,128,9.02,1
2024-11-09,1001,Gardner-Anderson Hospital,Port Robert,Wyoming,5,0,184,23,113,301,81,17,43,8,Ciprofloxacin,Azithromycin,ORS,736,37.54,1
2024-11-10,1059,"Bailey, Zimmerman and Thompson Hospital",Hannahborough,Nevada,4,0,149,30,90,442,64,15,23,16,Amoxicillin,Azithromycin,Cough Syrup,298,20.36,1
2024-11-11,1079,Rivas-Gutierrez Hospital,Andersonchester,Rhode Island,2,2,183,20,135,379,46,9,35,13,Paracetamol,Azithromycin,Vitamin C,732,35.62,1
2024-11-12,1095,"Herrera, Jordan and Holt Hospital",North Lisafurt,Illinois,1,2,483,53,404,524,112,30,138,24,ORS,Platelets,Paracetamol,2415,77.1,2
2024-11-13,1070,"Christensen, Scott and Martinez Hospital",Longstad,Nebraska,0,1,335,54,286,342,92,19,86,32,Remdesivir,Paracetamol,Oxygen Support,1340,83.63,2
2024-11-14,1097,"Holland, Martin and Lara Hospital",New George,Alaska,1,0,398,73,305,332,147,19,94,34,ORS,Platelets,Paracetamol,1194,91.87,0
2024-11-15,1026,Chapman-Welch Hospital,Port Coreychester,Rhode Island,4,1,415,64,277,410,179,29,71,29,Amoxicillin,Azithromycin,Cough Syrup,1660,67.56,2
2024-11-16,1073,"Black, Perry and Friedman Hospital",West Codychester,Maine,0,2,140,33,90,582,37,10,38,20,Remdesivir,Paracetamol,Oxygen Support,700,15.46,1
2024-11-17,1088,"Liu, Young and Aguilar Hospital",Hoganhaven,Wisconsin,4,0,222,29,179,551,44,12,45,21,Amoxicillin,Azithromycin,Cough Syrup,888,32.49,1
2024-11-18,1017,Martin-Andersen Hospital,New Scottfort,Ohio,1,0,469,49,320,387,119,27,113,31,ORS,Platelets,Paracetamol,1407,82.69,2
2024-11-19,1028,Williams Group Hospital,Rebeccaburgh,Illinois,0,0,195,44,138,103,83,13,45,26,Remdesivir,Paracetamol,Oxygen Support,390,133.98,0
2024-11-20,1003,Stephens-Smith Hospital,Port Katie,Utah,5,0,154,25,143,364,43,9,38,17,Ciprofloxacin,Azithromycin,ORS,308,39.29,1
2024-11-21,1074,"Ayers, Evans and Weaver Hospital",Robertsmouth,North Dakota,3,2,357,64,333,498,145,31,67,31,Chloroquine,Artemisinin,Primaquine,1071,66.87,2
2024-11-22,1072,"Hall, Boyer and Simmons Hospital",West James,Maine,0,0,496,82,436,142,109,47,105,41,Remdesivir,Paracetamol,Oxygen Support,992,307.04,0
2024-11-23,1040,"Landry, Steele and Coleman Hospital",New Carolstad,Arizona,3,1,490,78,448,199,211,48,81,51,Chloroquine,Artemisinin,Primaquine,1470,225.13,0
2024-11-24,1011,Preston-Shaw Hospital,New Robinmouth,Utah,4,2,103,11,83,545,46,6,19,5,Amoxicillin,Azithromycin,Cough Syrup,515,15.23,1
2024-11-25,1044,"Thompson, Bentley and George Hospital",Glassberg,Oregon,0,1,177,32,115,132,53,12,27,23,Remdesivir,Paracetamol,Oxygen Support,708,87.12,0
2024-11-26,1091,"Gonzalez, Martinez and Hampton Hospital",Travischester,Maryland,3,1,266,63,189,266,124,16,43,23,Chloroquine,Artemisinin,Primaquine,798,71.05,2
2024-11-27,1055,Jones Group Hospital,Matthewmouth,Illinois,2,2,181,22,137,184,48,9,36,10,Paracetamol,Azithromycin,Vitamin C,905,74.46,2
2024-11-28,1092,"Owens, Boyd and Ball Hospital",New Douglaston,Delaware,0,2,65,6,48,144,15,4,16,4,Remdesivir,Paracetamol,Oxygen Support,130,33.33,1
2024-11-29,1001,"Livingston, Skinner and Evans Hospital",Catherinehaven,Arkansas,2,2,444,53,294,318,168,28,132,34,Paracetamol,Azithromycin,Vitamin C,1776,92.45,0
2024-11-30,1002,Cox Ltd Hospital,New Kristina,North Carolina,1,2,397,80,352,503,167,44,60,33,ORS,Platelets,Paracetamol,1985,69.98,2
2024-12-01,1058,Martin Ltd Hospital,Davidshire,New Hampshire,2,0,183,31,157,572,77,21,32,22,Paracetamol,Azithromycin,Vitamin C,549,27.45,1
2024-12-02,1096,"Richardson, Ware and Moore Hospital",South Barbara,South Carolina,4,1,312,73,277,437,106,25,57,49,Amoxicillin,Azithromycin,Cough Syrup,624,63.39,1
2024-12-03,1043,Simpson Ltd Hospital,Murilloshire,Nevada,3,0,244,25,180,117,113,15,45,16,Chloroquine,Artemisinin,Primaquine,1220,153.85,0
2024-12-04,1095,"Baker, Anthony and Russell Hospital",East Jeffrey,Maine,4,1,87,16,76,208,26,9,21,12,Amoxicillin,Azithromycin,Cough Syrup,174,36.54,1
2024-12-05,1095,"Mendoza, Nelson and Gonzalez Hospital",Port Jeremyburgh,Colorado,5,0,143,15,87,453,60,11,30,11,Ciprofloxacin,Azithromycin,ORS,572,19.21,1
2024-12-06,1048,Price-Ford Hospital,East Carrieton,Alabama,1,2,405,37,359,496,188,47,82,21,ORS,Platelets,Paracetamol,1620,72.38,2
2024-12-07,1000,Hall Ltd Hospital,Emilytown,Indiana,4,1,195,33,138,552,89,10,57,14,Amoxicillin,Azithromycin,Cough Syrup,780,25.0,1
2024-12-08,1099,Garcia Group Hospital,Edwardville,North Dakota,1,2,88,20,67,474,33,7,22,15,ORS,Platelets,Paracetamol,264,14.14,1
2024-12-09,1037,Nixon-Patterson Hospital,New Robertbury,Michigan,1,2,173,33,162,212,39,10,45,14,ORS,Platelets,Paracetamol,865,76.42,2
2024-12-10,1082,"Santana, Davenport and Walton Hospital",Tylertown,Montana,2,0,469,106,393,534,122,34,89,56,Paracetamol,Azithromycin,Vitamin C,1407,73.6,2
2024-12-11,1006,"Sutton, Ray and Turner Hospital",New David,Vermont,5,0,115,19,69,198,26,13,19,14,Ciprofloxacin,Azithromycin,ORS,230,34.85,1
2024-12-12,1024,"Velazquez, Jennings and Mason Hospital",Davisstad,Vermont,4,2,486,76,306,164,211,56,142,38,Amoxicillin,Azithromycin,Cough Syrup,2430,186.59,0
2024-12-13,1092,"Mcdaniel, Martin and Salinas Hospital",Benjaminfurt,Oregon,5,1,472,59,326,378,131,24,84,39,Ciprofloxacin,Azithromycin,ORS,1888,86.24,0
2024-12-14,1031,Ellis and Sons Hospital,South Rodneytown,Pennsylvania,1,1,119,24,76,265,25,6,21,14,ORS,Platelets,Paracetamol,595,28.68,1
2024-12-15,1012,Freeman-Johnson Hospital,West Brian,Pennsylvania,4,2,351,64,219,429,115,18,77,29,Amoxicillin,Azithromycin,Cough Syrup,1755,51.05,1
2024-12-16,1037,Lara-Garza Hospital,East Amandachester,Mississippi,1,2,361,70,263,558,154,28,69,52,ORS,Platelets,Paracetamol,1444,47.13,1
2024-12-17,1093,"Arias, Bell and Obrien Hospital",East Shawnfort,Vermont,1,0,302,64,209,340,74,22,49,37,ORS,Platelets,Paracetamol,604,61.47,1
2024-12-18,1081,"Doyle, Johnson and Morris Hospital",Cynthiachester,South Carolina,3,2,89,12,64,384,29,8,24,4,Chloroquine,Artemisinin,Primaquine,267,16.67,1
2024-12-19,1089,"Johnson, Maldonado and Cobb Hospital",Connermouth,Michigan,5,0,442,100,400,128,187,39,115,42,Ciprofloxacin,Azithromycin,ORS,884,312.5,0
2024-12-20,1005,Lewis-Stark Hospital,South Alexandrastad,Idaho,4,2,451,36,295,386,126,52,130,21,Amoxicillin,Azithromycin,Cough Syrup,1353,76.42,2
2024-12-21,1003,Smith PLC Hospital,Jacquelinefort,Nevada,4,1,323,48,230,395,155,26,76,36,Amoxicillin,Azithromycin,Cough Syrup,646,58.23,1
2024-12-22,1026,Mccoy-Brown Hospital,Margaretmouth,Oregon,1,2,144,34,90,106,34,16,39,23,ORS,Platelets,Paracetamol,720,84.91,2
2024-12-23,1079,Smith Group Hospital,South Karen,Idaho,2,0,435,36,344,163,111,41,116,17,Paracetamol,Azithromycin,Vitamin C,1305,211.04,0
2024-12-24,1043,Green-Lucas Hospital,Lake Janiceside,Delaware,1,0,406,93,332,173,151,30,99,36,ORS,Platelets,Paracetamol,1218,191.91,0
2024-12-25,1011,"Cameron, Thomas and Moore Hospital",East Teresa,Idaho,1,1,145,30,94,207,47,9,38,19,ORS,Platelets,Paracetamol,580,45.41,1
2024-12-26,1084,"Williams, Branch and Edwards Hospital",Lake Kennethton,Wyoming,0,0,146,34,106,231,50,8,31,22,Remdesivir,Paracetamol,Oxygen Support,292,45.89,1
2024-12-27,1048,White Group Hospital,Stevensville,Texas,1,1,437,93,340,190,170,38,125,48,ORS,Platelets,Paracetamol,2185,178.95,0
2024-12-28,1067,Romero and Sons Hospital,Costachester,Oregon,4,1,202,26,180,221,93,14,31,18,Amoxicillin,Azithromycin,Cough Syrup,1010,81.45,2
2024-12-29,1012,Bates LLC Hospital,Port Julie,Georgia,4,0,146,21,94,134,44,9,21,10,Amoxicillin,Azithromycin,Cough Syrup,438,70.15,2
2024-12-30,1087,"Leon, Carey and Yang Hospital",Lake Kimberly,Kansas,4,2,326,65,285,311,79,27,57,23,Amoxicillin,Azithromycin,Cough Syrup,1630,91.64,0
2024-01-01,1007,Fitzpatrick Ltd Hospital,Lake Matthew,Arkansas,0,1,326,66,231,382,114,16,88,20,Remdesivir,Paracetamol,Oxygen Support,652,60.47,1
2024-01-02,1064,Figueroa-Ho Hospital,West Erika,Delaware,4,2,387,54,251,153,91,31,94,38,Amoxicillin,Azithromycin,Cough Syrup,1548,164.05,0
2024-01-03,1016,Davis-Gray Hospital,Sandersmouth,Connecticut,2,2,365,42,225,217,168,42,97,20,Paracetamol,Azithromycin,Vitamin C,1825,103.69,0
2024-01-04,1064,Perkins PLC Hospital,Hillhaven,Nebraska,0,2,127,20,109,113,44,10,30,9,Remdesivir,Paracetamol,Oxygen Support,635,96.46,0
2024-01-05,1051,Johnson-Gutierrez Hospital,Port Anne,New Mexico,5,2,413,47,272,593,196,26,92,29,Ciprofloxacin,Azithromycin,ORS,1239,45.87,1
2024-01-06,1052,Hayes-Baker Hospital,East Rodney,South Carolina,2,2,408,81,333,125,102,20,93,31,Paracetamol,Azithromycin,Vitamin C,2040,266.4,0
2024-01-07,1010,Lee LLC Hospital,Amandafurt,Iowa,2,0,390,75,260,212,190,27,110,51,Paracetamol,Azithromycin,Vitamin C,780,122.64,0
2024-01-08,1092,"Leblanc, Graves and Ryan Hospital",Port Rickview,Washington,2,1,279,51,170,212,81,32,63,34,Paracetamol,Azithromycin,Vitamin C,1116,80.19,2
2024-01-09,1095,Grant-Taylor Hospital,East Julieborough,Kansas,3,0,124,25,116,407,54,12,25,17,Chloroquine,Artemisinin,Primaquine,620,28.5,1
2024-01-10,1054,Allen PLC Hospital,Alexischester,Utah,5,0,261,31,216,272,80,22,60,22,Ciprofloxacin,Azithromycin,ORS,783,79.41,2
2024-01-11,1017,Blackburn Ltd Hospital,Kathrynville,South Carolina,3,0,375,46,350,153,123,38,89,18,Chloroquine,Artemisinin,Primaquine,1875,228.76,0
2024-01-12,1092,Campbell and Sons Hospital,Patelhaven,Maryland,5,0,483,40,362,427,182,41,104,25,Ciprofloxacin,Azithromycin,ORS,1932,84.78,2
2024-01-13,1020,Mercado-Campbell Hospital,East Dawn,Massachusetts,5,1,444,77,358,304,183,51,103,38,Ciprofloxacin,Azithromycin,ORS,1776,117.76,0
2024-01-14,1018,"Edwards, Morgan and Savage Hospital",Johnview,South Carolina,0,0,477,40,403,334,196,36,76,18,Remdesivir,Paracetamol,Oxygen Support,1431,120.66,0
2024-01-15,1029,"Hunter, Taylor and Riggs Hospital",Chadchester,Arizona,4,1,495,46,447,460,134,31,74,26,Amoxicillin,Azithromycin,Cough Syrup,2475,97.17,0
2024-01-16,1094,Collins-Robertson Hospital,Lake Rachelborough,Indiana,5,2,397,41,289,265,139,40,116,31,Ciprofloxacin,Azithromycin,ORS,1985,109.06,0
2024-01-17,1022,Perez-Beck Hospital,Jacksonchester,Mississippi,0,0,491,104,339,121,147,30,80,79,Remdesivir,Paracetamol,Oxygen Support,1473,280.17,0
2024-01-18,1051,"Anderson, Collier and Hayes Hospital",Reedfurt,New Mexico,2,2,387,86,364,320,80,31,61,52,Paracetamol,Azithromycin,Vitamin C,1935,113.75,0
2024-01-19,1002,"Brown, Rojas and Hall Hospital",Christinaborough,Utah,3,1,496,80,443,429,215,34,97,39,Chloroquine,Artemisinin,Primaquine,2480,103.26,0
2024-01-20,1019,Thomas Ltd Hospital,New Patrick,Connecticut,3,0,477,79,433,327,106,46,99,52,Chloroquine,Artemisinin,Primaquine,1908,132.42,0
2024-01-21,1067,"Green, Flores and Ortega Hospital",Lake Stacieshire,Illinois,0,2,456,63,343,172,99,47,74,31,Remdesivir,Paracetamol,Oxygen Support,1824,199.42,0
2024-01-22,1057,"Moore, Hoffman and Martin Hospital",Lake Carol,Colorado,4,1,333,50,266,377,86,28,99,19,Amoxicillin,Azithromycin,Cough Syrup,999,70.56,2
2024-01-23,1005,Williams and Sons Hospital,West Benjamin,Mississippi,3,2,395,58,253,357,189,40,97,28,Chloroquine,Artemisinin,Primaquine,1975,70.87,2
2024-01-24,1094,Collins-Christensen Hospital,East Charlesland,Alaska,0,2,146,15,131,176,31,11,35,8,Remdesivir,Paracetamol,Oxygen Support,730,74.43,2
2024-01-25,1043,"Henry, Burton and Miles Hospital",New Pamelaside,New Jersey,2,2,124,25,104,300,30,7,35,18,Paracetamol,Azithromycin,Vitamin C,248,34.67,1
2024-01-26,1000,Lopez PLC Hospital,Port Ashley,Maryland,4,2,452,97,326,215,210,45,73,49,Amoxicillin,Azithromycin,Cough Syrup,1808,151.63,0
2024-01-27,1001,Wood Group Hospital,East Lindamouth,Arkansas,3,1,183,40,114,550,50,17,43,29,Chloroquine,Artemisinin,Primaquine,915,20.73,1
2024-01-28,1078,Dennis-Diaz Hospital,Stevensonburgh,California,1,0,306,46,222,221,130,34,45,17,ORS,Platelets,Paracetamol,612,100.45,0
2024-01-29,1036,Collins Inc Hospital,East Jenniferton,Maryland,3,0,419,99,290,287,190,38,107,41,Chloroquine,Artemisinin,Primaquine,1257,101.05,0
2024-01-30,1032,"Norton, Fowler and Vaughn Hospital",Johnsonmouth,Connecticut,3,1,208,43,188,181,81,15,39,21,Chloroquine,Artemisinin,Primaquine,1040,103.87,0
2024-01-31,1045,"Walker, Howard and Fleming Hospital",Ashleychester,Alaska,2,2,232,44,198,377,80,21,41,14,Paracetamol,Azithromycin,Vitamin C,1160,52.52,1
2024-02-01,1029,Mann Inc Hospital,Lindseyburgh,Arizona,3,2,461,68,425,132,163,43,82,38,Chloroquine,Artemisinin,Primaquine,922,321.97,0
2024-02-02,1091,Richardson Ltd Hospital,Nicoleshire,Connecticut,4,2,278,27,175,453,116,15,77,13,Amoxicillin,Azithromycin,Cough Syrup,1112,38.63,1
2024-02-03,1069,"Joyce, Griffin and Gonzalez Hospital",Port Samantha,Iowa,0,1,458,95,296,320,191,52,107,54,Remdesivir,Paracetamol,Oxygen Support,1832,92.5,0
2024-02-04,1081,Peterson-Luna Hospital,East Kimberlyhaven,New Jersey,4,1,184,23,112,245,72,18,48,8,Amoxicillin,Azithromycin,Cough Syrup,920,45.71,1
2024-02-05,1026,Nelson-Stevens Hospital,Port Crystalside,West Virginia,3,2,456,102,338,166,155,53,114,62,Chloroquine,Artemisinin,Primaquine,1368,203.61,0
2024-02-06,1020,Martinez-Morales Hospital,Fergusonstad,Rhode Island,1,1,345,67,327,598,90,28,97,22,ORS,Platelets,Paracetamol,1725,54.68,1
2024-02-07,1045,Jones Ltd Hospital,Clarktown,Vermont,2,0,478,112,293,558,137,46,72,64,Paracetamol,Azithromycin,Vitamin C,2390,52.51,1
2024-02-08,1077,"Phillips, Campbell and Williams Hospital",North Alexfurt,Maryland,2,0,477,74,385,215,200,36,124,45,Paracetamol,Azithromycin,Vitamin C,2385,179.07,0
2024-02-09,1096,Torres Group Hospital,Mathiston,Rhode Island,4,2,419,62,376,322,188,28,114,19,Amoxicillin,Azithromycin,Cough Syrup,838,116.77,0
2024-02-10,1013,Shelton Group Hospital,Port Rebeccatown,Virginia,3,2,278,23,177,175,60,30,57,11,Chloroquine,Artemisinin,Primaquine,1112,101.14,0
2024-02-11,1062,"Bautista, Tate and Nguyen Hospital",New Geraldstad,Oklahoma,2,0,303,33,245,198,90,20,53,19,Paracetamol,Azithromycin,Vitamin C,909,123.74,0
2024-02-12,1008,"Graves, Kramer and Martinez Hospital",South Ricardomouth,Massachusetts,1,2,279,60,184,286,120,27,69,46,ORS,Platelets,Paracetamol,1395,64.34,1
2024-02-13,1003,"Crawford, Peterson and Stewart Hospital",Port Debrastad,California,0,2,247,28,174,577,68,16,65,13,Remdesivir,Paracetamol,Oxygen Support,1235,30.16,1
2024-02-14,1084,Hill LLC Hospital,Jacobton,New Jersey,0,0,413,91,322,120,184,34,119,69,Remdesivir,Paracetamol,Oxygen Support,2065,268.33,0
2024-02-15,1043,Diaz-Jones Hospital,North Crystalchester,Missouri,2,2,208,36,176,531,45,18,62,12,Paracetamol,Azithromycin,Vitamin C,1040,33.15,1
2024-02-16,1090,Clay and Sons Hospital,Torresville,Minnesota,3,2,498,124,433,553,221,39,106,63,Chloroquine,Artemisinin,Primaquine,996,78.3,2
2024-02-17,1100,Martinez-Ferguson Hospital,New Patrick,Idaho,5,1,337,46,257,463,141,38,58,29,Ciprofloxacin,Azithromycin,ORS,674,55.51,1
2024-02-18,1002,Myers-White Hospital,West Patriciabury,Washington,3,0,112,26,74,386,23,6,29,13,Chloroquine,Artemisinin,Primaquine,224,19.17,1
2024-02-19,1025,Huffman Inc Hospital,Rachelchester,Arkansas,0,1,181,26,163,311,80,11,34,12,Remdesivir,Paracetamol,Oxygen Support,724,52.41,1
2024-02-20,1095,Rosales-Johnson Hospital,North Sarah,Oregon,1,1,458,68,371,398,104,37,77,54,ORS,Platelets,Paracetamol,916,93.22,0
2024-02-21,1080,Vargas-Campbell Hospital,West Tamara,Mississippi,4,2,178,15,134,350,52,15,37,4,Amoxicillin,Azithromycin,Cough Syrup,356,38.29,1
2024-02-22,1083,"Porter, King and Ford Hospital",Danielbury,Virginia,5,0,222,31,188,407,97,25,40,12,Ciprofloxacin,Azithromycin,ORS,444,46.19,1
2024-02-23,1092,Dawson-Davis Hospital,Lawrencetown,Connecticut,4,0,164,15,145,353,41,16,48,10,Amoxicillin,Azithromycin,Cough Syrup,492,41.08,1
2024-02-24,1091,"Allen, Cardenas and Stevenson Hospital",Hansenshire,Minnesota,5,0,278,32,251,458,114,32,62,21,Ciprofloxacin,Azithromycin,ORS,834,54.8,1
2024-02-25,1069,Brooks-Mckay Hospital,Brandonbury,Colorado,2,1,408,50,267,573,127,31,96,33,Paracetamol,Azithromycin,Vitamin C,1224,46.6,1
2024-02-26,1075,"Foster, Reynolds and Johnson Hospital",Ortizland,Michigan,3,0,290,51,190,424,78,16,64,38,Chloroquine,Artemisinin,Primaquine,580,44.81,1
2024-02-27,1067,"Graham, Kirby and Wallace Hospital",North Caitlin,Arkansas,4,0,228,47,173,344,65,17,36,18,Amoxicillin,Azithromycin,Cough Syrup,912,50.29,1
2024-02-28,1003,"Bradford, Schmidt and Simmons Hospital",Lake Jessicastad,Georgia,3,0,443,56,408,459,97,50,127,38,Chloroquine,Artemisinin,Primaquine,1772,88.89,0
2024-02-29,1055,"Fox, Wyatt and Steele Hospital",Murphyborough,Utah,5,0,259,51,245,262,100,16,53,23,Ciprofloxacin,Azithromycin,ORS,518,93.51,0
2024-03-01,1039,Bryant PLC Hospital,Alexandriamouth,Wisconsin,5,1,406,77,323,214,114,40,62,25,Ciprofloxacin,Azithromycin,ORS,2030,150.93,0
2024-03-02,1074,Hart-Good Hospital,New Lisa,Idaho,0,0,349,79,232,561,89,40,103,62,Remdesivir,Paracetamol,Oxygen Support,1396,41.35,1
2024-03-03,1083,"Morton, Gonzalez and Rodriguez Hospital",Walkerside,Indiana,3,2,409,72,336,234,166,41,86,31,Chloroquine,Artemisinin,Primaquine,1636,143.59,0
2024-03-04,1028,"Roberson, Lee and Adams Hospital",Lake Christopher,Virginia,1,1,77,9,51,319,32,3,17,4,ORS,Platelets,Paracetamol,154,15.99,1
2024-03-05,1083,Mendez Inc Hospital,South Jeffrey,Alaska,4,0,424,55,260,333,173,29,93,33,Amoxicillin,Azithromycin,Cough Syrup,1272,78.08,2
2024-03-06,1043,Cooper-Miller Hospital,Hartburgh,Alabama,5,0,325,71,205,312,134,38,56,40,Ciprofloxacin,Azithromycin,ORS,1300,65.71,2
2024-03-07,1004,Sanders-Curtis Hospital,Shawport,Iowa,3,2,218,18,171,503,53,25,60,10,Chloroquine,Artemisinin,Primaquine,872,34.0,1
2024-03-08,1044,Williams LLC Hospital,Reynoldsport,Rhode Island,3,0,320,50,289,113,108,19,60,18,Chloroquine,Artemisinin,Primaquine,640,255.75,0
2024-03-09,1013,Riley-Olson Hospital,Darlenemouth,Illinois,2,0,344,32,303,414,69,38,55,22,Paracetamol,Azithromycin,Vitamin C,1376,73.19,2
2024-03-10,1033,"Jensen, Walker and Cohen Hospital",West Vincentside,Delaware,2,0,148,28,139,488,54,13,40,14,Paracetamol,Azithromycin,Vitamin C,592,28.48,1
2024-03-11,1056,"James, Garcia and Barnes Hospital",Kellyberg,Arkansas,2,1,374,82,302,377,159,26,67,62,Paracetamol,Azithromycin,Vitamin C,748,80.11,2
2024-03-12,1084,Wade Group Hospital,Ricestad,Ohio,3,2,108,14,87,285,50,9,26,7,Chloroquine,Artemisinin,Primaquine,324,30.53,1
2024-03-13,1076,"Anderson, Medina and Moss Hospital",East Kenneth,Nevada,5,0,245,24,157,598,72,19,55,7,Ciprofloxacin,Azithromycin,ORS,1225,26.25,1
2024-03-14,1090,Miller-Martinez Hospital,North Monica,Georgia,1,0,272,58,252,301,123,29,66,39,ORS,Platelets,Paracetamol,1360,83.72,2
2024-03-15,1089,Turner LLC Hospital,Davisberg,West Virginia,4,1,453,48,368,254,102,53,89,35,Amoxicillin,Azithromycin,Cough Syrup,1812,144.88,0
2024-03-16,1072,Li-Fletcher Hospital,Bridgettown,Louisiana,5,2,235,47,158,444,86,19,35,14,Ciprofloxacin,Azithromycin,ORS,940,35.59,1
2024-03-17,1048,"Sawyer, Ware and Thompson Hospital",West Nathanberg,South Carolina,3,2,448,66,278,539,141,52,96,42,Chloroquine,Artemisinin,Primaquine,1792,51.58,1
2024-03-18,1023,Davis-Jackson Hospital,Jesusborough,Wyoming,1,2,456,93,344,440,208,42,80,62,ORS,Platelets,Paracetamol,912,78.18,2
2024-03-19,1009,Gray-Kane Hospital,Lake Ronaldton,Georgia,0,1,413,55,305,340,107,35,104,25,Remdesivir,Paracetamol,Oxygen Support,1239,89.71,0
2024-03-20,1043,Frazier PLC Hospital,Brianbury,Washington,1,0,276,48,173,337,107,17,41,25,ORS,Platelets,Paracetamol,552,51.34,1
2024-03-21,1058,"Duncan, Hunt and Vasquez Hospital",Herreraville,Texas,5,2,205,49,174,498,69,22,42,31,Ciprofloxacin,Azithromycin,ORS,1025,34.94,1
2024-03-22,1015,"Hunt, Williams and Sanchez Hospital",North James,Montana,5,1,494,111,307,562,241,24,114,80,Ciprofloxacin,Azithromycin,ORS,1482,54.63,1
2024-03-23,1042,Baxter-Cunningham Hospital,Mcclainfort,Alabama,0,2,486,102,336,149,114,30,82,37,Remdesivir,Paracetamol,Oxygen Support,1944,225.5,0
2024-03-24,1010,Schmidt PLC Hospital,Mirandaburgh,New Mexico,1,2,229,42,208,344,71,18,37,20,ORS,Platelets,Paracetamol,1145,60.47,1
2024-03-25,1040,"George, Thompson and Patel Hospital",Michaeltown,Louisiana,0,1,353,34,292,247,88,18,69,15,Remdesivir,Paracetamol,Oxygen Support,1765,118.22,0
2024-03-26,1040,Atkins and Sons Hospital,Jasonland,Pennsylvania,2,1,166,35,111,261,68,8,36,25,Paracetamol,Azithromycin,Vitamin C,332,42.53,1
2024-03-27,1097,Garcia-Sullivan Hospital,West Michael,South Dakota,2,0,61,7,56,134,22,6,12,3,Paracetamol,Azithromycin,Vitamin C,122,41.79,1
2024-03-28,1017,Barnett LLC Hospital,Morrisville,Utah,2,2,496,41,313,175,111,35,130,32,Paracetamol,Azithromycin,Vitamin C,1488,178.86,0
2024-03-29,1036,Wright Group Hospital,East Courtneybury,Connecticut,0,1,105,21,93,441,46,12,26,14,Remdesivir,Paracetamol,Oxygen Support,210,21.09,1
2024-03-30,1065,Cabrera-Torres Hospital,Port Christopherland,Alaska,4,0,292,46,218,545,124,23,65,34,Amoxicillin,Azithromycin,Cough Syrup,876,40.0,1
2024-03-31,1100,Bishop LLC Hospital,Reynoldsland,California,5,2,239,58,193,377,81,21,53,43,Ciprofloxacin,Azithromycin,ORS,956,51.19,1
2024-04-01,1067,"Taylor, Moss and Foster Hospital",Lake Sarah,Oklahoma,3,2,106,24,94,173,37,10,23,17,Chloroquine,Artemisinin,Primaquine,530,54.34,1
2024-04-02,1049,Elliott Ltd Hospital,Bakerton,California,2,2,51,7,34,189,19,3,8,4,Paracetamol,Azithromycin,Vitamin C,255,17.99,1
2024-04-03,1042,Curtis-Robinson Hospital,Michaelfort,Tennessee,2,0,320,67,281,327,99,25,69,20,Paracetamol,Azithromycin,Vitamin C,1600,85.93,0
2024-04-04,1042,"Hill, Taylor and Spencer Hospital",Courtneychester,Texas,2,2,263,62,238,231,90,21,64,30,Paracetamol,Azithromycin,Vitamin C,1052,103.03,0
2024-04-05,1008,Sawyer Ltd Hospital,Maciasshire,New Jersey,1,0,461,49,309,305,188,28,125,17,ORS,Platelets,Paracetamol,1383,101.31,0
2024-04-06,1004,"Smith, Dickson and Cruz Hospital",New Christybury,Texas,4,0,225,53,186,186,56,21,34,33,Amoxicillin,Azithromycin,Cough Syrup,450,100.0,0
2024-04-07,1044,Obrien Ltd Hospital,Sanchezberg,Missouri,2,1,164,26,102,444,78,18,34,13,Paracetamol,Azithromycin,Vitamin C,328,22.97,1
2024-04-08,1030,Ortiz-Weaver Hospital,Hillhaven,Arkansas,5,0,245,45,149,447,109,27,62,23,Ciprofloxacin,Azithromycin,ORS,1225,33.33,1
2024-04-09,1030,"Forbes, Valdez and Nguyen Hospital",Port Melissachester,Wyoming,2,1,268,48,203,238,95,25,42,26,Paracetamol,Azithromycin,Vitamin C,804,85.29,0
2024-04-10,1026,"Shaw, Hicks and Jacobson Hospital",Cooktown,Indiana,3,0,216,36,142,206,97,16,35,24,Chloroquine,Artemisinin,Primaquine,648,68.93,2
2024-04-11,1033,"Williams, Rice and Houston Hospital",East Derekberg,Iowa,2,1,343,82,277,478,89,27,101,27,Paracetamol,Azithromycin,Vitamin C,1715,57.95,1
2024-04-12,1089,Wood and Sons Hospital,Bushburgh,South Dakota,1,1,116,28,79,256,39,12,24,13,ORS,Platelets,Paracetamol,348,30.86,1
2024-04-13,1029,Sharp-Guzman Hospital,South Tanner,Georgia,2,0,157,13,143,579,75,9,45,7,Paracetamol,Azithromycin,Vitamin C,785,24.7,1
2024-04-14,1079,Johnson-Levine Hospital,East Kellyshire,Montana,0,2,56,7,44,125,15,5,8,2,Remdesivir,Paracetamol,Oxygen Support,224,35.2,1
2024-04-15,1044,Watson PLC Hospital,Cabreraland,Kansas,3,0,411,63,265,238,90,49,71,39,Chloroquine,Artemisinin,Primaquine,2055,111.34,0
2024-04-16,1049,Cortez-Davis Hospital,North Williammouth,Pennsylvania,0,0,423,49,308,381,187,37,63,17,Remdesivir,Paracetamol,Oxygen Support,1269,80.84,2
2024-04-17,1033,Price-Johnson Hospital,Dayview,Georgia,3,1,452,86,426,365,158,35,88,26,Chloroquine,Artemisinin,Primaquine,2260,116.71,0
2024-04-18,1088,Brown-Harris Hospital,New Dan,Massachusetts,1,2,88,21,66,343,24,5,21,15,ORS,Platelets,Paracetamol,264,19.24,1
2024-04-19,1093,Rojas-Kerr Hospital,North Brian,Washington,1,1,120,17,100,160,27,9,26,13,ORS,Platelets,Paracetamol,240,62.5,1
2024-04-20,1073,Rodgers PLC Hospital,East Gina,Alabama,3,1,141,29,115,328,50,12,29,19,Chloroquine,Artemisinin,Primaquine,423,35.06,1
2024-04-21,1073,"Stout, Curry and Johnson Hospital",West John,Pennsylvania,1,2,144,31,101,111,54,13,40,19,ORS,Platelets,Paracetamol,576,90.99,0
2024-04-22,1065,Brooks-Anderson Hospital,Jamesstad,New Mexico,2,2,142,31,121,424,64,14,41,13,Paracetamol,Azithromycin,Vitamin C,568,28.54,1
2024-04-23,1087,Harrington and Sons Hospital,Kristinshire,South Dakota,5,2,245,23,206,461,119,16,64,14,Ciprofloxacin,Azithromycin,ORS,980,44.69,1
2024-04-24,1041,Garcia-Martinez Hospital,Port David,Tennessee,1,1,251,50,152,372,118,23,74,25,ORS,Platelets,Paracetamol,1004,40.86,1
2024-04-25,1059,Burns Group Hospital,Jordanmouth,Idaho,5,1,234,44,213,237,92,24,47,27,Ciprofloxacin,Azithromycin,ORS,702,89.87,0
2024-04-26,1055,Lawrence-Hansen Hospital,Trujilloport,Wisconsin,4,0,335,50,290,517,75,40,62,28,Amoxicillin,Azithromycin,Cough Syrup,1675,56.09,1
2024-04-27,1026,Noble LLC Hospital,Johnhaven,Alabama,2,2,312,34,199,253,138,30,66,16,Paracetamol,Azithromycin,Vitamin C,624,78.66,2
2024-04-28,1060,"Mendez, Armstrong and Jones Hospital",Eatonberg,Tennessee,2,0,385,89,280,355,153,32,104,28,Paracetamol,Azithromycin,Vitamin C,1155,78.87,2
2024-04-29,1092,Romero-Blankenship Hospital,South Kristenfort,Maryland,4,2,101,20,71,392,25,7,24,8,Amoxicillin,Azithromycin,Cough Syrup,202,18.11,1
2024-04-30,1046,Jackson PLC Hospital,New Charles,Nevada,4,2,168,20,109,561,45,16,35,14,Amoxicillin,Azithromycin,Cough Syrup,336,19.43,1
2024-05-01,1049,Benson and Sons Hospital,Kerrbury,Minnesota,1,2,379,56,279,589,130,45,100,33,ORS,Platelets,Paracetamol,1895,47.37,1
2024-05-02,1065,"Stuart, Bishop and Prince Hospital",North Christopher,Washington,5,2,386,57,296,335,175,20,69,29,Ciprofloxacin,Azithromycin,ORS,1158,88.36,0
2024-05-03,1027,Davis-Johnson Hospital,South Mark,Rhode Island,2,1,310,70,285,318,137,33,83,27,Paracetamol,Azithromycin,Vitamin C,1240,89.62,0
2024-05-04,1061,Castillo-Robinson Hospital,Carrchester,Florida,0,1,490,54,411,102,244,41,130,18,Remdesivir,Paracetamol,Oxygen Support,2450,402.94,0
2024-05-05,1054,Calderon Inc Hospital,Lake Jessicaport,Minnesota,5,1,462,41,339,392,166,26,86,28,Ciprofloxacin,Azithromycin,ORS,1848,86.48,0
2024-05-06,1059,Bailey PLC Hospital,West Traci,Pennsylvania,3,1,487,46,331,307,234,50,113,23,Chloroquine,Artemisinin,Primaquine,2435,107.82,0
2024-05-07,1077,Mendez Ltd Hospital,Thomasville,South Dakota,4,1,105,10,79,298,51,6,22,5,Amoxicillin,Azithromycin,Cough Syrup,315,26.51,1
2024-05-08,1001,Simmons Inc Hospital,Brittneyville,Idaho,4,2,351,59,267,515,85,22,91,35,Amoxicillin,Azithromycin,Cough Syrup,1755,51.84,1
2024-05-09,1058,"Grimes, Munoz and Graham Hospital",Adamton,Nebraska,5,0,141,11,90,473,56,16,31,5,Ciprofloxacin,Azithromycin,ORS,705,19.03,1
2024-05-10,1046,Raymond-Carter Hospital,Joyceview,New Hampshire,4,0,216,45,161,171,92,16,33,22,Amoxicillin,Azithromycin,Cough Syrup,864,94.15,0
2024-05-11,1094,"Chavez, Marshall and Thompson Hospital",Lake Julieburgh,Missouri,1,0,299,42,215,509,85,23,74,19,ORS,Platelets,Paracetamol,598,42.24,1
2024-05-12,1031,Cooper Inc Hospital,Ballardshire,North Carolina,4,1,455,46,284,341,218,42,78,15,Amoxicillin,Azithromycin,Cough Syrup,910,83.28,2
2024-05-13,1044,Garcia-Brown Hospital,Kelliview,Utah,3,2,70,14,60,490,22,8,18,6,Chloroquine,Artemisinin,Primaquine,350,12.24,1
2024-05-14,1050,"Lee, Wells and Powell Hospital",Ericksonton,South Dakota,4,2,290,43,259,572,141,28,54,27,Amoxicillin,Azithromycin,Cough Syrup,1450,45.28,1
2024-05-15,1075,"Curtis, Flores and Macias Hospital",West Linda,Michigan,0,0,468,86,428,467,114,34,127,51,Remdesivir,Paracetamol,Oxygen Support,1404,91.65,0
2024-05-16,1074,Jackson Group Hospital,Georgeberg,Indiana,2,1,199,36,163,546,76,21,34,26,Paracetamol,Azithromycin,Vitamin C,597,29.85,1
2024-05-17,1092,Park PLC Hospital,West Kim,Montana,4,0,425,95,373,413,132,22,84,48,Amoxicillin,Azithromycin,Cough Syrup,1700,90.31,0
2024-05-18,1043,Suarez-Watson Hospital,Blanchardton,Connecticut,1,2,417,95,299,470,158,47,70,59,ORS,Platelets,Paracetamol,2085,63.62,1
2024-05-19,1100,Mills LLC Hospital,Lake Rodney,Indiana,1,2,316,56,197,138,87,23,60,36,ORS,Platelets,Paracetamol,632,142.75,0
2024-05-20,1096,"Smith, Smith and Williams Hospital",Hallfurt,Arkansas,1,0,299,24,256,341,107,25,55,12,ORS,Platelets,Paracetamol,598,75.07,2
2024-05-21,1024,"Cruz, Lopez and Hunt Hospital",New Barbaraland,Mississippi,0,2,458,93,340,585,219,28,108,57,Remdesivir,Paracetamol,Oxygen Support,2290,58.12,1
2024-05-22,1090,"Duncan, Mcintyre and Diaz Hospital",Lake Matthew,New Hampshire,5,0,172,22,163,146,81,10,45,12,Ciprofloxacin,Azithromycin,ORS,860,111.64,0
2024-05-23,1002,Allison-Jackson Hospital,North Jessicabury,Pennsylvania,1,1,454,45,363,294,103,35,99,23,ORS,Platelets,Paracetamol,908,123.47,0
2024-05-24,1092,Miller-Gray Hospital,West Melissa,Pennsylvania,0,0,167,19,136,470,48,17,34,6,Remdesivir,Paracetamol,Oxygen Support,668,28.94,1
2024-05-25,1073,"Chan, Durham and Martinez Hospital",New Ronald,Delaware,0,1,270,24,253,531,74,18,70,13,Remdesivir,Paracetamol,Oxygen Support,810,47.65,1
2024-05-26,1021,Tyler-Gonzalez Hospital,West Brandonstad,Iowa,5,1,172,30,119,551,54,9,26,12,Ciprofloxacin,Azithromycin,ORS,344,21.6,1
2024-05-27,1072,"Allen, White and Wilson Hospital",Lake Nicholas,Hawaii,2,2,83,8,70,267,22,8,23,2,Paracetamol,Azithromycin,Vitamin C,415,26.22,1
2024-05-28,1063,Cox-Johnson Hospital,Lake David,Delaware,5,2,470,98,337,230,148,24,100,65,Ciprofloxacin,Azithromycin,ORS,940,146.52,0
2024-05-29,1079,White PLC Hospital,Brianburgh,West Virginia,3,0,400,54,282,241,195,39,90,28,Chloroquine,Artemisinin,Primaquine,2000,117.01,0
2024-05-30,1070,Trujillo-Silva Hospital,Lake Carrie,Colorado,2,1,205,37,135,205,64,21,61,17,Paracetamol,Azithromycin,Vitamin C,820,65.85,2
2024-05-31,1049,Carter Group Hospital,Andrewbury,New Mexico,5,1,207,22,150,530,70,19,38,16,Ciprofloxacin,Azithromycin,ORS,828,28.3,1
2024-06-01,1053,"Brown, Allen and Carter Hospital",North Christopher,Maine,3,1,129,10,113,296,42,7,35,3,Chloroquine,Artemisinin,Primaquine,516,38.18,1
2024-06-02,1000,Arnold-Johnston Hospital,Port Jessica,North Dakota,3,1,59,12,41,209,13,3,13,7,Chloroquine,Artemisinin,Primaquine,118,19.62,1
2024-06-03,1033,Vasquez PLC Hospital,North Josebury,Alaska,5,2,283,36,206,348,118,22,51,11,Ciprofloxacin,Azithromycin,ORS,1132,59.2,1
2024-06-04,1057,Martin PLC Hospital,Johnmouth,New Hampshire,1,0,384,80,307,348,93,35,100,50,ORS,Platelets,Paracetamol,1152,88.22,0
2024-06-05,1094,Smith-Vargas Hospital,Port Nicholasburgh,Minnesota,4,1,93,16,84,444,28,7,20,12,Amoxicillin,Azithromycin,Cough Syrup,465,18.92,1
2024-06-06,1078,Walker Group Hospital,Port Seanborough,Kansas,0,2,184,19,143,396,45,19,47,8,Remdesivir,Paracetamol,Oxygen Support,920,36.11,1
2024-06-07,1017,Collins-Green Hospital,Ashleefort,Missouri,5,2,146,20,113,587,62,16,28,9,Ciprofloxacin,Azithromycin,ORS,438,19.25,1
2024-06-08,1037,Hawkins Ltd Hospital,New Amber,New Jersey,0,0,207,38,146,234,65,23,36,28,Remdesivir,Paracetamol,Oxygen Support,1035,62.39,1
2024-06-09,1097,Jenkins Group Hospital,South Kelly,New Jersey,5,2,253,50,182,594,103,21,47,25,Ciprofloxacin,Azithromycin,ORS,1265,30.64,1
2024-06-10,1096,"Taylor, Sandoval and Barnes Hospital",Port Adrianstad,Maine,3,2,277,64,183,362,82,32,82,39,Chloroquine,Artemisinin,Primaquine,554,50.55,1
2024-06-11,1006,Bennett-Fox Hospital,North Martin,Arizona,4,0,203,29,152,370,58,13,53,11,Amoxicillin,Azithromycin,Cough Syrup,1015,41.08,1
2024-06-12,1029,White-Adams Hospital,Port Corey,Nevada,3,1,444,75,406,341,124,33,108,29,Chloroquine,Artemisinin,Primaquine,2220,119.06,0
2024-06-13,1039,Small-Taylor Hospital,South Angelashire,Illinois,3,0,216,41,203,266,52,21,51,22,Chloroquine,Artemisinin,Primaquine,648,76.32,2
2024-06-14,1029,Williamson-Howard Hospital,Port Tina,Montana,2,2,262,56,231,422,82,28,39,30,Paracetamol,Azithromycin,Vitamin C,1048,54.74,1
2024-06-15,1039,Marshall Group Hospital,Lake Adam,Mississippi,4,2,263,33,186,190,69,23,66,21,Amoxicillin,Azithromycin,Cough Syrup,1315,97.89,0
2024-06-16,1051,"Neal, Brown and Coleman Hospital",South Keithchester,Rhode Island,0,1,471,116,381,141,138,25,130,69,Remdesivir,Paracetamol,Oxygen Support,1884,270.21,0
2024-06-17,1054,Irwin-Ritter Hospital,Samuelchester,Utah,3,1,116,18,109,420,36,10,23,13,Chloroquine,Artemisinin,Primaquine,464,25.95,1
2024-06-18,1009,"Hayes, Duffy and Morrison Hospital",East Robertland,Vermont,3,1,143,26,108,584,64,13,39,19,Chloroquine,Artemisinin,Primaquine,286,18.49,1
2024-06-19,1001,Rich-Johnson Hospital,North Ryanfort,Michigan,4,0,438,71,308,522,152,24,69,23,Amoxicillin,Azithromycin,Cough Syrup,1314,59.0,1
2024-06-20,1099,"Morse, Dunn and Mcintyre Hospital",West Christinabury,Connecticut,1,2,482,59,312,374,170,28,136,25,ORS,Platelets,Paracetamol,964,83.42,2
2024-06-21,1062,Green-Lawson Hospital,Thomasfurt,Texas,4,1,458,99,372,587,187,32,77,58,Amoxicillin,Azithromycin,Cough Syrup,916,63.37,1
2024-06-22,1008,Holden Inc Hospital,South Richard,Alabama,0,1,193,31,116,473,67,14,36,11,Remdesivir,Paracetamol,Oxygen Support,772,24.52,1
2024-06-23,1003,Smith-Myers Hospital,Susanberg,Wyoming,3,2,409,35,323,590,155,42,114,11,Chloroquine,Artemisinin,Primaquine,1227,54.75,1
2024-06-24,1026,"Gomez, Sellers and Freeman Hospital",New Christineland,Missouri,3,2,280,33,217,219,101,21,57,25,Chloroquine,Artemisinin,Primaquine,1120,99.09,0
2024-06-25,1025,"Clark, Singleton and Curtis Hospital",Davidton,New Hampshire,4,0,473,68,406,431,113,36,122,24,Amoxicillin,Azithromycin,Cough Syrup,1419,94.2,0
2024-06-26,1011,"Barr, Hardin and Wright Hospital",Toddstad,Nebraska,4,2,211,39,183,494,62,18,62,14,Amoxicillin,Azithromycin,Cough Syrup,633,37.04,1
2024-06-27,1096,Green PLC Hospital,South Richardburgh,Nebraska,3,0,305,26,221,384,127,22,51,19,Chloroquine,Artemisinin,Primaquine,915,57.55,1
2024-06-28,1099,"Miles, Collins and Torres Hospital",Christianfort,South Carolina,3,1,157,38,110,484,77,10,45,12,Chloroquine,Artemisinin,Primaquine,628,22.73,1
2024-06-29,1025,"Colon, Kemp and Rice Hospital",Garciastad,California,0,0,355,48,229,593,121,35,85,25,Remdesivir,Paracetamol,Oxygen Support,1775,38.62,1
2024-06-30,1073,Porter LLC Hospital,North Ronald,Ohio,4,0,199,44,143,348,50,16,46,21,Amoxicillin,Azithromycin,Cough Syrup,597,41.09,1
2024-07-01,1048,Dixon-Hayes Hospital,North Mirandaport,Arizona,3,1,437,77,327,252,92,26,117,59,Chloroquine,Artemisinin,Primaquine,1311,129.76,0
2024-07-02,1057,Webster PLC Hospital,West Kathymouth,Hawaii,3,2,369,56,254,257,131,22,95,20,Chloroquine,Artemisinin,Primaquine,1845,98.83,0
2024-07-03,1090,Allen Ltd Hospital,West Johnborough,Tennessee,2,2,152,26,117,529,66,13,26,17,Paracetamol,Azithromycin,Vitamin C,760,22.12,1
2024-07-04,1017,Murphy Inc Hospital,Margaretside,Colorado,5,1,292,25,241,300,125,32,65,16,Ciprofloxacin,Azithromycin,ORS,1460,80.33,2
2024-07-05,1037,Kerr Group Hospital,Lake Dustinside,South Dakota,1,2,477,38,405,208,120,33,123,26,ORS,Platelets,Paracetamol,2385,194.71,0
2024-07-06,1039,"Arroyo, Juarez and Hayes Hospital",Baldwinborough,New Hampshire,1,0,220,24,137,313,109,17,49,17,ORS,Platelets,Paracetamol,440,43.77,1
2024-07-07,1034,Grant Group Hospital,Lake Lisabury,Oregon,4,2,384,82,325,250,89,23,67,44,Amoxicillin,Azithromycin,Cough Syrup,1152,130.0,0
2024-07-08,1068,Sanders-Meyer Hospital,Robinfurt,Utah,3,1,102,19,64,479,42,6,15,8,Chloroquine,Artemisinin,Primaquine,204,13.36,1
2024-07-09,1058,Carpenter-Lane Hospital,West Jeffrey,Montana,2,1,367,50,341,204,171,20,107,22,Paracetamol,Azithromycin,Vitamin C,1468,167.16,0
2024-07-10,1006,Torres PLC Hospital,Port Audreyhaven,South Carolina,2,1,349,38,250,541,151,19,53,23,Paracetamol,Azithromycin,Vitamin C,1745,46.21,1
2024-07-11,1027,"Parrish, Wise and Peterson Hospital",Danielshire,Wyoming,4,2,85,9,58,115,33,7,13,3,Amoxicillin,Azithromycin,Cough Syrup,340,50.43,1
2024-07-12,1006,"Collins, Brennan and Jones Hospital",New Linda,Kansas,5,1,65,5,49,550,19,5,13,3,Ciprofloxacin,Azithromycin,ORS,195,8.91,1
2024-07-13,1071,"Wright, Johnson and Mcmahon Hospital",Lake Paulview,Rhode Island,3,2,184,21,161,410,70,10,47,12,Chloroquine,Artemisinin,Primaquine,920,39.27,1
2024-07-14,1010,"Koch, Gonzalez and Brown Hospital",Mcmahontown,Kentucky,4,1,74,10,60,482,21,8,20,3,Amoxicillin,Azithromycin,Cough Syrup,222,12.45,1
2024-07-15,1074,Santos Inc Hospital,Reidstad,Louisiana,3,2,51,5,43,101,17,6,9,2,Chloroquine,Artemisinin,Primaquine,204,42.57,1
2024-07-16,1059,Nichols-Williamson Hospital,West Dustinland,Tennessee,4,0,167,24,116,329,34,15,41,13,Amoxicillin,Azithromycin,Cough Syrup,835,35.26,1
2024-07-17,1062,Cook-Lewis Hospital,Port Anne,Wyoming,5,0,285,37,180,520,141,28,56,12,Ciprofloxacin,Azithromycin,ORS,1425,34.62,1
2024-07-18,1089,Lamb LLC Hospital,South Denise,Mississippi,1,1,383,39,265,256,84,32,72,22,ORS,Platelets,Paracetamol,1532,103.52,0
2024-07-19,1100,Travis-Evans Hospital,Samanthamouth,Delaware,3,2,67,14,61,143,26,7,17,7,Chloroquine,Artemisinin,Primaquine,268,42.66,1
2024-07-20,1029,Davis PLC Hospital,Troymouth,Wyoming,1,1,255,37,158,448,98,23,45,21,ORS,Platelets,Paracetamol,510,35.27,1
2024-07-21,1043,Bell-Foley Hospital,East Jeffreyside,Connecticut,5,0,244,54,230,547,116,12,40,18,Ciprofloxacin,Azithromycin,ORS,976,42.05,1
2024-07-22,1071,Burns Inc Hospital,North John,Virginia,4,2,298,31,273,590,78,15,61,11,Amoxicillin,Azithromycin,Cough Syrup,894,46.27,1
2024-07-23,1075,Price and Sons Hospital,West Stephanie,Kansas,4,2,349,59,214,189,114,31,77,37,Amoxicillin,Azithromycin,Cough Syrup,698,113.23,0
2024-07-24,1044,Robinson-Allen Hospital,Morrisfort,New Jersey,1,1,167,31,105,242,56,18,27,16,ORS,Platelets,Paracetamol,334,43.39,1
2024-07-25,1043,Sanchez-Smith Hospital,Danielstad,West Virginia,3,2,76,12,52,330,27,6,18,7,Chloroquine,Artemisinin,Primaquine,152,15.76,1
2024-07-26,1047,Murphy-Krueger Hospital,Anneview,Connecticut,5,0,336,64,266,125,150,17,96,46,Ciprofloxacin,Azithromycin,ORS,1344,212.8,0
2024-07-27,1062,Kelley-Perez Hospital,East Joshua,Rhode Island,4,1,337,56,292,298,108,24,66,20,Amoxicillin,Azithromycin,Cough Syrup,1685,97.99,0
2024-07-28,1002,Mills-Carpenter Hospital,Marcusside,Arkansas,4,0,237,27,147,583,101,26,41,13,Amoxicillin,Azithromycin,Cough Syrup,711,25.21,1
2024-07-29,1034,Reeves Ltd Hospital,Steeleton,Idaho,3,1,320,72,303,154,151,21,86,52,Chloroquine,Artemisinin,Primaquine,960,196.75,0
2024-07-30,1078,Jackson-Turner Hospital,West Elizabeth,Wisconsin,2,1,277,60,181,395,89,23,78,40,Paracetamol,Azithromycin,Vitamin C,831,45.82,1
2024-07-31,1001,Harper-Conner Hospital,Michaelport,Minnesota,0,0,375,57,246,585,77,36,64,18,Remdesivir,Paracetamol,Oxygen Support,1125,42.05,1
2024-08-01,1089,"Hanson, Garcia and Torres Hospital",East Timothyport,Colorado,2,2,343,64,265,393,146,27,98,49,Paracetamol,Azithromycin,Vitamin C,1372,67.43,2
2024-08-02,1030,"Roberts, Walker and Wright Hospital",New Brett,New York,3,0,334,51,293,359,148,27,79,24,Chloroquine,Artemisinin,Primaquine,1670,81.62,2
2024-08-03,1070,Miller-Campbell Hospital,Evanschester,New York,4,0,433,82,386,332,209,25,83,56,Amoxicillin,Azithromycin,Cough Syrup,866,116.27,0
2024-08-04,1023,Nunez Inc Hospital,East Victoriafort,Arizona,4,2,392,68,241,526,130,29,74,45,Amoxicillin,Azithromycin,Cough Syrup,784,45.82,1
2024-08-05,1009,Roberts-Smith Hospital,South Sherry,Florida,0,1,318,30,220,180,78,21,81,16,Remdesivir,Paracetamol,Oxygen Support,636,122.22,0
2024-08-06,1012,"Price, Hill and Gonzalez Hospital",North Bruce,New York,1,1,98,24,63,255,37,10,26,10,ORS,Platelets,Paracetamol,196,24.71,1
2024-08-07,1094,Lopez LLC Hospital,Kyleburgh,Arkansas,2,2,106,15,88,248,31,10,17,10,Paracetamol,Azithromycin,Vitamin C,530,35.48,1
2024-08-08,1100,"Kerr, Singh and Schwartz Hospital",Philipton,Connecticut,3,0,452,43,410,172,213,43,80,20,Chloroquine,Artemisinin,Primaquine,904,238.37,0
2024-08-09,1089,Hunt-Chan Hospital,Peggyport,Georgia,2,1,372,65,273,182,158,20,94,48,Paracetamol,Azithromycin,Vitamin C,744,150.0,0
2024-08-10,1036,Mcintosh-Cannon Hospital,Gilesmouth,Maryland,1,2,430,67,367,503,160,30,92,39,ORS,Platelets,Paracetamol,860,72.96,2
2024-08-11,1042,"Gray, Mann and Ramirez Hospital",Lake Hannah,South Dakota,0,2,353,64,320,137,135,29,84,29,Remdesivir,Paracetamol,Oxygen Support,1765,233.58,0
2024-08-12,1056,Graves Group Hospital,Lake Daniel,Arkansas,0,0,149,25,91,310,59,13,29,10,Remdesivir,Paracetamol,Oxygen Support,596,29.35,1
2024-08-13,1099,"Wolfe, Mcconnell and Jones Hospital",Ericport,Nebraska,5,1,318,74,291,590,104,21,58,27,Ciprofloxacin,Azithromycin,ORS,636,49.32,1
2024-08-14,1089,Jones Group Hospital,West Jonathanview,New York,2,0,490,47,375,487,244,46,84,28,Paracetamol,Azithromycin,Vitamin C,980,77.0,2
2024-08-15,1100,Hamilton Group Hospital,Pearsonfurt,Arizona,1,1,166,35,103,372,46,17,40,15,ORS,Platelets,Paracetamol,830,27.69,1
2024-08-16,1040,Randolph PLC Hospital,East Kenneth,New Mexico,0,2,478,70,446,371,122,30,138,55,Remdesivir,Paracetamol,Oxygen Support,1434,120.22,0
2024-08-17,1022,Williamson-Shelton Hospital,Davidside,Utah,4,2,130,21,97,187,35,14,28,10,Amoxicillin,Azithromycin,Cough Syrup,520,51.87,1
2024-08-18,1065,"Palmer, West and Simmons Hospital",West Thomas,Iowa,2,2,144,34,106,535,41,12,42,24,Paracetamol,Azithromycin,Vitamin C,288,19.81,1
2024-08-19,1088,Meyer Inc Hospital,South Lisaview,Washington,1,2,187,25,153,475,68,18,42,19,ORS,Platelets,Paracetamol,561,32.21,1
2024-08-20,1056,"Goodman, Wilson and Peck Hospital",New Albert,Montana,2,1,118,26,87,337,50,7,29,12,Paracetamol,Azithromycin,Vitamin C,236,25.82,1
2024-08-21,1071,Lee PLC Hospital,Richardmouth,Indiana,2,1,259,34,236,381,60,19,45,22,Paracetamol,Azithromycin,Vitamin C,1036,61.94,1
2024-08-22,1000,"Bryan, Marsh and Erickson Hospital",Whitefurt,Massachusetts,3,2,434,85,315,222,150,42,117,56,Chloroquine,Artemisinin,Primaquine,868,141.89,0
2024-08-23,1039,Carroll and Sons Hospital,Cookfort,North Dakota,5,0,428,93,286,311,105,27,96,59,Ciprofloxacin,Azithromycin,ORS,856,91.96,0
2024-08-24,1070,Rodriguez-Gonzalez Hospital,South Richard,New Hampshire,4,2,311,68,212,324,92,26,54,31,Amoxicillin,Azithromycin,Cough Syrup,933,65.43,2
2024-08-25,1078,Stuart-Huffman Hospital,Pughfort,Arkansas,3,1,156,32,120,116,44,12,30,19,Chloroquine,Artemisinin,Primaquine,312,103.45,0
2024-08-26,1015,Kim-Martinez Hospital,North Martinchester,Alabama,2,1,218,53,133,534,66,12,35,37,Paracetamol,Azithromycin,Vitamin C,654,24.91,1
2024-08-27,1009,"Hernandez, Martin and Coleman Hospital",Samuelborough,Ohio,2,0,428,88,403,114,141,22,90,47,Paracetamol,Azithromycin,Vitamin C,1284,353.51,0
2024-08-28,1007,Cameron Ltd Hospital,Martinton,Arizona,4,2,141,21,96,191,31,13,35,8,Amoxicillin,Azithromycin,Cough Syrup,564,50.26,1
2024-08-29,1041,Dixon Inc Hospital,Figueroaton,Massachusetts,1,1,205,36,182,468,69,20,40,22,ORS,Platelets,Paracetamol,1025,38.89,1
2024-08-30,1008,"Bailey, Rodriguez and Henry Hospital",Barbermouth,Wyoming,3,2,96,15,62,453,38,9,23,10,Chloroquine,Artemisinin,Primaquine,480,13.69,1
2024-08-31,1022,Henson Inc Hospital,West Amandaport,Connecticut,5,0,76,12,54,531,36,3,21,8,Ciprofloxacin,Azithromycin,ORS,228,10.17,1
2024-09-01,1021,Valdez-Monroe Hospital,Ericashire,Pennsylvania,1,2,163,13,136,473,42,9,26,4,ORS,Platelets,Paracetamol,815,28.75,1
2024-09-02,1011,Doyle PLC Hospital,Ravenbury,South Carolina,2,0,460,68,381,465,196,50,102,49,Paracetamol,Azithromycin,Vitamin C,1840,81.94,2
2024-09-03,1064,Gardner Inc Hospital,Dianaborough,Texas,2,0,465,102,322,179,109,51,103,48,Paracetamol,Azithromycin,Vitamin C,1395,179.89,0
2024-09-04,1066,Marsh-Levine Hospital,Lake Joshua,Alabama,5,1,169,31,125,201,74,11,38,19,Ciprofloxacin,Azithromycin,ORS,676,62.19,1
2024-09-05,1043,Rivera-Jenkins Hospital,Port Larrystad,Tennessee,3,2,497,122,303,594,183,51,83,69,Chloroquine,Artemisinin,Primaquine,2485,51.01,1
2024-09-06,1092,"Lester, Lang and Cox Hospital",North Rebekahmouth,Kentucky,3,1,284,59,193,575,109,15,60,36,Chloroquine,Artemisinin,Primaquine,1136,33.57,1
2024-09-07,1001,Mccarthy PLC Hospital,Port Amberhaven,Virginia,3,0,358,79,270,521,154,32,68,48,Chloroquine,Artemisinin,Primaquine,1790,51.82,1
2024-09-08,1076,Graves-May Hospital,New Stuartfurt,Oklahoma,1,0,300,57,258,350,107,15,65,24,ORS,Platelets,Paracetamol,1200,73.71,2
2024-09-09,1013,Curtis-Vasquez Hospital,East Donald,Maine,2,0,153,36,97,297,71,9,44,19,Paracetamol,Azithromycin,Vitamin C,612,32.66,1
2024-09-10,1023,Martinez Inc Hospital,Mcdonaldhaven,Kansas,2,0,366,89,253,230,165,36,94,55,Paracetamol,Azithromycin,Vitamin C,1464,110.0,0
2024-09-11,1048,"Shepherd, Clarke and Green Hospital",Port Davidton,Texas,0,0,480,70,427,169,155,53,98,28,Remdesivir,Paracetamol,Oxygen Support,1440,252.66,0
